[21:11:37] Workspace: C:\workspace
[21:11:37] Binary: kataglyphis_rustprojecttemplate
[21:11:37] MSIX: Kataglyphis.RustProjectTemplate

[21:11:37] >>> Starting: Verify Toolchain
[21:11:37] ============================================================
[21:11:37] CMD: rustup --version
[21:11:38] rustup 1.29.0 (28d1352db 2026-03-05)
[21:11:38] info: This is the version for the rustup toolchain manager, not the rustc compiler.
[21:11:38] info: the currently active `rustc` version is `rustc 1.94.1 (e408947bf 2026-03-25)`
[21:11:38] CMD: cargo --version
[21:11:39] cargo 1.94.1 (29ea6fb6a 2026-03-24)
[21:11:39] SUCCESS: <<< Completed: Verify Toolchain (Duration: 00:02.142)

[21:11:39] >>> Starting: Security Checks (audit & deny)
[21:11:39] ============================================================
[21:11:39] CMD: cargo install --locked cargo-audit cargo-deny
[21:38:15]     Updating crates.io index
[21:38:15]  Downloading crates ...
[21:38:15]   Downloaded cargo-audit v0.22.1
[21:38:15]     Updating crates.io index
[21:38:15]  Downloading crates ...
[21:38:15]   Downloaded cargo-deny v0.19.0
[21:38:15]   Installing cargo-audit v0.22.1
[21:38:15]     Updating crates.io index
[21:38:15]     Updating crates.io index
[21:38:15]  Downloading crates ...
[21:38:15]   Downloaded auditable-extract v0.3.5
[21:38:15]   Downloaded digest v0.10.7
[21:38:15]   Downloaded gix-prompt v0.13.0
[21:38:15]   Downloaded ident_case v1.0.1
[21:38:15]   Downloaded num-conv v0.1.0
[21:38:15]   Downloaded home v0.5.11
[21:38:15]   Downloaded futures-util v0.3.31
[21:38:15]   Downloaded io-close v0.3.7
[21:38:15]   Downloaded gix-lock v21.0.0
[21:38:15]   Downloaded gix-hashtable v0.12.0
[21:38:15]   Downloaded kstring v2.0.2
[21:38:15]   Downloaded quitters v0.1.0
[21:38:15]   Downloaded gix-ignore v0.19.0
[21:38:15]   Downloaded memmap2 v0.9.9
[21:38:15]   Downloaded owo-colors v4.2.3
[21:38:15]   Downloaded indenter v0.3.4
[21:38:15]   Downloaded rand_chacha v0.9.0
[21:38:15]   Downloaded rustls-pki-types v1.14.0
[21:38:15]   Downloaded sha1 v0.10.6
[21:38:15]   Downloaded scopeguard v1.2.0
[21:38:15]   Downloaded subtle v2.6.1
[21:38:15]   Downloaded simd-adler32 v0.3.8
[21:38:15]   Downloaded sync_wrapper v1.0.2
[21:38:15]   Downloaded smallvec v1.15.1
[21:38:15]   Downloaded tinyvec_macros v0.1.1
[21:38:15]   Downloaded gix-quote v0.6.1
[21:38:15]   Downloaded potential_utf v0.1.4
[21:38:15]   Downloaded toml_writer v1.0.6+spec-1.1.0
[21:38:15]   Downloaded topological-sort v0.2.2
[21:38:15]   Downloaded try-lock v0.2.5
[21:38:15]   Downloaded time-macros v0.2.25
[21:38:15]   Downloaded tower-service v0.3.3
[21:38:15]   Downloaded tracing-log v0.2.0
[21:38:15]   Downloaded untrusted v0.9.0
[21:38:15]   Downloaded version_check v0.9.5
[21:38:15]   Downloaded want v0.3.1
[21:38:15]   Downloaded windows-targets v0.52.6
[21:38:15]   Downloaded yoke-derive v0.8.1
[21:38:15]   Downloaded gix-index v0.46.0
[21:38:15]   Downloaded zerofrom v0.1.6
[21:38:15]   Downloaded yoke v0.8.1
[21:38:15]   Downloaded tame-index v0.26.0
[21:38:15]   Downloaded zmij v1.0.19
[21:38:15]   Downloaded jobserver v0.1.34
[21:38:15]   Downloaded reqwest v0.13.1
[21:38:15]   Downloaded windows-link v0.2.1
[21:38:15]   Downloaded winapi-util v0.1.11
[21:38:15]   Downloaded uluru v3.1.0
[21:38:15]   Downloaded url v2.5.8
[21:38:15]   Downloaded tokio-util v0.7.18
[21:38:15]   Downloaded zerotrie v0.2.3
[21:38:15]   Downloaded serde_json v1.0.149
[21:38:15]   Downloaded bstr v1.12.1
[21:38:15]   Downloaded rustc-demangle v0.1.27
[21:38:15]   Downloaded unicode-normalization v0.1.25
[21:38:15]   Downloaded gix-submodule v0.25.0
[21:38:15]   Downloaded zeroize v1.8.2
[21:38:15]   Downloaded zerovec-derive v0.11.2
[21:38:15]   Downloaded time v0.3.45
[21:38:15]   Downloaded zerovec v0.11.5
[21:38:15]   Downloaded icu_provider v2.1.1
[21:38:15]   Downloaded winnow v0.7.14
[21:38:15]   Downloaded syn v2.0.114
[21:38:15]   Downloaded typenum v1.19.0
[21:38:15]   Downloaded zlib-rs v0.5.5
[21:38:15]   Downloaded icu_collections v2.1.1
[21:38:15]   Downloaded zerocopy v0.8.38
[21:38:15]   Downloaded prodash v31.0.0
[21:38:15]   Downloaded mio v1.1.1
[21:38:15]   Downloaded tower-http v0.6.8
[21:38:15]   Downloaded icu_properties_data v2.1.2
[21:38:15]   Downloaded idna v1.1.0
[21:38:15]   Downloaded tracing v0.1.44
[21:38:15]   Downloaded rayon v1.11.0
[21:38:15]   Downloaded quinn-proto v0.11.13
[21:38:15]   Downloaded hashbrown v0.16.1
[21:38:15]   Downloaded h2 v0.4.13
[21:38:15]   Downloaded color-eyre v0.6.5
[21:38:15]   Downloaded regex-automata v0.4.14
[21:38:15]   Downloaded iri-string v0.7.10
[21:38:15]   Downloaded hashbrown v0.15.5
[21:38:15]   Downloaded indexmap v2.13.0
[21:38:15]   Downloaded hyper-util v0.1.20
[21:38:15]   Downloaded http v1.4.0
[21:38:15]   Downloaded gix-pack v0.65.0
[21:38:15]   Downloaded hyper v1.8.1
[21:38:15]   Downloaded rustls v0.23.36
[21:38:15]   Downloaded sha1-checked v0.10.0
[21:38:15]   Downloaded regex-syntax v0.8.9
[21:38:15]   Downloaded memchr v2.7.6
[21:38:15]   Downloaded jiff-static v0.2.18
[21:38:15]   Downloaded rayon-core v1.13.0
[21:38:15]   Downloaded icu_normalizer_data v2.1.1
[21:38:15]   Downloaded heapless v0.8.0
[21:38:15]   Downloaded windows_x86_64_msvc v0.53.1
[21:38:15]   Downloaded windows_x86_64_msvc v0.52.6
[21:38:15]   Downloaded tokio v1.49.0
[21:38:15]   Downloaded gix-transport v0.53.0
[21:38:15]   Downloaded quinn v0.11.9
[21:38:15]   Downloaded jiff v0.2.18
[21:38:15]   Downloaded miniz_oxide v0.8.9
[21:38:15]   Downloaded jiff-tzdb v0.1.5
[21:38:15]   Downloaded icu_locale_core v2.1.1
[21:38:15]   Downloaded wasmparser v0.207.0
[21:38:15]   Downloaded tracing-subscriber v0.3.22
[21:38:15]   Downloaded petgraph v0.8.3
[21:38:15]   Downloaded libc v0.2.180
[21:38:15]   Downloaded tracing-core v0.1.36
[21:38:15]   Downloaded gix-protocol v0.56.0
[21:38:15]   Downloaded encoding_rs v0.8.35
[21:38:15]   Downloaded toml_parser v1.0.6+spec-1.1.0
[21:38:15]   Downloaded toml-span v0.6.0
[21:38:15]   Downloaded tempfile v3.24.0
[21:38:15]   Downloaded proc-macro2 v1.0.106
[21:38:15]   Downloaded parking_lot v0.12.5
[21:38:15]   Downloaded winapi v0.3.9
[21:38:15]   Downloaded gix-odb v0.75.0
[21:38:15]   Downloaded icu_properties v2.1.2
[21:38:15]   Downloaded hyper-rustls v0.27.7
[21:38:15]   Downloaded httparse v1.10.1
[21:38:15]   Downloaded gix-ref v0.58.0
[21:38:15]   Downloaded gix-path v0.11.0
[21:38:15]   Downloaded gix-object v0.55.0
[21:38:15]   Downloaded zerofrom-derive v0.1.6
[21:38:15]   Downloaded writeable v0.6.2
[21:38:15]   Downloaded toml_datetime v0.7.5+spec-1.1.0
[21:38:15]   Downloaded tinystr v0.8.2
[21:38:15]   Downloaded thread_local v1.1.9
[21:38:15]   Downloaded smol_str v0.3.2
[21:38:15]   Downloaded rustc-stable-hash v0.1.2
[21:38:15]   Downloaded rustc-hash v2.1.1
[21:38:15]   Downloaded platforms v3.8.0
[21:38:15]   Downloaded parking_lot_core v0.9.12
[21:38:15]   Downloaded once_cell v1.21.3
[21:38:15]   Downloaded litemap v0.8.1
[21:38:15]   Downloaded gix-revwalk v0.26.0
[21:38:15]   Downloaded gix-packetline v0.21.0
[21:38:15]   Downloaded rand_core v0.9.5
[21:38:15]   Downloaded http-body-util v0.1.3
[21:38:15]   Downloaded gix-worktree v0.47.0
[21:38:15]   Downloaded gix v0.78.0
[21:38:15]   Downloaded gix-refspec v0.36.0
[21:38:15]   Downloaded tower v0.5.3
[21:38:15]   Downloaded ring v0.17.14
[21:38:15]   Downloaded regex v1.12.3
[21:38:15]   Downloaded icu_normalizer v2.1.1
[21:38:15]   Downloaded gix-url v0.35.0
[21:38:15]   Downloaded serde v1.0.228
[21:38:15]   Downloaded rustsec v0.32.0
[21:38:15]   Downloaded rustls-webpki v0.103.9
[21:38:15]   Downloaded gix-sec v0.13.0
[21:38:15]   Downloaded utf8_iter v1.0.4
[21:38:15]   Downloaded unicode-ident v1.0.22
[21:38:15]   Downloaded twox-hash v2.1.2
[21:38:15]   Downloaded windows-targets v0.53.5
[21:38:15]   Downloaded lock_api v0.4.14
[21:38:15]   Downloaded gix-traverse v0.52.0
[21:38:15]   Downloaded walkdir v2.5.0
[21:38:15]   Downloaded gix-worktree-state v0.25.0
[21:38:15]   Downloaded clap_builder v4.5.57
[21:38:15]   Downloaded aho-corasick v1.1.4
[21:38:15]   Downloaded wait-timeout v0.2.1
[21:38:15]   Downloaded utf8parse v0.2.2
[21:38:15]   Downloaded tinyvec v1.10.0
[21:38:15]   Downloaded ipnet v2.11.0
[21:38:15]   Downloaded unicode-bom v2.0.3
[21:38:15]   Downloaded toml v0.9.11+spec-1.1.0
[21:38:15]   Downloaded ppv-lite86 v0.2.21
[21:38:15]   Downloaded percent-encoding v2.3.2
[21:38:15]   Downloaded gix-pathspec v0.15.0
[21:38:15]   Downloaded tracing-attributes v0.1.31
[21:38:15]   Downloaded rand v0.9.2
[21:38:15]   Downloaded tokio-rustls v0.26.4
[21:38:15]   Downloaded socket2 v0.6.2
[21:38:15]   Downloaded matchers v0.2.0
[21:38:15]   Downloaded gix-trace v0.1.17
[21:38:15]   Downloaded gix-shallow v0.8.0
[21:38:15]   Downloaded rustls-platform-verifier v0.6.2
[21:38:15]   Downloaded powerfmt v0.2.0
[21:38:15]   Downloaded tower-layer v0.3.3
[21:38:15]   Downloaded once_cell_polyfill v1.70.2
[21:38:15]   Downloaded thiserror-impl v2.0.18
[21:38:15]   Downloaded thiserror v2.0.18
[21:38:15]   Downloaded synstructure v0.13.2
[21:38:15]   Downloaded sharded-slab v0.1.7
[21:38:15]   Downloaded aws-lc-rs v1.15.4
[21:38:15]   Downloaded windows-sys v0.59.0
[21:38:15]   Downloaded time-core v0.1.7
[21:38:15]   Downloaded termcolor v1.4.1
[21:38:15]   Downloaded static_assertions v1.1.0
[21:38:15]   Downloaded serde_derive v1.0.228
[21:38:15]   Downloaded serde_core v1.0.228
[21:38:15]   Downloaded mime v0.3.17
[21:38:15]   Downloaded lazy_static v1.5.0
[21:38:15]   Downloaded windows-sys v0.61.2
[21:38:15]   Downloaded windows-sys v0.60.2
[21:38:15]   Downloaded http-body v1.0.1
[21:38:15]   Downloaded strsim v0.11.1
[21:38:15]   Downloaded slab v0.4.12
[21:38:15]   Downloaded serde_spanned v1.0.4
[21:38:15]   Downloaded itoa v1.0.17
[21:38:15]   Downloaded is_terminal_polyfill v1.70.2
[21:38:15]   Downloaded semver v1.0.27
[21:38:15]   Downloaded gix-revision v0.40.0
[21:38:15]   Downloaded windows-sys v0.52.0
[21:38:15]   Downloaded stable_deref_trait v1.2.1
[21:38:15]   Downloaded shlex v1.3.0
[21:38:15]   Downloaded shell-words v1.1.1
[21:38:15]   Downloaded rustversion v1.0.22
[21:38:15]   Downloaded nu-ansi-term v0.50.3
[21:38:15]   Downloaded maybe-async v0.2.10
[21:38:15]   Downloaded flate2 v1.1.9
[21:38:15]   Downloaded cc v1.2.55
[21:38:15]   Downloaded async-compression v0.4.37
[21:38:15]   Downloaded same-file v1.0.6
[21:38:15]   Downloaded gix-config v0.51.0
[21:38:15]   Downloaded crossbeam-channel v0.5.15
[21:38:15]   Downloaded bytes v1.11.1
[21:38:15]   Downloaded base64 v0.22.1
[21:38:15]   Downloaded arc-swap v1.8.1
[21:38:15]   Downloaded secrecy v0.10.3
[21:38:15]   Downloaded gix-validate v0.11.0
[21:38:15]   Downloaded quote v1.0.44
[21:38:15]   Downloaded pin-utils v0.1.0
[21:38:15]   Downloaded lru-slab v0.1.2
[21:38:15]   Downloaded crc32fast v1.5.0
[21:38:15]   Downloaded cargo-lock v11.0.1
[21:38:15]   Downloaded quinn-udp v0.5.14
[21:38:15]   Downloaded jiff-tzdb-platform v0.1.3
[21:38:15]   Downloaded gix-hash v0.22.0
[21:38:15]   Downloaded getrandom v0.3.4
[21:38:15]   Downloaded filetime v0.2.27
[21:38:15]   Downloaded eyre v0.6.12
[21:38:15]   Downloaded borsh v1.6.0
[21:38:15]   Downloaded backtrace v0.3.76
[21:38:15]   Downloaded idna_adapter v1.2.1
[21:38:15]   Downloaded heck v0.5.0
[21:38:15]   Downloaded gix-discover v0.46.0
[21:38:15]   Downloaded gix-diff v0.58.0
[21:38:15]   Downloaded gix-credentials v0.35.0
[21:38:15]   Downloaded gix-attributes v0.30.0
[21:38:15]   Downloaded getrandom v0.2.17
[21:38:15]   Downloaded fnv v1.0.7
[21:38:15]   Downloaded find-msvc-tools v0.1.9
[21:38:15]   Downloaded displaydoc v0.2.5
[21:38:15]   Downloaded crossbeam-deque v0.8.6
[21:38:15]   Downloaded cmake v0.1.57
[21:38:15]   Downloaded autocfg v1.5.0
[21:38:15]   Downloaded anstream v0.6.21
[21:38:15]   Downloaded allocator-api2 v0.2.21
[21:38:15]   Downloaded log v0.4.29
[21:38:15]   Downloaded gix-filter v0.25.0
[21:38:15]   Downloaded gix-date v0.13.0
[21:38:15]   Downloaded clap v4.5.57
[21:38:15]   Downloaded cfg-if v1.0.4
[21:38:15]   Downloaded gix-commitgraph v0.32.0
[21:38:15]   Downloaded either v1.15.0
[21:38:15]   Downloaded cvss v2.2.0
[21:38:15]   Downloaded bitflags v2.10.0
[21:38:15]   Downloaded futures-io v0.3.31
[21:38:15]   Downloaded anstyle-query v1.1.5
[21:38:15]   Downloaded anstyle-parse v0.2.7
[21:38:15]   Downloaded pin-project-lite v0.2.16
[21:38:15]   Downloaded gix-negotiate v0.26.0
[21:38:15]   Downloaded gix-features v0.46.0
[21:38:15]   Downloaded generic-array v0.14.7
[21:38:15]   Downloaded fs-err v3.2.2
[21:38:15]   Downloaded display-error-chain v0.2.2
[21:38:15]   Downloaded clap_derive v4.5.55
[21:38:15]   Downloaded camino v1.2.2
[21:38:15]   Downloaded futures-core v0.3.31
[21:38:15]   Downloaded byteorder v1.5.0
[21:38:15]   Downloaded anstyle-wincon v3.0.11
[21:38:15]   Downloaded foldhash v0.2.0
[21:38:15]   Downloaded binfarce v0.2.1
[21:38:15]   Downloaded auditable-serde v0.9.0
[21:38:15]   Downloaded deranged v0.5.5
[21:38:15]   Downloaded compression-core v0.4.31
[21:38:15]   Downloaded compression-codecs v0.4.36
[21:38:15]   Downloaded clru v0.6.2
[21:38:15]   Downloaded cfg_aliases v0.2.1
[21:38:15]   Downloaded canonical-path v2.0.2
[21:38:15]   Downloaded atomic-waker v1.1.2
[21:38:15]   Downloaded arrayvec v0.7.6
[21:38:15]   Downloaded anstyle v1.0.13
[21:38:15]   Downloaded gix-error v0.0.0
[21:38:15]   Downloaded gix-config-value v0.17.0
[21:38:16]   Downloaded gix-command v0.7.0
[21:38:16]   Downloaded gix-chunk v0.5.0
[21:38:16]   Downloaded gix-actor v0.38.0
[21:38:16]   Downloaded futures-task v0.3.31
[21:38:16]   Downloaded futures-sink v0.3.31
[21:38:16]   Downloaded futures-channel v0.3.31
[21:38:16]   Downloaded fs_extra v1.3.0
[21:38:16]   Downloaded form_urlencoded v1.2.2
[21:38:16]   Downloaded fixedbitset v0.5.7
[21:38:16]   Downloaded fastrand v2.3.0
[21:38:16]   Downloaded faster-hex v0.10.0
[21:38:16]   Downloaded equivalent v1.0.2
[21:38:16]   Downloaded dunce v1.0.5
[21:38:16]   Downloaded crypto-common v0.1.7
[21:38:16]   Downloaded crossbeam-epoch v0.9.18
[21:38:16]   Downloaded cpufeatures v0.2.17
[21:38:16]   Downloaded colorchoice v1.0.4
[21:38:16]   Downloaded clap_lex v0.7.7
[21:38:16]   Downloaded auditable-info v0.10.0
[21:38:16]   Downloaded crossbeam-utils v0.8.21
[21:38:16]   Downloaded gix-utils v0.3.1
[21:38:16]   Downloaded gix-tempfile v21.0.0
[21:38:16]   Downloaded gix-glob v0.24.0
[21:38:16]   Downloaded gix-bitmap v0.2.15
[21:38:16]   Downloaded block-buffer v0.10.4
[21:38:16]   Downloaded adler2 v2.0.1
[21:38:16]   Downloaded abscissa_core v0.9.0
[21:38:16]   Downloaded hash32 v0.3.1
[21:38:16]   Downloaded gix-fs v0.19.0
[21:38:16]   Downloaded foldhash v0.1.5
[21:38:16]   Downloaded abscissa_derive v0.9.0
[21:38:16]   Downloaded aws-lc-sys v0.37.0
[21:38:16]    Compiling proc-macro2 v1.0.106
[21:38:16]    Compiling unicode-ident v1.0.22
[21:38:16]    Compiling quote v1.0.44
[21:38:16]    Compiling memchr v2.7.6
[21:38:16]    Compiling syn v2.0.114
[21:38:16]    Compiling windows-link v0.2.1
[21:38:16]    Compiling aho-corasick v1.1.4
[21:38:16]    Compiling cfg-if v1.0.4
[21:38:16]    Compiling regex-syntax v0.8.9
[21:38:16]    Compiling windows_x86_64_msvc v0.52.6
[21:38:16]    Compiling smallvec v1.15.1
[21:38:16]    Compiling regex-automata v0.4.14
[21:38:16]    Compiling windows-targets v0.52.6
[21:38:16]    Compiling once_cell v1.21.3
[21:38:16]    Compiling bytes v1.11.1
[21:38:16]    Compiling bstr v1.12.1
[21:38:16]    Compiling thiserror v2.0.18
[21:38:16]    Compiling windows-sys v0.52.0
[21:38:16]    Compiling thiserror-impl v2.0.18
[21:38:16]    Compiling stable_deref_trait v1.2.1
[21:38:16]    Compiling crc32fast v1.5.0
[21:38:16]    Compiling tinyvec_macros v0.1.1
[21:38:16]    Compiling gix-trace v0.1.17
[21:38:16]    Compiling crossbeam-utils v0.8.21
[21:38:16]    Compiling tinyvec v1.10.0
[21:38:16]    Compiling gix-validate v0.11.0
[21:38:16]    Compiling fastrand v2.3.0
[21:38:16]    Compiling gix-path v0.11.0
[21:38:16]    Compiling unicode-normalization v0.1.25
[21:38:16]    Compiling gix-utils v0.3.1
[21:38:16]    Compiling itoa v1.0.17
[21:38:16]    Compiling winapi-util v0.1.11
[21:38:16]    Compiling parking_lot_core v0.9.12
[21:38:16]    Compiling scopeguard v1.2.0
[21:38:16]    Compiling lock_api v0.4.14
[21:38:16]    Compiling parking_lot v0.12.5
[21:38:16]    Compiling same-file v1.0.6
[21:38:16]    Compiling crossbeam-channel v0.5.15
[21:38:16]    Compiling prodash v31.0.0
[21:38:16]    Compiling walkdir v2.5.0
[21:38:16]    Compiling zlib-rs v0.5.5
[21:38:16]    Compiling foldhash v0.2.0
[21:38:16]    Compiling version_check v0.9.5
[21:38:16]    Compiling equivalent v1.0.2
[21:38:16]    Compiling typenum v1.19.0
[21:38:16]    Compiling allocator-api2 v0.2.21
[21:38:16]    Compiling gix-features v0.46.0
[21:38:16]    Compiling hashbrown v0.16.1
[21:38:16]    Compiling generic-array v0.14.7
[21:38:16]    Compiling byteorder v1.5.0
[21:38:16]    Compiling bitflags v2.10.0
[21:38:16]    Compiling heapless v0.8.0
[21:38:16]    Compiling hash32 v0.3.1
[21:38:16]    Compiling block-buffer v0.10.4
[21:38:16]    Compiling crypto-common v0.1.7
[21:38:16]    Compiling windows_x86_64_msvc v0.53.1
[21:38:16]    Compiling digest v0.10.7
[21:38:16]    Compiling gix-error v0.0.0
[21:38:16]    Compiling faster-hex v0.10.0
[21:38:16]    Compiling jiff-tzdb v0.1.5
[21:38:16]    Compiling cpufeatures v0.2.17
[21:38:16]    Compiling serde_core v1.0.228
[21:38:16]    Compiling jiff-tzdb-platform v0.1.3
[21:38:16]    Compiling sha1 v0.10.6
[21:38:16]    Compiling synstructure v0.13.2
[21:38:16]    Compiling winnow v0.7.14
[21:38:16]    Compiling sha1-checked v0.10.0
[21:38:16]    Compiling windows-targets v0.53.5
[21:38:16]    Compiling jiff v0.2.18
[21:38:16]    Compiling windows-sys v0.60.2
[21:38:16]    Compiling gix-hash v0.22.0
[21:38:16]    Compiling windows-sys v0.61.2
[21:38:16]    Compiling gix-date v0.13.0
[21:38:16]    Compiling getrandom v0.3.4
[21:38:16]    Compiling zerofrom-derive v0.1.6
[21:38:16]    Compiling pin-project-lite v0.2.16
[21:38:16]    Compiling zerofrom v0.1.6
[21:38:16]    Compiling gix-actor v0.38.0
[21:38:16]    Compiling gix-hashtable v0.12.0
[21:38:16]    Compiling yoke-derive v0.8.1
[21:38:16]    Compiling yoke v0.8.1
[21:38:16]    Compiling gix-object v0.55.0
[21:38:16]    Compiling jobserver v0.1.34
[21:38:16]    Compiling find-msvc-tools v0.1.9
[21:38:16]    Compiling shlex v1.3.0
[21:38:16]    Compiling cc v1.2.55
[21:38:16]    Compiling zerovec-derive v0.11.2
[21:38:16]    Compiling memmap2 v0.9.9
[21:38:16]    Compiling cmake v0.1.57
[21:38:16]    Compiling zerovec v0.11.5
[21:38:16]    Compiling displaydoc v0.2.5
[21:38:16]    Compiling serde v1.0.228
[21:38:16]    Compiling dunce v1.0.5
[21:38:16]    Compiling fs_extra v1.3.0
[21:38:16]    Compiling futures-core v0.3.31
[21:38:16]    Compiling aws-lc-sys v0.37.0
[21:38:16]    Compiling mio v1.1.1
[21:38:16]    Compiling socket2 v0.6.2
[21:38:16]    Compiling serde_derive v1.0.228
[21:38:16]    Compiling tokio v1.49.0
[21:38:16]    Compiling tempfile v3.24.0
[21:38:16]    Compiling gix-chunk v0.5.0
[21:38:16]    Compiling gix-fs v0.19.0
[21:38:16]    Compiling futures-sink v0.3.31
[21:38:16]    Compiling zeroize v1.8.2
[21:38:16]    Compiling gix-tempfile v21.0.0
[21:38:16]    Compiling tinystr v0.8.2
[21:38:16]    Compiling gix-quote v0.6.1
[21:38:16]    Compiling tracing-core v0.1.36
[21:38:16]    Compiling litemap v0.8.1
[21:38:16]    Compiling writeable v0.6.2
[21:38:16]    Compiling percent-encoding v2.3.2
[21:38:16]    Compiling aws-lc-rs v1.15.4
[21:38:16]    Compiling icu_locale_core v2.1.1
[21:38:16]    Compiling zerotrie v0.2.3
[21:38:16]    Compiling potential_utf v0.1.4
[21:38:16]    Compiling http v1.4.0
[21:38:16]    Compiling tracing-attributes v0.1.31
[21:38:16]    Compiling slab v0.4.12
[21:38:16]    Compiling icu_properties_data v2.1.2
[21:38:16]    Compiling icu_normalizer_data v2.1.1
[21:38:16]    Compiling fnv v1.0.7
[21:38:16]    Compiling tracing v0.1.44
[21:38:16]    Compiling icu_collections v2.1.1
[21:38:16]    Compiling icu_provider v2.1.1
[21:38:16]    Compiling gix-commitgraph v0.32.0
[21:38:16]    Compiling gix-glob v0.24.0
[21:38:16]    Compiling indexmap v2.13.0
[21:38:16]    Compiling adler2 v2.0.1
[21:38:16]    Compiling pin-utils v0.1.0
[21:38:16]    Compiling simd-adler32 v0.3.8
[21:38:16]    Compiling miniz_oxide v0.8.9
[21:38:16]    Compiling gix-revwalk v0.26.0
[21:38:16]    Compiling http-body v1.0.1
[21:38:16]    Compiling gix-lock v21.0.0
[21:38:16]    Compiling rustls-pki-types v1.14.0
[21:38:16]    Compiling tokio-util v0.7.18
[21:38:16]    Compiling futures-task v0.3.31
[21:38:16]    Compiling httparse v1.10.1
[21:38:16]    Compiling futures-io v0.3.31
[21:38:16]    Compiling rustls v0.23.36
[21:38:16]    Compiling untrusted v0.9.0
[21:38:16]    Compiling futures-util v0.3.31
[21:38:16]    Compiling icu_normalizer v2.1.1
[21:38:16]    Compiling icu_properties v2.1.2
[21:38:16]    Compiling subtle v2.6.1
[21:38:16]    Compiling log v0.4.29
[21:38:16]    Compiling atomic-waker v1.1.2
[21:38:16]    Compiling tower-service v0.3.3
[21:38:16]    Compiling libc v0.2.180
[21:38:16]    Compiling unicode-bom v2.0.3
[21:38:16]    Compiling try-lock v0.2.5
[21:38:16]    Compiling want v0.3.1
[21:38:16]    Compiling h2 v0.4.13
[21:38:16]    Compiling idna_adapter v1.2.1
[21:38:16]    Compiling flate2 v1.1.9
[21:38:16]    Compiling futures-channel v0.3.31
[21:38:16]    Compiling gix-config-value v0.17.0
[21:38:16]    Compiling shell-words v1.1.1
[21:38:16]    Compiling utf8_iter v1.0.4
[21:38:16]    Compiling static_assertions v1.1.0
[21:38:16]    Compiling compression-core v0.4.31
[21:38:16]    Compiling compression-codecs v0.4.36
[21:38:16]    Compiling kstring v2.0.2
[21:38:16]    Compiling idna v1.1.0
[21:38:16]    Compiling gix-command v0.7.0
[21:38:16]    Compiling hyper v1.8.1
[21:38:16]    Compiling form_urlencoded v1.2.2
[21:38:16]    Compiling sync_wrapper v1.0.2
[21:38:16]    Compiling gix-sec v0.13.0
[21:38:16]    Compiling encoding_rs v0.8.35
[21:38:16]    Compiling ipnet v2.11.0
[21:38:16]    Compiling tower-layer v0.3.3
[21:38:16]    Compiling base64 v0.22.1
[21:38:16]    Compiling hyper-util v0.1.20
[21:38:16]    Compiling tower v0.5.3
[21:38:16]    Compiling url v2.5.8
[21:38:16]    Compiling gix-attributes v0.30.0
[21:38:16]    Compiling async-compression v0.4.37
[21:38:16]    Compiling http-body-util v0.1.3
[21:38:16]    Compiling semver v1.0.27
[21:38:16]    Compiling rustversion v1.0.22
[21:38:16]    Compiling zmij v1.0.19
[21:38:16]    Compiling iri-string v0.7.10
[21:38:16]    Compiling tower-http v0.6.8
[21:38:16]    Compiling gix-ref v0.58.0
[21:38:16]    Compiling rustls-webpki v0.103.9
[21:38:16]    Compiling gix-url v0.35.0
[21:38:16]    Compiling gix-packetline v0.21.0
[21:38:16]    Compiling windows-sys v0.59.0
[21:38:16]    Compiling tokio-rustls v0.26.4
[21:38:16]    Compiling hyper-rustls v0.27.7
[21:38:16]    Compiling rustls-platform-verifier v0.6.2
[21:38:16]    Compiling winapi v0.3.9
[21:38:16]    Compiling serde_json v1.0.149
[21:38:16]    Compiling mime v0.3.17
[21:38:16]    Compiling reqwest v0.13.1
[21:38:16]    Compiling gix-prompt v0.13.0
[21:38:16]    Compiling gix-traverse v0.52.0
[21:38:16]    Compiling gix-revision v0.40.0
[21:38:16]    Compiling crossbeam-epoch v0.9.18
[21:38:16]    Compiling gix-bitmap v0.2.15
[21:38:16]    Compiling filetime v0.2.27
[21:38:16]    Compiling rayon-core v1.13.0
[21:38:16]    Compiling once_cell_polyfill v1.70.2
[21:38:16]    Compiling arrayvec v0.7.6
[21:38:16]    Compiling autocfg v1.5.0
[21:38:16]    Compiling utf8parse v0.2.2
[21:38:16]    Compiling anstyle v1.0.13
[21:38:16]    Compiling anstyle-wincon v3.0.11
[21:38:16]    Compiling anstyle-parse v0.2.7
[21:38:16]    Compiling fs-err v3.2.2
[21:38:16]    Compiling uluru v3.1.0
[21:38:16]    Compiling gix-index v0.46.0
[21:38:16]    Compiling crossbeam-deque v0.8.6
[21:38:16]    Compiling gix-refspec v0.36.0
[21:38:16]    Compiling gix-credentials v0.35.0
[21:38:16]    Compiling arc-swap v1.8.1
[21:38:16]    Compiling gix-ignore v0.19.0
[21:38:16]    Compiling anstyle-query v1.1.5
[21:38:16]    Compiling serde_spanned v1.0.4
[21:38:16]    Compiling toml_datetime v0.7.5+spec-1.1.0
[21:38:16]    Compiling toml_parser v1.0.6+spec-1.1.0
[21:38:16]    Compiling is_terminal_polyfill v1.70.2
[21:38:16]    Compiling toml_writer v1.0.6+spec-1.1.0
[21:38:16]    Compiling eyre v0.6.12
[21:38:16]    Compiling colorchoice v1.0.4
[21:38:16]    Compiling clru v0.6.2
[21:38:16]    Compiling foldhash v0.1.5
[21:38:16]    Compiling camino v1.2.2
[21:38:16]    Compiling owo-colors v4.2.3
[21:38:16]    Compiling hashbrown v0.15.5
[21:38:16]    Compiling gix-pack v0.65.0
[21:38:16]    Compiling anstream v0.6.21
[21:38:16]    Compiling toml v0.9.11+spec-1.1.0
[21:38:16]    Compiling gix-worktree v0.47.0
[21:38:16]    Compiling io-close v0.3.7
[21:38:16]    Compiling gix-transport v0.53.0
[21:38:16]    Compiling gix-filter v0.25.0
[21:38:16]    Compiling gix-config v0.51.0
[21:38:16]    Compiling gix-pathspec v0.15.0
[21:38:16]    Compiling gix-shallow v0.8.0
[21:38:16]    Compiling gix-negotiate v0.26.0
[21:38:16]    Compiling wasmparser v0.207.0
[21:38:16]    Compiling regex v1.12.3
[21:38:16]    Compiling maybe-async v0.2.10
[21:38:16]    Compiling binfarce v0.2.1
[21:38:16]    Compiling topological-sort v0.2.2
[21:38:16]    Compiling lazy_static v1.5.0
[21:38:16]    Compiling rustc-demangle v0.1.27
[21:38:16]    Compiling powerfmt v0.2.0
[21:38:16]    Compiling indenter v0.3.4
[21:38:16]    Compiling clap_lex v0.7.7
[21:38:16]    Compiling heck v0.5.0
[21:38:16]    Compiling either v1.15.0
[21:38:16]    Compiling strsim v0.11.1
[21:38:16]    Compiling fixedbitset v0.5.7
[21:38:16]    Compiling petgraph v0.8.3
[21:38:16]    Compiling clap_builder v4.5.57
[21:38:16]    Compiling gix-discover v0.46.0
[21:38:16]    Compiling rayon v1.11.0
[21:38:16]    Compiling clap_derive v4.5.55
[21:38:16]    Compiling backtrace v0.3.76
[21:38:16]    Compiling deranged v0.5.5
[21:38:16]    Compiling sharded-slab v0.1.7
[21:38:16]    Compiling auditable-serde v0.9.0
[21:38:16]    Compiling auditable-extract v0.3.5
[21:38:16]    Compiling gix-protocol v0.56.0
[21:38:16]    Compiling gix-submodule v0.25.0
[21:38:16]    Compiling gix-worktree-state v0.25.0
[21:38:16]    Compiling gix-odb v0.75.0
[21:38:16]    Compiling nu-ansi-term v0.50.3
[21:38:16]    Compiling home v0.5.11
[21:38:16]    Compiling tracing-log v0.2.0
[21:38:16]    Compiling smol_str v0.3.2
[21:38:16]    Compiling gix-diff v0.58.0
[21:38:16]    Compiling matchers v0.2.0
[21:38:16]    Compiling toml-span v0.6.0
[21:38:16]    Compiling thread_local v1.1.9
[21:38:16]    Compiling rustc-stable-hash v0.1.2
[21:38:16]    Compiling ident_case v1.0.1
[21:38:16]    Compiling num-conv v0.1.0
[21:38:16]    Compiling time-core v0.1.7
[21:38:16]    Compiling twox-hash v2.1.2
[21:38:16]    Compiling tame-index v0.26.0
[21:38:16]    Compiling time v0.3.45
[21:38:16]    Compiling abscissa_derive v0.9.0
[21:38:16]    Compiling tracing-subscriber v0.3.22
[21:38:16]    Compiling gix v0.78.0
[21:38:16]    Compiling color-eyre v0.6.5
[21:38:16]    Compiling auditable-info v0.10.0
[21:38:16]    Compiling clap v4.5.57
[21:38:16]    Compiling cargo-lock v11.0.1
[21:38:16]    Compiling quitters v0.1.0
[21:38:16]    Compiling secrecy v0.10.3
[21:38:16]    Compiling platforms v3.8.0
[21:38:16]    Compiling cvss v2.2.0
[21:38:16]    Compiling termcolor v1.4.1
[21:38:16]    Compiling canonical-path v2.0.2
[21:38:16]    Compiling wait-timeout v0.2.1
[21:38:16]    Compiling abscissa_core v0.9.0
[21:38:16]    Compiling rustsec v0.32.0
[21:38:16]    Compiling display-error-chain v0.2.2
[21:38:16]    Compiling cargo-audit v0.22.1
[21:38:16]     Finished `release` profile [optimized] target(s) in 4m 46s
[21:38:16]   Installing C:\Users\ContainerAdministrator\scoop\persist\rustup\.cargo\bin\cargo-audit.exe
[21:38:16]    Installed package `cargo-audit v0.22.1` (executable `cargo-audit.exe`)
[21:38:16]   Installing cargo-deny v0.19.0
[21:38:16]     Updating crates.io index
[21:38:16]     Updating crates.io index
[21:38:16]  Downloading crates ...
[21:38:16]   Downloaded errno v0.3.14
[21:38:16]   Downloaded codespan v0.13.1
[21:38:16]   Downloaded crossbeam-queue v0.3.12
[21:38:16]   Downloaded home v0.5.12
[21:38:16]   Downloaded thiserror-impl v2.0.17
[21:38:16]   Downloaded gix-shallow v0.7.0
[21:38:16]   Downloaded time-core v0.1.6
[21:38:16]   Downloaded zstd v0.13.3
[21:38:16]   Downloaded zmij v1.0.12
[21:38:16]   Downloaded slab v0.4.11
[21:38:16]   Downloaded zstd-safe v7.2.4
[21:38:16]   Downloaded signal-hook-registry v1.4.8
[21:38:16]   Downloaded pkg-config v0.3.32
[21:38:16]   Downloaded strum_macros v0.27.2
[21:38:16]   Downloaded rustls-pki-types v1.13.2
[21:38:16]   Downloaded time v0.3.44
[21:38:16]   Downloaded krates v0.20.0
[21:38:16]   Downloaded rustsec v0.31.0
[21:38:16]   Downloaded rustls-webpki v0.103.8
[21:38:16]   Downloaded hyper-util v0.1.19
[21:38:16]   Downloaded gix-pack v0.64.1
[21:38:16]   Downloaded clap_builder v4.5.54
[21:38:16]   Downloaded unicode-width v0.2.2
[21:38:16]   Downloaded regex v1.12.2
[21:38:16]   Downloaded indexmap v2.12.1
[21:38:16]   Downloaded bitvec v1.0.1
[21:38:16]   Downloaded flate2 v1.1.5
[21:38:16]   Downloaded goblin v0.10.4
[21:38:16]   Downloaded gix v0.77.0
[21:38:16]   Downloaded fern v0.7.1
[21:38:16]   Downloaded async-compression v0.4.36
[21:38:16]   Downloaded prodash v30.0.1
[21:38:16]   Downloaded regex-syntax v0.8.8
[21:38:16]   Downloaded gix-transport v0.52.1
[21:38:16]   Downloaded gix-config v0.50.0
[21:38:16]   Downloaded gix-object v0.54.1
[21:38:16]   Downloaded clap v4.5.54
[21:38:16]   Downloaded cc v1.2.51
[21:38:16]   Downloaded bytes v1.11.0
[21:38:16]   Downloaded arc-swap v1.8.0
[21:38:16]   Downloaded socket2 v0.6.1
[21:38:16]   Downloaded signal-hook v0.4.1
[21:38:16]   Downloaded signal-hook v0.3.18
[21:38:16]   Downloaded scroll v0.13.0
[21:38:16]   Downloaded gix-ref v0.57.0
[21:38:16]   Downloaded gix-protocol v0.55.0
[21:38:16]   Downloaded regex-automata v0.4.13
[21:38:16]   Downloaded gix-odb v0.74.0
[21:38:16]   Downloaded gix-index v0.45.1
[21:38:16]   Downloaded gix-diff v0.57.1
[21:38:16]   Downloaded zstd-sys v2.0.16+zstd.1.5.7
[21:38:16]   Downloaded codespan-reporting v0.13.1
[21:38:16]   Downloaded cfg-expr v0.20.5
[21:38:16]   Downloaded proc-macro2 v1.0.105
[21:38:16]   Downloaded platforms v3.7.0
[21:38:16]   Downloaded globset v0.4.18
[21:38:16]   Downloaded libc v0.2.179
[21:38:16]   Downloaded gix-worktree v0.46.0
[21:38:16]   Downloaded gix-path v0.10.22
[21:38:16]   Downloaded gix-filter v0.24.1
[21:38:16]   Downloaded gix-features v0.45.2
[21:38:16]   Downloaded getrandom v0.2.16
[21:38:16]   Downloaded gix-hash v0.21.2
[21:38:16]   Downloaded gix-fs v0.18.2
[21:38:16]   Downloaded clap_derive v4.5.49
[21:38:16]   Downloaded cargo-lock v11.0.0
[21:38:16]   Downloaded gix-revision v0.39.0
[21:38:16]   Downloaded gix-date v0.12.1
[21:38:16]   Downloaded sha2 v0.10.9
[21:38:16]   Downloaded quote v1.0.43
[21:38:16]   Downloaded gix-worktree-state v0.24.0
[21:38:16]   Downloaded gix-submodule v0.24.0
[21:38:16]   Downloaded gix-revwalk v0.25.0
[21:38:16]   Downloaded gix-prompt v0.12.0
[21:38:16]   Downloaded gix-packetline v0.20.0
[21:38:16]   Downloaded gix-credentials v0.34.1
[21:38:16]   Downloaded gix-commitgraph v0.31.0
[21:38:16]   Downloaded toml v0.9.10+spec-1.1.0
[21:38:16]   Downloaded gix-url v0.34.0
[21:38:16]   Downloaded gix-traverse v0.51.1
[21:38:16]   Downloaded gix-refspec v0.35.0
[21:38:16]   Downloaded gix-attributes v0.29.0
[21:38:16]   Downloaded filetime v0.2.26
[21:38:16]   Downloaded gix-tempfile v20.0.1
[21:38:16]   Downloaded gix-pathspec v0.14.0
[21:38:16]   Downloaded gix-glob v0.23.0
[21:38:16]   Downloaded gix-discover v0.45.0
[21:38:16]   Downloaded find-msvc-tools v0.1.6
[21:38:16]   Downloaded time-macros v0.2.24
[21:38:16]   Downloaded thiserror v2.0.17
[21:38:16]   Downloaded target-lexicon v0.13.3
[21:38:16]   Downloaded tap v1.0.1
[21:38:16]   Downloaded plain v0.2.3
[21:38:16]   Downloaded gix-lock v20.0.1
[21:38:16]   Downloaded gix-ignore v0.18.0
[21:38:16]   Downloaded gix-config-value v0.16.0
[21:38:16]   Downloaded wyz v0.5.1
[21:38:16]   Downloaded tower v0.5.2
[21:38:16]   Downloaded strum v0.27.2
[21:38:16]   Downloaded scroll_derive v0.13.1
[21:38:16]   Downloaded gix-command v0.6.5
[21:38:16]   Downloaded radium v0.7.0
[21:38:16]   Downloaded gix-sec v0.12.2
[21:38:16]   Downloaded anyhow v1.0.100
[21:38:16]   Downloaded gix-negotiate v0.25.0
[21:38:16]   Downloaded gix-hashtable v0.11.0
[21:38:16]   Downloaded gix-chunk v0.4.12
[21:38:16]   Downloaded gix-actor v0.37.1
[21:38:16]   Downloaded compression-codecs v0.4.35
[21:38:16]   Downloaded gix-validate v0.10.1
[21:38:16]   Downloaded funty v2.0.0
[21:38:16]   Downloaded clap_lex v0.7.6
[21:38:16]   Downloaded crossbeam v0.8.4
[21:38:16]   Downloaded spdx v0.13.3
[21:38:16]    Compiling proc-macro2 v1.0.105
[21:38:16]    Compiling unicode-ident v1.0.22
[21:38:16]    Compiling quote v1.0.43
[21:38:16]    Compiling windows-link v0.2.1
[21:38:16]    Compiling windows-sys v0.61.2
[21:38:16]    Compiling syn v2.0.114
[21:38:16]    Compiling memchr v2.7.6
[21:38:16]    Compiling cfg-if v1.0.4
[21:38:16]    Compiling smallvec v1.15.1
[21:38:16]    Compiling thiserror v2.0.17
[21:38:16]    Compiling aho-corasick v1.1.4
[21:38:16]    Compiling thiserror-impl v2.0.17
[21:38:16]    Compiling regex-syntax v0.8.8
[21:38:16]    Compiling bytes v1.11.0
[21:38:16]    Compiling regex-automata v0.4.13
[21:38:16]    Compiling once_cell v1.21.3
[21:38:16]    Compiling stable_deref_trait v1.2.1
[21:38:16]    Compiling crc32fast v1.5.0
[21:38:16]    Compiling tinyvec_macros v0.1.1
[21:38:16]    Compiling tinyvec v1.10.0
[21:38:16]    Compiling bstr v1.12.1
[21:38:16]    Compiling winapi-util v0.1.11
[21:38:16]    Compiling unicode-normalization v0.1.25
[21:38:16]    Compiling gix-trace v0.1.17
[21:38:16]    Compiling fastrand v2.3.0
[21:38:16]    Compiling gix-validate v0.10.1
[21:38:16]    Compiling gix-path v0.10.22
[21:38:16]    Compiling gix-utils v0.3.1
[21:38:16]    Compiling parking_lot_core v0.9.12
[21:38:16]    Compiling scopeguard v1.2.0
[21:38:16]    Compiling lock_api v0.4.14
[21:38:16]    Compiling itoa v1.0.17
[21:38:16]    Compiling parking_lot v0.12.5
[21:38:16]    Compiling same-file v1.0.6
[21:38:16]    Compiling walkdir v2.5.0
[21:38:16]    Compiling prodash v30.0.1
[21:38:16]    Compiling zlib-rs v0.5.5
[21:38:16]    Compiling typenum v1.19.0
[21:38:16]    Compiling version_check v0.9.5
[21:38:16]    Compiling generic-array v0.14.7
[21:38:16]    Compiling gix-features v0.45.2
[21:38:16]    Compiling foldhash v0.2.0
[21:38:16]    Compiling allocator-api2 v0.2.21
[21:38:16]    Compiling equivalent v1.0.2
[21:38:16]    Compiling hashbrown v0.16.1
[21:38:16]    Compiling block-buffer v0.10.4
[21:38:16]    Compiling crypto-common v0.1.7
[21:38:16]    Compiling heapless v0.8.0
[21:38:16]    Compiling byteorder v1.5.0
[21:38:16]    Compiling hash32 v0.3.1
[21:38:16]    Compiling digest v0.10.7
[21:38:16]    Compiling cpufeatures v0.2.17
[21:38:16]    Compiling getrandom v0.3.4
[21:38:16]    Compiling jiff-tzdb v0.1.5
[21:38:16]    Compiling faster-hex v0.10.0
[21:38:16]    Compiling jiff-tzdb-platform v0.1.3
[21:38:16]    Compiling sha1 v0.10.6
[21:38:16]    Compiling winnow v0.7.14
[21:38:16]    Compiling libc v0.2.179
[21:38:16]    Compiling bitflags v2.10.0
[21:38:16]    Compiling serde_core v1.0.228
[21:38:16]    Compiling windows_x86_64_msvc v0.53.1
[21:38:16]    Compiling sha1-checked v0.10.0
[21:38:16]    Compiling jiff v0.2.18
[21:38:16]    Compiling synstructure v0.13.2
[21:38:16]    Compiling gix-hash v0.21.2
[21:38:16]    Compiling jobserver v0.1.34
[21:38:16]    Compiling gix-date v0.12.1
[21:38:16]    Compiling shlex v1.3.0
[21:38:16]    Compiling find-msvc-tools v0.1.6
[21:38:16]    Compiling cc v1.2.51
[21:38:16]    Compiling windows-targets v0.53.5
[21:38:16]    Compiling zerofrom-derive v0.1.6
[21:38:16]    Compiling windows-sys v0.60.2
[21:38:16]    Compiling zerofrom v0.1.6
[21:38:16]    Compiling yoke-derive v0.8.1
[21:38:16]    Compiling yoke v0.8.1
[21:38:16]    Compiling gix-actor v0.37.1
[21:38:16]    Compiling gix-hashtable v0.11.0
[21:38:16]    Compiling gix-object v0.54.1
[21:38:16]    Compiling zerovec-derive v0.11.2
[21:38:16]    Compiling pin-project-lite v0.2.16
[21:38:16]    Compiling zerovec v0.11.5
[21:38:16]    Compiling errno v0.3.14
[21:38:16]    Compiling displaydoc v0.2.5
[21:38:16]    Compiling futures-core v0.3.31
[21:38:16]    Compiling serde v1.0.228
[21:38:16]    Compiling memmap2 v0.9.9
[21:38:16]    Compiling signal-hook-registry v1.4.8
[21:38:16]    Compiling serde_derive v1.0.228
[21:38:16]    Compiling signal-hook v0.4.1
[21:38:16]    Compiling socket2 v0.6.1
[21:38:16]    Compiling mio v1.1.1
[21:38:16]    Compiling tokio v1.49.0
[21:38:16]    Compiling tempfile v3.24.0
[21:38:16]    Compiling tinystr v0.8.2
[21:38:16]    Compiling gix-fs v0.18.2
[21:38:16]    Compiling gix-chunk v0.4.12
[21:38:16]    Compiling futures-sink v0.3.31
[21:38:16]    Compiling litemap v0.8.1
[21:38:16]    Compiling writeable v0.6.2
[21:38:16]    Compiling percent-encoding v2.3.2
[21:38:16]    Compiling icu_locale_core v2.1.1
[21:38:16]    Compiling gix-tempfile v20.0.1
[21:38:16]    Compiling zerotrie v0.2.3
[21:38:16]    Compiling potential_utf v0.1.4
[21:38:16]    Compiling ring v0.17.14
[21:38:16]    Compiling gix-quote v0.6.1
[21:38:16]    Compiling icu_properties_data v2.1.2
[21:38:16]    Compiling icu_normalizer_data v2.1.1
[21:38:16]    Compiling icu_collections v2.1.1
[21:38:16]    Compiling icu_provider v2.1.1
[21:38:16]    Compiling http v1.4.0
[21:38:16]    Compiling fnv v1.0.7
[21:38:16]    Compiling slab v0.4.11
[21:38:16]    Compiling gix-commitgraph v0.31.0
[21:38:16]    Compiling gix-glob v0.23.0
[21:38:16]    Compiling indexmap v2.12.1
[21:38:16]    Compiling getrandom v0.2.16
[21:38:16]    Compiling pin-utils v0.1.0
[21:38:16]    Compiling crossbeam-utils v0.8.21
[21:38:16]    Compiling untrusted v0.9.0
[21:38:16]    Compiling zeroize v1.8.2
[21:38:16]    Compiling rustls-pki-types v1.13.2
[21:38:16]    Compiling gix-revwalk v0.25.0
[21:38:16]    Compiling icu_properties v2.1.2
[21:38:16]    Compiling icu_normalizer v2.1.1
[21:38:16]    Compiling http-body v1.0.1
[21:38:16]    Compiling gix-lock v20.0.1
[21:38:16]    Compiling tokio-util v0.7.18
[21:38:16]    Compiling tracing-core v0.1.36
[21:38:16]    Compiling futures-task v0.3.31
[21:38:16]    Compiling simd-adler32 v0.3.8
[21:38:16]    Compiling httparse v1.10.1
[21:38:16]    Compiling rustls v0.23.36
[21:38:16]    Compiling adler2 v2.0.1
[21:38:16]    Compiling futures-io v0.3.31
[21:38:16]    Compiling miniz_oxide v0.8.9
[21:38:16]    Compiling futures-util v0.3.31
[21:38:16]    Compiling tracing v0.1.44
[21:38:16]    Compiling idna_adapter v1.2.1
[21:38:16]    Compiling rustls-webpki v0.103.8
[21:38:16]    Compiling atomic-waker v1.1.2
[21:38:16]    Compiling tower-service v0.3.3
[21:38:16]    Compiling log v0.4.29
[21:38:16]    Compiling try-lock v0.2.5
[21:38:16]    Compiling unicode-bom v2.0.3
[21:38:16]    Compiling subtle v2.6.1
[21:38:16]    Compiling utf8_iter v1.0.4
[21:38:16]    Compiling idna v1.1.0
[21:38:16]    Compiling want v0.3.1
[21:38:16]    Compiling h2 v0.4.13
[21:38:16]    Compiling flate2 v1.1.5
[21:38:16]    Compiling form_urlencoded v1.2.2
[21:38:16]    Compiling futures-channel v0.3.31
[21:38:16]    Compiling gix-config-value v0.16.0
[21:38:16]    Compiling shell-words v1.1.1
[21:38:16]    Compiling compression-core v0.4.31
[21:38:16]    Compiling static_assertions v1.1.0
[21:38:16]    Compiling kstring v2.0.2
[21:38:16]    Compiling compression-codecs v0.4.35
[21:38:16]    Compiling gix-command v0.6.5
[21:38:16]    Compiling hyper v1.8.1
[21:38:16]    Compiling url v2.5.8
[21:38:16]    Compiling sync_wrapper v1.0.2
[21:38:16]    Compiling gix-sec v0.12.2
[21:38:16]    Compiling encoding_rs v0.8.35
[21:38:16]    Compiling ipnet v2.11.0
[21:38:16]    Compiling pkg-config v0.3.32
[21:38:16]    Compiling tower-layer v0.3.3
[21:38:16]    Compiling base64 v0.22.1
[21:38:16]    Compiling hyper-util v0.1.19
[21:38:16]    Compiling tower v0.5.2
[21:38:16]    Compiling zstd-sys v2.0.16+zstd.1.5.7
[21:38:16]    Compiling async-compression v0.4.36
[21:38:16]    Compiling gix-attributes v0.29.0
[21:38:16]    Compiling tokio-rustls v0.26.4
[21:38:16]    Compiling crossbeam-epoch v0.9.18
[21:38:16]    Compiling http-body-util v0.1.3
[21:38:16]    Compiling iri-string v0.7.10
[21:38:16]    Compiling crossbeam-deque v0.8.6
[21:38:16]    Compiling hyper-rustls v0.27.7
[21:38:16]    Compiling tower-http v0.6.8
[21:38:16]    Compiling rustls-platform-verifier v0.6.2
[21:38:16]    Compiling gix-ref v0.57.0
[21:38:16]    Compiling gix-url v0.34.0
[21:38:16]    Compiling gix-packetline v0.20.0
[21:38:16]    Compiling winapi v0.3.9
[21:38:16]    Compiling rustversion v1.0.22
[21:38:16]    Compiling mime v0.3.17
[21:38:16]    Compiling zmij v1.0.12
[21:38:16]    Compiling rayon-core v1.13.0
[21:38:16]    Compiling reqwest v0.13.1
[21:38:16]    Compiling gix-prompt v0.12.0
[21:38:16]    Compiling gix-traverse v0.51.1
[21:38:16]    Compiling gix-revision v0.39.0
[21:38:16]    Compiling filetime v0.2.26
[21:38:16]    Compiling semver v1.0.27
[21:38:16]    Compiling termcolor v1.4.1
[21:38:16]    Compiling gix-bitmap v0.2.15
[21:38:16]    Compiling once_cell_polyfill v1.70.2
[21:38:16]    Compiling zstd-safe v7.2.4
[21:38:16]    Compiling autocfg v1.5.0
[21:38:16]    Compiling camino v1.2.2
[21:38:16]    Compiling utf8parse v0.2.2
[21:38:16]    Compiling anstyle v1.0.13
[21:38:16]    Compiling unicode-width v0.2.2
[21:38:16]    Compiling heck v0.5.0
[21:38:16]    Compiling serde_json v1.0.149
[21:38:16]    Compiling target-lexicon v0.13.3
[21:38:16]    Compiling codespan-reporting v0.13.1
[21:38:16]    Compiling anstyle-wincon v3.0.11
[21:38:16]    Compiling anstyle-parse v0.2.7
[21:38:16]    Compiling fs-err v3.2.2
[21:38:16]    Compiling gix-index v0.45.1
[21:38:16]    Compiling gix-refspec v0.35.0
[21:38:16]    Compiling gix-credentials v0.34.1
[21:38:16]    Compiling gix-ignore v0.18.0
[21:38:16]    Compiling serde_spanned v1.0.4
[21:38:16]    Compiling toml_datetime v0.7.5+spec-1.1.0
[21:38:16]    Compiling toml_parser v1.0.6+spec-1.1.0
[21:38:16]    Compiling anstyle-query v1.1.5
[21:38:16]    Compiling is_terminal_polyfill v1.70.2
[21:38:16]    Compiling either v1.15.0
[21:38:16]    Compiling colorchoice v1.0.4
[21:38:16]    Compiling toml_writer v1.0.6+spec-1.1.0
[21:38:16]    Compiling radium v0.7.0
[21:38:16]    Compiling foldhash v0.1.5
[21:38:16]    Compiling clru v0.6.2
[21:38:16]    Compiling signal-hook v0.3.18
[21:38:16]    Compiling gix-pack v0.64.1
[21:38:16]    Compiling hashbrown v0.15.5
[21:38:16]    Compiling toml v0.9.10+spec-1.1.0
[21:38:16]    Compiling anstream v0.6.21
[21:38:16]    Compiling rayon v1.11.0
[21:38:16]    Compiling gix-worktree v0.46.0
[21:38:16]    Compiling arc-swap v1.8.0
[21:38:16]    Compiling io-close v0.3.7
[21:38:16]    Compiling gix-transport v0.52.1
[21:38:16]    Compiling gix-filter v0.24.1
[21:38:16]    Compiling gix-config v0.50.0
[21:38:16]    Compiling gix-pathspec v0.14.0
[21:38:16]    Compiling crossbeam-channel v0.5.15
[21:38:16]    Compiling gix-shallow v0.7.0
[21:38:16]    Compiling gix-negotiate v0.25.0
[21:38:16]    Compiling maybe-async v0.2.10
[21:38:16]    Compiling scroll_derive v0.13.1
[21:38:16]    Compiling clap_lex v0.7.6
[21:38:16]    Compiling anyhow v1.0.100
[21:38:16]    Compiling time-core v0.1.6
[21:38:16]    Compiling powerfmt v0.2.0
[21:38:16]    Compiling strsim v0.11.1
[21:38:16]    Compiling num-conv v0.1.0
[21:38:16]    Compiling fixedbitset v0.5.7
[21:38:16]    Compiling tap v1.0.1
[21:38:16]    Compiling dunce v1.0.5
[21:38:16]    Compiling wyz v0.5.1
[21:38:16]    Compiling gix-discover v0.45.0
[21:38:16]    Compiling petgraph v0.8.3
[21:38:16]    Compiling time-macros v0.2.24
[21:38:16]    Compiling clap_builder v4.5.54
[21:38:16]    Compiling deranged v0.5.5
[21:38:16]    Compiling scroll v0.13.0
[21:38:16]    Compiling gix-protocol v0.55.0
[21:38:16]    Compiling gix-submodule v0.24.0
[21:38:16]    Compiling gix-worktree-state v0.24.0
[21:38:16]    Compiling cfg-expr v0.20.5
[21:38:16]    Compiling gix-odb v0.74.0
[21:38:16]    Compiling zstd v0.13.3
[21:38:16]    Compiling cargo-lock v11.0.0
[21:38:16]    Compiling toml-span v0.6.0
[21:38:16]    Compiling strum_macros v0.27.2
[21:38:16]    Compiling clap_derive v4.5.49
[21:38:16]    Compiling crossbeam-queue v0.3.12
[21:38:16]    Compiling cvss v2.2.0
[21:38:16]    Compiling platforms v3.7.0
[21:38:16]    Compiling smol_str v0.3.2
[21:38:16]    Compiling gix-diff v0.57.1
[21:38:16]    Compiling sha2 v0.10.9
[21:38:16]    Compiling regex v1.12.2
[21:38:16]    Compiling home v0.5.12
[21:38:16]    Compiling funty v2.0.0
[21:38:16]    Compiling twox-hash v2.1.2
[21:38:16]    Compiling plain v0.2.3
[21:38:16]    Compiling rustc-stable-hash v0.1.2
[21:38:16]    Compiling tame-index v0.26.0
[21:38:16]    Compiling time v0.3.44
[21:38:16]    Compiling bitvec v1.0.1
[21:38:16]    Compiling goblin v0.10.4
[21:38:16]    Compiling spdx v0.13.3
[21:38:16]    Compiling gix v0.77.0
[21:38:16]    Compiling rustsec v0.31.0
[21:38:16]    Compiling clap v4.5.54
[21:38:16]    Compiling crossbeam v0.8.4
[21:38:16]    Compiling strum v0.27.2
[21:38:16]    Compiling krates v0.20.0
[21:38:16]    Compiling codespan v0.13.1
[21:38:16]    Compiling fern v0.7.1
[21:38:16]    Compiling globset v0.4.18
[21:38:16]    Compiling nu-ansi-term v0.50.3
[21:38:16]    Compiling cargo-deny v0.19.0
[21:38:16]     Finished `release` profile [optimized] target(s) in 11m 33s
[21:38:16]   Installing C:\Users\ContainerAdministrator\scoop\persist\rustup\.cargo\bin\cargo-deny.exe
[21:38:16]    Installed package `cargo-deny v0.19.0` (executable `cargo-deny.exe`)
[21:38:16]      Summary Successfully installed cargo-audit, cargo-deny!
[21:38:16] CMD: cargo audit
[21:38:24] Crate:     rustls-webpki
[21:38:24] Version:   0.103.9
[21:38:24] Title:     CRLs not considered authoritative by Distribution Point due to faulty matching logic
[21:38:24] Date:      2026-03-20
[21:38:24] ID:        RUSTSEC-2026-0049
[21:38:24] URL:       https://rustsec.org/advisories/RUSTSEC-2026-0049
[21:38:24] Solution:  Upgrade to >=0.103.10
[21:38:24] Dependency tree:
[21:38:24] rustls-webpki 0.103.9
[21:38:24] â””â”€â”€ rustls 0.23.37
[21:38:24]     â”œâ”€â”€ tokio-rustls 0.26.4
[21:38:24]     â”‚   â”œâ”€â”€ reqwest 0.12.28
[21:38:24]     â”‚   â”‚   â””â”€â”€ tracel-llvm-bundler 20.1.4-7
[21:38:24]     â”‚   â”‚       â”œâ”€â”€ tracel-tblgen-rs 20.1.4-7
[21:38:24]     â”‚   â”‚       â”‚   â””â”€â”€ tracel-mlir-rs-macros 20.1.4-7
[21:38:24]     â”‚   â”‚       â”‚       â””â”€â”€ tracel-mlir-rs 20.1.4-7
[21:38:24]     â”‚   â”‚       â”‚           â””â”€â”€ tracel-llvm 20.1.4-7
[21:38:24]     â”‚   â”‚       â”‚               â””â”€â”€ cubecl-cpu 0.9.0
[21:38:24]     â”‚   â”‚       â”‚                   â””â”€â”€ cubecl 0.9.0
[21:38:24]     â”‚   â”‚       â”‚                       â”œâ”€â”€ cubek-reduce 0.1.1
[21:38:24]     â”‚   â”‚       â”‚                       â”‚   â””â”€â”€ cubek 0.1.1
[21:38:24]     â”‚   â”‚       â”‚                       â”‚       â”œâ”€â”€ burn-cubecl-fusion 0.20.1
[21:38:24]     â”‚   â”‚       â”‚                       â”‚       â”‚   â””â”€â”€ burn-cubecl 0.20.1
[21:38:25]     â”‚   â”‚       â”‚                       â”‚       â”‚       â”œâ”€â”€ burn-wgpu 0.20.1
[21:38:25]     â”‚   â”‚       â”‚                       â”‚       â”‚       â”‚   â””â”€â”€ burn 0.20.1
[21:38:25]     â”‚   â”‚       â”‚                       â”‚       â”‚       â”‚       â””â”€â”€ kataglyphis_rustprojecttemplate 0.1.0
[21:38:25]     â”‚   â”‚       â”‚                       â”‚       â”‚       â”œâ”€â”€ burn-rocm 0.20.1
[21:38:25]     â”‚   â”‚       â”‚                       â”‚       â”‚       â”‚   â””â”€â”€ burn 0.20.1
[21:38:25]     â”‚   â”‚       â”‚                       â”‚       â”‚       â”œâ”€â”€ burn-cuda 0.20.1
[21:38:25]     â”‚   â”‚       â”‚                       â”‚       â”‚       â”‚   â””â”€â”€ burn 0.20.1
[21:38:25]     â”‚   â”‚       â”‚                       â”‚       â”‚       â””â”€â”€ burn-cpu 0.20.1
[21:38:25]     â”‚   â”‚       â”‚                       â”‚       â”‚           â””â”€â”€ burn 0.20.1
[21:38:25]     â”‚   â”‚       â”‚                       â”‚       â””â”€â”€ burn-cubecl 0.20.1
[21:38:25]     â”‚   â”‚       â”‚                       â”œâ”€â”€ cubek-random 0.1.1
[21:38:25]     â”‚   â”‚       â”‚                       â”‚   â”œâ”€â”€ cubek-attention 0.1.1
[21:38:25]     â”‚   â”‚       â”‚                       â”‚   â”‚   â””â”€â”€ cubek 0.1.1
[21:38:25]     â”‚   â”‚       â”‚                       â”‚   â””â”€â”€ cubek 0.1.1
[21:38:25]     â”‚   â”‚       â”‚                       â”œâ”€â”€ cubek-quant 0.1.1
[21:38:25]     â”‚   â”‚       â”‚                       â”‚   â””â”€â”€ cubek 0.1.1
[21:38:25]     â”‚   â”‚       â”‚                       â”œâ”€â”€ cubek-matmul 0.1.1
[21:38:25]     â”‚   â”‚       â”‚                       â”‚   â”œâ”€â”€ cubek-convolution 0.1.1
[21:38:25]     â”‚   â”‚       â”‚                       â”‚   â”‚   â””â”€â”€ cubek 0.1.1
[21:38:25]     â”‚   â”‚       â”‚                       â”‚   â”œâ”€â”€ cubek-attention 0.1.1
[21:38:25]     â”‚   â”‚       â”‚                       â”‚   â””â”€â”€ cubek 0.1.1
[21:38:25]     â”‚   â”‚       â”‚                       â”œâ”€â”€ cubek-convolution 0.1.1
[21:38:25]     â”‚   â”‚       â”‚                       â”œâ”€â”€ cubek-attention 0.1.1
[21:38:25]     â”‚   â”‚       â”‚                       â”œâ”€â”€ cubek 0.1.1
[21:38:25]     â”‚   â”‚       â”‚                       â”œâ”€â”€ burn-wgpu 0.20.1
[21:38:25]     â”‚   â”‚       â”‚                       â”œâ”€â”€ burn-std 0.20.1
[21:38:25]     â”‚   â”‚       â”‚                       â”‚   â”œâ”€â”€ burn-tensor 0.20.1
[21:38:25]     â”‚   â”‚       â”‚                       â”‚   â”‚   â”œâ”€â”€ burn-store 0.20.1
[21:38:25]     â”‚   â”‚       â”‚                       â”‚   â”‚   â”‚   â””â”€â”€ burn 0.20.1
[21:38:25]     â”‚   â”‚       â”‚                       â”‚   â”‚   â””â”€â”€ burn-core 0.20.1
[21:38:25]     â”‚   â”‚       â”‚                       â”‚   â”‚       â”œâ”€â”€ burn-store 0.20.1
[21:38:25]     â”‚   â”‚       â”‚                       â”‚   â”‚       â”œâ”€â”€ burn-optim 0.20.1
[21:38:25]     â”‚   â”‚       â”‚                       â”‚   â”‚       â”‚   â””â”€â”€ burn 0.20.1
[21:38:25]     â”‚   â”‚       â”‚                       â”‚   â”‚       â”œâ”€â”€ burn-nn 0.20.1
[21:38:25]     â”‚   â”‚       â”‚                       â”‚   â”‚       â”‚   â”œâ”€â”€ burn-store 0.20.1
[21:38:25]     â”‚   â”‚       â”‚                       â”‚   â”‚       â”‚   â””â”€â”€ burn 0.20.1
[21:38:25]     â”‚   â”‚       â”‚                       â”‚   â”‚       â””â”€â”€ burn 0.20.1
[21:38:25]     â”‚   â”‚       â”‚                       â”‚   â”œâ”€â”€ burn-router 0.20.1
[21:38:25]     â”‚   â”‚       â”‚                       â”‚   â”‚   â””â”€â”€ burn 0.20.1
[21:38:25]     â”‚   â”‚       â”‚                       â”‚   â”œâ”€â”€ burn-ndarray 0.20.1
[21:38:25]     â”‚   â”‚       â”‚                       â”‚   â”‚   â”œâ”€â”€ kataglyphis_rustprojecttemplate 0.1.0
[21:38:25]     â”‚   â”‚       â”‚                       â”‚   â”‚   â””â”€â”€ burn 0.20.1
[21:38:25]     â”‚   â”‚       â”‚                       â”‚   â”œâ”€â”€ burn-cubecl-fusion 0.20.1
[21:38:25]     â”‚   â”‚       â”‚                       â”‚   â”œâ”€â”€ burn-cubecl 0.20.1
[21:38:25]     â”‚   â”‚       â”‚                       â”‚   â”œâ”€â”€ burn-core 0.20.1
[21:38:25]     â”‚   â”‚       â”‚                       â”‚   â”œâ”€â”€ burn-candle 0.20.1
[21:38:25]     â”‚   â”‚       â”‚                       â”‚   â”‚   â””â”€â”€ burn 0.20.1
[21:38:25]     â”‚   â”‚       â”‚                       â”‚   â”œâ”€â”€ burn-backend 0.20.1
[21:38:25]     â”‚   â”‚       â”‚                       â”‚   â”‚   â”œâ”€â”€ burn-wgpu 0.20.1
[21:38:25]     â”‚   â”‚       â”‚                       â”‚   â”‚   â”œâ”€â”€ burn-tensor 0.20.1
[21:38:25]     â”‚   â”‚       â”‚                       â”‚   â”‚   â”œâ”€â”€ burn-router 0.20.1
[21:38:25]     â”‚   â”‚       â”‚                       â”‚   â”‚   â”œâ”€â”€ burn-rocm 0.20.1
[21:38:25]     â”‚   â”‚       â”‚                       â”‚   â”‚   â”œâ”€â”€ burn-ndarray 0.20.1
[21:38:25]     â”‚   â”‚       â”‚                       â”‚   â”‚   â”œâ”€â”€ burn-ir 0.20.1
[21:38:25]     â”‚   â”‚       â”‚                       â”‚   â”‚   â”‚   â”œâ”€â”€ burn-router 0.20.1
[21:38:25]     â”‚   â”‚       â”‚                       â”‚   â”‚   â”‚   â”œâ”€â”€ burn-ndarray 0.20.1
[21:38:25]     â”‚   â”‚       â”‚                       â”‚   â”‚   â”‚   â”œâ”€â”€ burn-fusion 0.20.1
[21:38:25]     â”‚   â”‚       â”‚                       â”‚   â”‚   â”‚   â”‚   â”œâ”€â”€ burn-cubecl-fusion 0.20.1
[21:38:25]     â”‚   â”‚       â”‚                       â”‚   â”‚   â”‚   â”‚   â””â”€â”€ burn-cubecl 0.20.1
[21:38:25]     â”‚   â”‚       â”‚                       â”‚   â”‚   â”‚   â”œâ”€â”€ burn-cubecl-fusion 0.20.1
[21:38:25]     â”‚   â”‚       â”‚                       â”‚   â”‚   â”‚   â””â”€â”€ burn-cubecl 0.20.1
[21:38:25]     â”‚   â”‚       â”‚                       â”‚   â”‚   â”œâ”€â”€ burn-fusion 0.20.1
[21:38:25]     â”‚   â”‚       â”‚                       â”‚   â”‚   â”œâ”€â”€ burn-cuda 0.20.1
[21:38:25]     â”‚   â”‚       â”‚                       â”‚   â”‚   â”œâ”€â”€ burn-cubecl-fusion 0.20.1
[21:38:25]     â”‚   â”‚       â”‚                       â”‚   â”‚   â”œâ”€â”€ burn-cubecl 0.20.1
[21:38:25]     â”‚   â”‚       â”‚                       â”‚   â”‚   â”œâ”€â”€ burn-cpu 0.20.1
[21:38:25]     â”‚   â”‚       â”‚                       â”‚   â”‚   â”œâ”€â”€ burn-candle 0.20.1
[21:38:25]     â”‚   â”‚       â”‚                       â”‚   â”‚   â””â”€â”€ burn-autodiff 0.20.1
[21:38:25]     â”‚   â”‚       â”‚                       â”‚   â”‚       â”œâ”€â”€ kataglyphis_rustprojecttemplate 0.1.0
[21:38:25]     â”‚   â”‚       â”‚                       â”‚   â”‚       â”œâ”€â”€ burn-ndarray 0.20.1
[21:38:25]     â”‚   â”‚       â”‚                       â”‚   â”‚       â””â”€â”€ burn 0.20.1
[21:38:25]     â”‚   â”‚       â”‚                       â”‚   â””â”€â”€ burn-autodiff 0.20.1
[21:38:25]     â”‚   â”‚       â”‚                       â”œâ”€â”€ burn-rocm 0.20.1
[21:38:25]     â”‚   â”‚       â”‚                       â”œâ”€â”€ burn-cuda 0.20.1
[21:38:25]     â”‚   â”‚       â”‚                       â”œâ”€â”€ burn-cubecl-fusion 0.20.1
[21:38:25]     â”‚   â”‚       â”‚                       â”œâ”€â”€ burn-cubecl 0.20.1
[21:38:25]     â”‚   â”‚       â”‚                       â”œâ”€â”€ burn-cpu 0.20.1
[21:38:25]     â”‚   â”‚       â”‚                       â””â”€â”€ burn-backend 0.20.1
[21:38:25]     â”‚   â”‚       â”œâ”€â”€ tracel-mlir-sys 20.1.4-7
[21:38:25]     â”‚   â”‚       â”‚   â”œâ”€â”€ tracel-mlir-rs 20.1.4-7
[21:38:25]     â”‚   â”‚       â”‚   â””â”€â”€ tracel-llvm 20.1.4-7
[21:38:25]     â”‚   â”‚       â”œâ”€â”€ tracel-mlir-rs-macros 20.1.4-7
[21:38:25]     â”‚   â”‚       â””â”€â”€ cubecl-cpu 0.9.0
[21:38:25]     â”‚   â””â”€â”€ hyper-rustls 0.27.7
[21:38:25]     â”‚       â””â”€â”€ reqwest 0.12.28
[21:38:25]     â”œâ”€â”€ reqwest 0.12.28
[21:38:25]     â”œâ”€â”€ quinn-proto 0.11.14
[21:38:25]     â”‚   â””â”€â”€ quinn 0.11.9
[21:38:25]     â”‚       â””â”€â”€ reqwest 0.12.28
[21:38:25]     â”œâ”€â”€ quinn 0.11.9
[21:38:25]     â””â”€â”€ hyper-rustls 0.27.7
[21:38:25] Crate:     tar
[21:38:25] Version:   0.4.44
[21:38:25] Title:     `unpack_in` can chmod arbitrary directories by following symlinks
[21:38:25] Date:      2026-03-19
[21:38:25] ID:        RUSTSEC-2026-0067
[21:38:25] URL:       https://rustsec.org/advisories/RUSTSEC-2026-0067
[21:38:25] Severity:  5.1 (medium)
[21:38:25] Solution:  Upgrade to >=0.4.45
[21:38:25] Dependency tree:
[21:38:25] tar 0.4.44
[21:38:25] â”œâ”€â”€ tract-nnef 0.22.1
[21:38:25] â”‚   â”œâ”€â”€ tract-onnx-opl 0.22.1
[21:38:25] â”‚   â”‚   â””â”€â”€ tract-onnx 0.22.1
[21:38:25] â”‚   â”‚       â””â”€â”€ kataglyphis_rustprojecttemplate 0.1.0
[21:38:25] â”‚   â””â”€â”€ tract-onnx 0.22.1
[21:38:25] â””â”€â”€ tracel-llvm-bundler 20.1.4-7
[21:38:25]     â”œâ”€â”€ tracel-tblgen-rs 20.1.4-7
[21:38:25]     â”‚   â””â”€â”€ tracel-mlir-rs-macros 20.1.4-7
[21:38:25]     â”‚       â””â”€â”€ tracel-mlir-rs 20.1.4-7
[21:38:25]     â”‚           â””â”€â”€ tracel-llvm 20.1.4-7
[21:38:25]     â”‚               â””â”€â”€ cubecl-cpu 0.9.0
[21:38:25]     â”‚                   â””â”€â”€ cubecl 0.9.0
[21:38:25]     â”‚                       â”œâ”€â”€ cubek-reduce 0.1.1
[21:38:25]     â”‚                       â”‚   â””â”€â”€ cubek 0.1.1
[21:38:25]     â”‚                       â”‚       â”œâ”€â”€ burn-cubecl-fusion 0.20.1
[21:38:25]     â”‚                       â”‚       â”‚   â””â”€â”€ burn-cubecl 0.20.1
[21:38:25]     â”‚                       â”‚       â”‚       â”œâ”€â”€ burn-wgpu 0.20.1
[21:38:25]     â”‚                       â”‚       â”‚       â”‚   â””â”€â”€ burn 0.20.1
[21:38:25]     â”‚                       â”‚       â”‚       â”‚       â””â”€â”€ kataglyphis_rustprojecttemplate 0.1.0
[21:38:25]     â”‚                       â”‚       â”‚       â”œâ”€â”€ burn-rocm 0.20.1
[21:38:25]     â”‚                       â”‚       â”‚       â”‚   â””â”€â”€ burn 0.20.1
[21:38:25]     â”‚                       â”‚       â”‚       â”œâ”€â”€ burn-cuda 0.20.1
[21:38:25]     â”‚                       â”‚       â”‚       â”‚   â””â”€â”€ burn 0.20.1
[21:38:25]     â”‚                       â”‚       â”‚       â””â”€â”€ burn-cpu 0.20.1
[21:38:25]     â”‚                       â”‚       â”‚           â””â”€â”€ burn 0.20.1
[21:38:25]     â”‚                       â”‚       â””â”€â”€ burn-cubecl 0.20.1
[21:38:25]     â”‚                       â”œâ”€â”€ cubek-random 0.1.1
[21:38:25]     â”‚                       â”‚   â”œâ”€â”€ cubek-attention 0.1.1
[21:38:25]     â”‚                       â”‚   â”‚   â””â”€â”€ cubek 0.1.1
[21:38:25]     â”‚                       â”‚   â””â”€â”€ cubek 0.1.1
[21:38:25]     â”‚                       â”œâ”€â”€ cubek-quant 0.1.1
[21:38:25]     â”‚                       â”‚   â””â”€â”€ cubek 0.1.1
[21:38:25]     â”‚                       â”œâ”€â”€ cubek-matmul 0.1.1
[21:38:25]     â”‚                       â”‚   â”œâ”€â”€ cubek-convolution 0.1.1
[21:38:25]     â”‚                       â”‚   â”‚   â””â”€â”€ cubek 0.1.1
[21:38:25]     â”‚                       â”‚   â”œâ”€â”€ cubek-attention 0.1.1
[21:38:25]     â”‚                       â”‚   â””â”€â”€ cubek 0.1.1
[21:38:25]     â”‚                       â”œâ”€â”€ cubek-convolution 0.1.1
[21:38:25]     â”‚                       â”œâ”€â”€ cubek-attention 0.1.1
[21:38:25]     â”‚                       â”œâ”€â”€ cubek 0.1.1
[21:38:25]     â”‚                       â”œâ”€â”€ burn-wgpu 0.20.1
[21:38:25]     â”‚                       â”œâ”€â”€ burn-std 0.20.1
[21:38:25]     â”‚                       â”‚   â”œâ”€â”€ burn-tensor 0.20.1
[21:38:25]     â”‚                       â”‚   â”‚   â”œâ”€â”€ burn-store 0.20.1
[21:38:25]     â”‚                       â”‚   â”‚   â”‚   â””â”€â”€ burn 0.20.1
[21:38:25]     â”‚                       â”‚   â”‚   â””â”€â”€ burn-core 0.20.1
[21:38:25]     â”‚                       â”‚   â”‚       â”œâ”€â”€ burn-store 0.20.1
[21:38:25]     â”‚                       â”‚   â”‚       â”œâ”€â”€ burn-optim 0.20.1
[21:38:25]     â”‚                       â”‚   â”‚       â”‚   â””â”€â”€ burn 0.20.1
[21:38:25]     â”‚                       â”‚   â”‚       â”œâ”€â”€ burn-nn 0.20.1
[21:38:25]     â”‚                       â”‚   â”‚       â”‚   â”œâ”€â”€ burn-store 0.20.1
[21:38:25]     â”‚                       â”‚   â”‚       â”‚   â””â”€â”€ burn 0.20.1
[21:38:25]     â”‚                       â”‚   â”‚       â””â”€â”€ burn 0.20.1
[21:38:25]     â”‚                       â”‚   â”œâ”€â”€ burn-router 0.20.1
[21:38:25]     â”‚                       â”‚   â”‚   â””â”€â”€ burn 0.20.1
[21:38:25]     â”‚                       â”‚   â”œâ”€â”€ burn-ndarray 0.20.1
[21:38:25]     â”‚                       â”‚   â”‚   â”œâ”€â”€ kataglyphis_rustprojecttemplate 0.1.0
[21:38:25]     â”‚                       â”‚   â”‚   â””â”€â”€ burn 0.20.1
[21:38:25]     â”‚                       â”‚   â”œâ”€â”€ burn-cubecl-fusion 0.20.1
[21:38:25]     â”‚                       â”‚   â”œâ”€â”€ burn-cubecl 0.20.1
[21:38:25]     â”‚                       â”‚   â”œâ”€â”€ burn-core 0.20.1
[21:38:25]     â”‚                       â”‚   â”œâ”€â”€ burn-candle 0.20.1
[21:38:25]     â”‚                       â”‚   â”‚   â””â”€â”€ burn 0.20.1
[21:38:25]     â”‚                       â”‚   â”œâ”€â”€ burn-backend 0.20.1
[21:38:25]     â”‚                       â”‚   â”‚   â”œâ”€â”€ burn-wgpu 0.20.1
[21:38:25]     â”‚                       â”‚   â”‚   â”œâ”€â”€ burn-tensor 0.20.1
[21:38:25]     â”‚                       â”‚   â”‚   â”œâ”€â”€ burn-router 0.20.1
[21:38:25]     â”‚                       â”‚   â”‚   â”œâ”€â”€ burn-rocm 0.20.1
[21:38:25]     â”‚                       â”‚   â”‚   â”œâ”€â”€ burn-ndarray 0.20.1
[21:38:25]     â”‚                       â”‚   â”‚   â”œâ”€â”€ burn-ir 0.20.1
[21:38:25]     â”‚                       â”‚   â”‚   â”‚   â”œâ”€â”€ burn-router 0.20.1
[21:38:25]     â”‚                       â”‚   â”‚   â”‚   â”œâ”€â”€ burn-ndarray 0.20.1
[21:38:25]     â”‚                       â”‚   â”‚   â”‚   â”œâ”€â”€ burn-fusion 0.20.1
[21:38:25]     â”‚                       â”‚   â”‚   â”‚   â”‚   â”œâ”€â”€ burn-cubecl-fusion 0.20.1
[21:38:25]     â”‚                       â”‚   â”‚   â”‚   â”‚   â””â”€â”€ burn-cubecl 0.20.1
[21:38:25]     â”‚                       â”‚   â”‚   â”‚   â”œâ”€â”€ burn-cubecl-fusion 0.20.1
[21:38:25]     â”‚                       â”‚   â”‚   â”‚   â””â”€â”€ burn-cubecl 0.20.1
[21:38:25]     â”‚                       â”‚   â”‚   â”œâ”€â”€ burn-fusion 0.20.1
[21:38:25]     â”‚                       â”‚   â”‚   â”œâ”€â”€ burn-cuda 0.20.1
[21:38:25]     â”‚                       â”‚   â”‚   â”œâ”€â”€ burn-cubecl-fusion 0.20.1
[21:38:25]     â”‚                       â”‚   â”‚   â”œâ”€â”€ burn-cubecl 0.20.1
[21:38:25]     â”‚                       â”‚   â”‚   â”œâ”€â”€ burn-cpu 0.20.1
[21:38:25]     â”‚                       â”‚   â”‚   â”œâ”€â”€ burn-candle 0.20.1
[21:38:25]     â”‚                       â”‚   â”‚   â””â”€â”€ burn-autodiff 0.20.1
[21:38:25]     â”‚                       â”‚   â”‚       â”œâ”€â”€ kataglyphis_rustprojecttemplate 0.1.0
[21:38:25]     â”‚                       â”‚   â”‚       â”œâ”€â”€ burn-ndarray 0.20.1
[21:38:25]     â”‚                       â”‚   â”‚       â””â”€â”€ burn 0.20.1
[21:38:25]     â”‚                       â”‚   â””â”€â”€ burn-autodiff 0.20.1
[21:38:25]     â”‚                       â”œâ”€â”€ burn-rocm 0.20.1
[21:38:25]     â”‚                       â”œâ”€â”€ burn-cuda 0.20.1
[21:38:25]     â”‚                       â”œâ”€â”€ burn-cubecl-fusion 0.20.1
[21:38:25]     â”‚                       â”œâ”€â”€ burn-cubecl 0.20.1
[21:38:25]     â”‚                       â”œâ”€â”€ burn-cpu 0.20.1
[21:38:25]     â”‚                       â””â”€â”€ burn-backend 0.20.1
[21:38:25]     â”œâ”€â”€ tracel-mlir-sys 20.1.4-7
[21:38:25]     â”‚   â”œâ”€â”€ tracel-mlir-rs 20.1.4-7
[21:38:25]     â”‚   â””â”€â”€ tracel-llvm 20.1.4-7
[21:38:25]     â”œâ”€â”€ tracel-mlir-rs-macros 20.1.4-7
[21:38:25]     â””â”€â”€ cubecl-cpu 0.9.0
[21:38:25] Crate:     tar
[21:38:25] Version:   0.4.44
[21:38:25] Title:     tar-rs incorrectly ignores PAX size headers if header size is nonzero
[21:38:25] Date:      2026-03-19
[21:38:25] ID:        RUSTSEC-2026-0068
[21:38:25] URL:       https://rustsec.org/advisories/RUSTSEC-2026-0068
[21:38:25] Severity:  5.1 (medium)
[21:38:25] Solution:  Upgrade to >=0.4.45
[21:38:25]     Fetching advisory database from `https://github.com/RustSec/advisory-db.git`
[21:38:25]       Loaded 1017 security advisories (from C:\Users\ContainerAdministrator\scoop\persist\rustup\.cargo\advisory-db)
[21:38:25]     Updating crates.io index
[21:38:25]     Scanning Cargo.lock for vulnerabilities (836 crate dependencies)
[21:38:25] error: 3 vulnerabilities found!
[21:38:25] WARNING: cargo audit failed or not available: Command failed with exit code 1: cargo audit
[21:38:25] CMD: cargo deny check advisories licenses bans sources
[21:38:50] advisories FAILED, bans ok, licenses ok, sources ok
[21:38:50] error[vulnerability]: `unpack_in` can chmod arbitrary directories by following symlinks
[21:38:50]     â”Œâ”€ C:\workspace/Cargo.lock:405:1
[21:38:50]     â”‚
[21:38:50] 405 â”‚ tar 0.4.44 registry+https://github.com/rust-lang/crates.io-index
[21:38:50]     â”‚ â”â”â”â”â”â”â”â”â”â”â”â”â”â”â”â”â”â”â”â”â”â”â”â”â”â”â”â”â”â”â”â”â”â”â”â”â”â”â”â”â”â”â”â”â”â”â”â”â”â”â”â”â”â”â”â”â”â”â”â”â”â”â”â” security vulnerability detected
[21:38:50]     â”‚
[21:38:50]     â”œ ID: RUSTSEC-2026-0067
[21:38:50]     â”œ Advisory: https://rustsec.org/advisories/RUSTSEC-2026-0067
[21:38:50]     â”œ In versions 0.4.44 and below of tar-rs, when unpacking a tar archive, the tar
[21:38:50]       crate's `unpack_dir` function uses [`fs::metadata()`][fs-metadata] to check
[21:38:50]       whether a path that already exists is a directory. Because `fs::metadata()`
[21:38:50]       follows symbolic links, a crafted tarball containing a symlink entry followed
[21:38:50]       by a directory entry with the same name causes the crate to treat the symlink
[21:38:50]       target as a valid existing directory â€” and subsequently apply chmod to it. This
[21:38:50]       allows an attacker to modify the permissions of arbitrary directories outside
[21:38:50]       the extraction root.
[21:38:50]       This issue has been fixed in version 0.4.45.
[21:38:50]       [fs-metadata]: https://doc.rust-lang.org/std/fs/fn.metadata.html
[21:38:50]     â”œ Solution: Upgrade to >=0.4.45 (try `cargo update -p tar`)
[21:38:50]     â”œ tar v0.4.44
[21:38:50]       â””â”€â”€ tract-nnef v0.22.1
[21:38:50]           â”œâ”€â”€ tract-onnx v0.22.1
[21:38:50]           â”‚   â””â”€â”€ kataglyphis_rustprojecttemplate v0.1.0
[21:38:50]           â””â”€â”€ tract-onnx-opl v0.22.1
[21:38:50]               â””â”€â”€ tract-onnx v0.22.1 (*)
[21:38:50] error[vulnerability]: tar-rs incorrectly ignores PAX size headers if header size is nonzero
[21:38:50]     â”Œâ”€ C:\workspace/Cargo.lock:405:1
[21:38:50]     â”‚
[21:38:50] 405 â”‚ tar 0.4.44 registry+https://github.com/rust-lang/crates.io-index
[21:38:50]     â”‚ â”â”â”â”â”â”â”â”â”â”â”â”â”â”â”â”â”â”â”â”â”â”â”â”â”â”â”â”â”â”â”â”â”â”â”â”â”â”â”â”â”â”â”â”â”â”â”â”â”â”â”â”â”â”â”â”â”â”â”â”â”â”â”â” security vulnerability detected
[21:38:50]     â”‚
[21:38:50]     â”œ ID: RUSTSEC-2026-0068
[21:38:50]     â”œ Advisory: https://rustsec.org/advisories/RUSTSEC-2026-0068
[21:38:50]     â”œ Versions 0.4.44 and below of tar-rs have conditional logic that skips the PAX
[21:38:50]       size header in cases where the base header size is nonzero.
[21:38:50]       As part of [CVE-2025-62518][astral-cve], the [astral-tokio-tar]
[21:38:50]       project was changed to correctly honor PAX size headers in the case where it
[21:38:50]       was different from the base header. This is almost the inverse of the
[21:38:50]       astral-tokio-tar issue.
[21:38:50]       Any discrepancy in how tar parsers honor file size can be used to create
[21:38:50]       archives that appear differently when unpacked by different archivers. In this
[21:38:50]       case, the tar-rs (Rust tar) crate is an outlier in checking for the header size
[21:38:50]       â€” other tar parsers (including e.g. Go [`archive/tar`][go-tar]) unconditionally
[21:38:50]       use the PAX size override. This can affect anything that uses the tar crate to
[21:38:50]       parse archives and expects to have a consistent view with other parsers.
[21:38:50]       This issue has been fixed in version 0.4.45.
[21:38:50]       [astral-cve]: https://www.cve.org/CVERecord?id=CVE-2025-62518
[21:38:50]       [astral-tokio-tar]: https://github.com/astral-sh/tokio-tar
[21:38:50]       [go-tar]: https://pkg.go.dev/archive/tar
[21:38:50]     â”œ Solution: Upgrade to >=0.4.45 (try `cargo update -p tar`)
[21:38:50]     â”œ tar v0.4.44
[21:38:50]       â””â”€â”€ tract-nnef v0.22.1
[21:38:50]           â”œâ”€â”€ tract-onnx v0.22.1
[21:38:50]           â”‚   â””â”€â”€ kataglyphis_rustprojecttemplate v0.1.0
[21:38:50]           â””â”€â”€ tract-onnx-opl v0.22.1
[21:38:50]               â””â”€â”€ tract-onnx v0.22.1 (*)
[21:38:50] warning[unmatched-source]: allowed source was not encountered
[21:38:50]    â”Œâ”€ C:\workspace\deny.toml:41:4
[21:38:50]    â”‚
[21:38:50] 41 â”‚   "https://github.com/Traverse-Research/gpu-allocator",
[21:38:50]    â”‚    â”â”â”â”â”â”â”â”â”â”â”â”â”â”â”â”â”â”â”â”â”â”â”â”â”â”â”â”â”â”â”â”â”â”â”â”â”â”â”â”â”â”â”â”â”â”â”â”â”â” no crate source matched these criteria
[21:38:50] warning[duplicate]: found 2 duplicate entries for crate 'bit-set'
[21:38:50]    â”Œâ”€ C:\workspace/Cargo.lock:31:1
[21:38:50]    â”‚  
[21:38:50] 31 â”‚ â•­ bit-set 0.5.3 registry+https://github.com/rust-lang/crates.io-index
[21:38:50] 32 â”‚ â”‚ bit-set 0.8.0 registry+https://github.com/rust-lang/crates.io-index
[21:38:50]    â”‚ â•°â”€â”€â”€â”€â”€â”€â”€â”€â”€â”€â”€â”€â”€â”€â”€â”€â”€â”€â”€â”€â”€â”€â”€â”€â”€â”€â”€â”€â”€â”€â”€â”€â”€â”€â”€â”€â”€â”€â”€â”€â”€â”€â”€â”€â”€â”€â”€â”€â”€â”€â”€â”€â”€â”€â”€â”€â”€â”€â”€â”€â”€â”€â”€â”€â”€â”€â”€â”˜ lock entries
[21:38:50]    â”‚  
[21:38:50]    â”œ bit-set v0.5.3
[21:38:50]      â””â”€â”€ tract-core v0.22.1
[21:38:50]          â”œâ”€â”€ tract-hir v0.22.1
[21:38:50]          â”‚   â””â”€â”€ tract-onnx v0.22.1
[21:38:50]          â”‚       â””â”€â”€ kataglyphis_rustprojecttemplate v0.1.0
[21:38:50]          â””â”€â”€ tract-nnef v0.22.1
[21:38:50]              â”œâ”€â”€ tract-onnx v0.22.1 (*)
[21:38:50]              â””â”€â”€ tract-onnx-opl v0.22.1
[21:38:50]                  â””â”€â”€ tract-onnx v0.22.1 (*)
[21:38:50]    â”œ bit-set v0.8.0
[21:38:50]      â”œâ”€â”€ naga v27.0.3
[21:38:50]      â”‚   â”œâ”€â”€ wgpu-core v27.0.3
[21:38:50]      â”‚   â”‚   â””â”€â”€ wgpu v27.0.1
[21:38:50]      â”‚   â”‚       â”œâ”€â”€ egui-wgpu v0.33.3
[21:38:50]      â”‚   â”‚       â”‚   â””â”€â”€ kataglyphis_rustprojecttemplate v0.1.0
[21:38:50]      â”‚   â”‚       â””â”€â”€ kataglyphis_rustprojecttemplate v0.1.0 (*)
[21:38:50]      â”‚   â””â”€â”€ wgpu-hal v27.0.4
[21:38:50]      â”‚       â”œâ”€â”€ wgpu v27.0.1 (*)
[21:38:50]      â”‚       â”œâ”€â”€ wgpu-core v27.0.3 (*)
[21:38:50]      â”‚       â””â”€â”€ wgpu-core-deps-windows-linux-android v27.0.0
[21:38:50]      â”‚           â””â”€â”€ wgpu-core v27.0.3 (*)
[21:38:50]      â””â”€â”€ wgpu-core v27.0.3 (*)
[21:38:50] warning[duplicate]: found 2 duplicate entries for crate 'bit-vec'
[21:38:50]    â”Œâ”€ C:\workspace/Cargo.lock:33:1
[21:38:50]    â”‚  
[21:38:50] 33 â”‚ â•­ bit-vec 0.6.3 registry+https://github.com/rust-lang/crates.io-index
[21:38:50] 34 â”‚ â”‚ bit-vec 0.8.0 registry+https://github.com/rust-lang/crates.io-index
[21:38:50]    â”‚ â•°â”€â”€â”€â”€â”€â”€â”€â”€â”€â”€â”€â”€â”€â”€â”€â”€â”€â”€â”€â”€â”€â”€â”€â”€â”€â”€â”€â”€â”€â”€â”€â”€â”€â”€â”€â”€â”€â”€â”€â”€â”€â”€â”€â”€â”€â”€â”€â”€â”€â”€â”€â”€â”€â”€â”€â”€â”€â”€â”€â”€â”€â”€â”€â”€â”€â”€â”€â”˜ lock entries
[21:38:50]    â”‚  
[21:38:50]    â”œ bit-vec v0.6.3
[21:38:50]      â””â”€â”€ bit-set v0.5.3
[21:38:50]          â””â”€â”€ tract-core v0.22.1
[21:38:50]              â”œâ”€â”€ tract-hir v0.22.1
[21:38:50]              â”‚   â””â”€â”€ tract-onnx v0.22.1
[21:38:50]              â”‚       â””â”€â”€ kataglyphis_rustprojecttemplate v0.1.0
[21:38:50]              â””â”€â”€ tract-nnef v0.22.1
[21:38:50]                  â”œâ”€â”€ tract-onnx v0.22.1 (*)
[21:38:50]                  â””â”€â”€ tract-onnx-opl v0.22.1
[21:38:50]                      â””â”€â”€ tract-onnx v0.22.1 (*)
[21:38:50]    â”œ bit-vec v0.8.0
[21:38:50]      â”œâ”€â”€ bit-set v0.8.0
[21:38:50]      â”‚   â”œâ”€â”€ naga v27.0.3
[21:38:50]      â”‚   â”‚   â”œâ”€â”€ wgpu-core v27.0.3
[21:38:50]      â”‚   â”‚   â”‚   â””â”€â”€ wgpu v27.0.1
[21:38:50]      â”‚   â”‚   â”‚       â”œâ”€â”€ egui-wgpu v0.33.3
[21:38:50]      â”‚   â”‚   â”‚       â”‚   â””â”€â”€ kataglyphis_rustprojecttemplate v0.1.0
[21:38:50]      â”‚   â”‚   â”‚       â””â”€â”€ kataglyphis_rustprojecttemplate v0.1.0 (*)
[21:38:50]      â”‚   â”‚   â””â”€â”€ wgpu-hal v27.0.4
[21:38:50]      â”‚   â”‚       â”œâ”€â”€ wgpu v27.0.1 (*)
[21:38:50]      â”‚   â”‚       â”œâ”€â”€ wgpu-core v27.0.3 (*)
[21:38:50]      â”‚   â”‚       â””â”€â”€ wgpu-core-deps-windows-linux-android v27.0.0
[21:38:50]      â”‚   â”‚           â””â”€â”€ wgpu-core v27.0.3 (*)
[21:38:50]      â”‚   â””â”€â”€ wgpu-core v27.0.3 (*)
[21:38:50]      â””â”€â”€ wgpu-core v27.0.3 (*)
[21:38:50] warning[duplicate]: found 2 duplicate entries for crate 'bitflags'
[21:38:50]    â”Œâ”€ C:\workspace/Cargo.lock:35:1
[21:38:50]    â”‚  
[21:38:50] 35 â”‚ â•­ bitflags 1.3.2 registry+https://github.com/rust-lang/crates.io-index
[21:38:50] 36 â”‚ â”‚ bitflags 2.11.0 registry+https://github.com/rust-lang/crates.io-index
[21:38:50]    â”‚ â•°â”€â”€â”€â”€â”€â”€â”€â”€â”€â”€â”€â”€â”€â”€â”€â”€â”€â”€â”€â”€â”€â”€â”€â”€â”€â”€â”€â”€â”€â”€â”€â”€â”€â”€â”€â”€â”€â”€â”€â”€â”€â”€â”€â”€â”€â”€â”€â”€â”€â”€â”€â”€â”€â”€â”€â”€â”€â”€â”€â”€â”€â”€â”€â”€â”€â”€â”€â”€â”€â”˜ lock entries
[21:38:50]    â”‚  
[21:38:50]    â”œ bitflags v1.3.2
[21:38:50]      â””â”€â”€ png v0.17.16
[21:38:50]          â””â”€â”€ image v0.24.9
[21:38:50]              â”œâ”€â”€ plotters v0.3.7
[21:38:50]              â”‚   â””â”€â”€ kataglyphis_rustprojecttemplate v0.1.0
[21:38:50]              â””â”€â”€ plotters-bitmap v0.3.7
[21:38:50]                  â””â”€â”€ plotters v0.3.7 (*)
[21:38:50]    â”œ bitflags v2.11.0
[21:38:50]      â”œâ”€â”€ cairo-rs v0.22.0
[21:38:50]      â”‚   â”œâ”€â”€ gdk4 v0.11.0
[21:38:50]      â”‚   â”‚   â”œâ”€â”€ gsk4 v0.11.0
[21:38:50]      â”‚   â”‚   â”‚   â””â”€â”€ gtk4 v0.11.0
[21:38:50]      â”‚   â”‚   â”‚       â””â”€â”€ kataglyphis_rustprojecttemplate v0.1.0
[21:38:50]      â”‚   â”‚   â””â”€â”€ gtk4 v0.11.0 (*)
[21:38:50]      â”‚   â”œâ”€â”€ gsk4 v0.11.0 (*)
[21:38:50]      â”‚   â””â”€â”€ gtk4 v0.11.0 (*)
[21:38:50]      â”œâ”€â”€ calloop v0.13.0
[21:38:50]      â”‚   â”œâ”€â”€ calloop-wayland-source v0.3.0
[21:38:50]      â”‚   â”‚   â””â”€â”€ smithay-client-toolkit v0.19.2
[21:38:50]      â”‚   â”‚       â”œâ”€â”€ sctk-adwaita v0.10.1
[21:38:50]      â”‚   â”‚       â”‚   â””â”€â”€ winit v0.30.13
[21:38:50]      â”‚   â”‚       â”‚       â”œâ”€â”€ egui-winit v0.33.3
[21:38:50]      â”‚   â”‚       â”‚       â”‚   â””â”€â”€ kataglyphis_rustprojecttemplate v0.1.0 (*)
[21:38:50]      â”‚   â”‚       â”‚       â””â”€â”€ kataglyphis_rustprojecttemplate v0.1.0 (*)
[21:38:50]      â”‚   â”‚       â””â”€â”€ winit v0.30.13 (*)
[21:38:50]      â”‚   â”œâ”€â”€ smithay-client-toolkit v0.19.2 (*)
[21:38:50]      â”‚   â””â”€â”€ winit v0.30.13 (*)
[21:38:50]      â”œâ”€â”€ calloop v0.14.4
[21:38:50]      â”‚   â”œâ”€â”€ calloop-wayland-source v0.4.1
[21:38:50]      â”‚   â”‚   â””â”€â”€ smithay-client-toolkit v0.20.0
[21:38:50]      â”‚   â”‚       â””â”€â”€ smithay-clipboard v0.7.3
[21:38:50]      â”‚   â”‚           â””â”€â”€ egui-winit v0.33.3 (*)
[21:38:50]      â”‚   â””â”€â”€ smithay-client-toolkit v0.20.0 (*)
[21:38:50]      â”œâ”€â”€ cubecl-core v0.9.0
[21:38:50]      â”‚   â””â”€â”€ cubecl v0.9.0
[21:38:50]      â”‚       â””â”€â”€ burn-backend v0.20.1
[21:38:50]      â”‚           â”œâ”€â”€ burn-autodiff v0.20.1
[21:38:50]      â”‚           â”‚   â”œâ”€â”€ burn v0.20.1
[21:38:50]      â”‚           â”‚   â”‚   â””â”€â”€ kataglyphis_rustprojecttemplate v0.1.0 (*)
[21:38:50]      â”‚           â”‚   â”œâ”€â”€ burn-ndarray v0.20.1
[21:38:50]      â”‚           â”‚   â”‚   â”œâ”€â”€ burn v0.20.1 (*)
[21:38:50]      â”‚           â”‚   â”‚   â””â”€â”€ kataglyphis_rustprojecttemplate v0.1.0 (*)
[21:38:50]      â”‚           â”‚   â””â”€â”€ kataglyphis_rustprojecttemplate v0.1.0 (*)
[21:38:50]      â”‚           â”œâ”€â”€ burn-ir v0.20.1
[21:38:50]      â”‚           â”‚   â””â”€â”€ burn-ndarray v0.20.1 (*)
[21:38:50]      â”‚           â”œâ”€â”€ burn-ndarray v0.20.1 (*)
[21:38:50]      â”‚           â””â”€â”€ burn-tensor v0.20.1
[21:38:50]      â”‚               â””â”€â”€ burn-core v0.20.1
[21:38:50]      â”‚                   â”œâ”€â”€ burn v0.20.1 (*)
[21:38:50]      â”‚                   â”œâ”€â”€ burn-nn v0.20.1
[21:38:50]      â”‚                   â”‚   â””â”€â”€ burn v0.20.1 (*)
[21:38:50]      â”‚                   â””â”€â”€ burn-optim v0.20.1
[21:38:50]      â”‚                       â””â”€â”€ burn v0.20.1 (*)
[21:38:50]      â”œâ”€â”€ egui v0.33.3
[21:38:50]      â”‚   â”œâ”€â”€ egui-wgpu v0.33.3
[21:38:50]      â”‚   â”‚   â””â”€â”€ kataglyphis_rustprojecttemplate v0.1.0 (*)
[21:38:50]      â”‚   â”œâ”€â”€ egui-winit v0.33.3 (*)
[21:38:50]      â”‚   â””â”€â”€ kataglyphis_rustprojecttemplate v0.1.0 (*)
[21:38:50]      â”œâ”€â”€ font-kit v0.14.3
[21:38:50]      â”‚   â””â”€â”€ plotters v0.3.7
[21:38:50]      â”‚       â””â”€â”€ kataglyphis_rustprojecttemplate v0.1.0 (*)
[21:38:50]      â”œâ”€â”€ glib v0.22.2
[21:38:50]      â”‚   â”œâ”€â”€ cairo-rs v0.22.0 (*)
[21:38:50]      â”‚   â”œâ”€â”€ gdk-pixbuf v0.22.0
[21:38:50]      â”‚   â”‚   â”œâ”€â”€ gdk4 v0.11.0 (*)
[21:38:50]      â”‚   â”‚   â””â”€â”€ gtk4 v0.11.0 (*)
[21:38:50]      â”‚   â”œâ”€â”€ gdk4 v0.11.0 (*)
[21:38:50]      â”‚   â”œâ”€â”€ gio v0.22.2
[21:38:50]      â”‚   â”‚   â”œâ”€â”€ gdk-pixbuf v0.22.0 (*)
[21:38:50]      â”‚   â”‚   â”œâ”€â”€ gdk4 v0.11.0 (*)
[21:38:50]      â”‚   â”‚   â”œâ”€â”€ gtk4 v0.11.0 (*)
[21:38:50]      â”‚   â”‚   â””â”€â”€ pango v0.22.0
[21:38:50]      â”‚   â”‚       â”œâ”€â”€ gdk4 v0.11.0 (*)
[21:38:50]      â”‚   â”‚       â”œâ”€â”€ gsk4 v0.11.0 (*)
[21:38:50]      â”‚   â”‚       â””â”€â”€ gtk4 v0.11.0 (*)
[21:38:50]      â”‚   â”œâ”€â”€ graphene-rs v0.22.0
[21:38:50]      â”‚   â”‚   â”œâ”€â”€ gsk4 v0.11.0 (*)
[21:38:50]      â”‚   â”‚   â””â”€â”€ gtk4 v0.11.0 (*)
[21:38:50]      â”‚   â”œâ”€â”€ gsk4 v0.11.0 (*)
[21:38:50]      â”‚   â”œâ”€â”€ gstreamer v0.25.1
[21:38:50]      â”‚   â”‚   â”œâ”€â”€ gstreamer-app v0.25.0
[21:38:50]      â”‚   â”‚   â”‚   â””â”€â”€ kataglyphis_rustprojecttemplate v0.1.0 (*)
[21:38:50]      â”‚   â”‚   â”œâ”€â”€ gstreamer-base v0.25.0
[21:38:50]      â”‚   â”‚   â”‚   â””â”€â”€ gstreamer-app v0.25.0 (*)
[21:38:50]      â”‚   â”‚   â””â”€â”€ kataglyphis_rustprojecttemplate v0.1.0 (*)
[21:38:50]      â”‚   â”œâ”€â”€ gstreamer-app v0.25.0 (*)
[21:38:50]      â”‚   â”œâ”€â”€ gstreamer-base v0.25.0 (*)
[21:38:50]      â”‚   â”œâ”€â”€ gtk4 v0.11.0 (*)
[21:38:50]      â”‚   â””â”€â”€ pango v0.22.0 (*)
[21:38:50]      â”œâ”€â”€ gpu-alloc v0.6.0
[21:38:50]      â”‚   â””â”€â”€ wgpu-hal v27.0.4
[21:38:50]      â”‚       â”œâ”€â”€ wgpu v27.0.1
[21:38:50]      â”‚       â”‚   â”œâ”€â”€ egui-wgpu v0.33.3 (*)
[21:38:50]      â”‚       â”‚   â””â”€â”€ kataglyphis_rustprojecttemplate v0.1.0 (*)
[21:38:50]      â”‚       â”œâ”€â”€ wgpu-core v27.0.3
[21:38:50]      â”‚       â”‚   â””â”€â”€ wgpu v27.0.1 (*)
[21:38:50]      â”‚       â””â”€â”€ wgpu-core-deps-windows-linux-android v27.0.0
[21:38:50]      â”‚           â””â”€â”€ wgpu-core v27.0.3 (*)
[21:38:50]      â”œâ”€â”€ gpu-alloc-types v0.3.0
[21:38:50]      â”‚   â””â”€â”€ gpu-alloc v0.6.0 (*)
[21:38:50]      â”œâ”€â”€ gpu-descriptor v0.3.2
[21:38:50]      â”‚   â””â”€â”€ wgpu-hal v27.0.4 (*)
[21:38:50]      â”œâ”€â”€ gpu-descriptor-types v0.2.0
[21:38:50]      â”‚   â””â”€â”€ gpu-descriptor v0.3.2 (*)
[21:38:50]      â”œâ”€â”€ naga v27.0.3
[21:38:50]      â”‚   â”œâ”€â”€ wgpu-core v27.0.3 (*)
[21:38:50]      â”‚   â””â”€â”€ wgpu-hal v27.0.4 (*)
[21:38:50]      â”œâ”€â”€ openssl v0.10.75
[21:38:50]      â”‚   â””â”€â”€ native-tls v0.2.18
[21:38:50]      â”‚       â””â”€â”€ ureq v3.2.0
[21:38:50]      â”‚           â””â”€â”€ (build) ort-sys v2.0.0-rc.12
[21:38:50]      â”‚               â””â”€â”€ ort v2.0.0-rc.12
[21:38:50]      â”‚                   â””â”€â”€ kataglyphis_rustprojecttemplate v0.1.0 (*)
[21:38:50]      â”œâ”€â”€ png v0.18.1
[21:38:50]      â”‚   â””â”€â”€ image v0.25.10
[21:38:50]      â”‚       â””â”€â”€ arboard v3.6.1
[21:38:50]      â”‚           â””â”€â”€ egui-winit v0.33.3 (*)
[21:38:50]      â”œâ”€â”€ rustix v0.38.44
[21:38:50]      â”‚   â”œâ”€â”€ calloop v0.13.0 (*)
[21:38:50]      â”‚   â”œâ”€â”€ calloop-wayland-source v0.3.0 (*)
[21:38:50]      â”‚   â”œâ”€â”€ smithay-client-toolkit v0.19.2 (*)
[21:38:50]      â”‚   â””â”€â”€ winit v0.30.13 (*)
[21:38:50]      â”œâ”€â”€ rustix v1.1.4
[21:38:50]      â”‚   â”œâ”€â”€ calloop v0.14.4 (*)
[21:38:50]      â”‚   â”œâ”€â”€ calloop-wayland-source v0.4.1 (*)
[21:38:50]      â”‚   â”œâ”€â”€ gethostname v1.1.0
[21:38:50]      â”‚   â”‚   â””â”€â”€ x11rb v0.13.2
[21:38:50]      â”‚   â”‚       â”œâ”€â”€ arboard v3.6.1 (*)
[21:38:50]      â”‚   â”‚       â””â”€â”€ winit v0.30.13 (*)
[21:38:50]      â”‚   â”œâ”€â”€ polling v3.11.0
[21:38:50]      â”‚   â”‚   â”œâ”€â”€ calloop v0.13.0 (*)
[21:38:50]      â”‚   â”‚   â””â”€â”€ calloop v0.14.4 (*)
[21:38:50]      â”‚   â”œâ”€â”€ smithay-client-toolkit v0.20.0 (*)
[21:38:50]      â”‚   â”œâ”€â”€ tempfile v3.26.0
[21:38:50]      â”‚   â”‚   â””â”€â”€ kataglyphis_rustprojecttemplate v0.1.0 (*)
[21:38:50]      â”‚   â”œâ”€â”€ wayland-backend v0.3.14
[21:38:50]      â”‚   â”‚   â”œâ”€â”€ calloop-wayland-source v0.3.0 (*)
[21:38:50]      â”‚   â”‚   â”œâ”€â”€ calloop-wayland-source v0.4.1 (*)
[21:38:50]      â”‚   â”‚   â”œâ”€â”€ smithay-client-toolkit v0.19.2 (*)
[21:38:50]      â”‚   â”‚   â”œâ”€â”€ smithay-client-toolkit v0.20.0 (*)
[21:38:50]      â”‚   â”‚   â”œâ”€â”€ smithay-clipboard v0.7.3 (*)
[21:38:50]      â”‚   â”‚   â”œâ”€â”€ wayland-client v0.31.13
[21:38:50]      â”‚   â”‚   â”‚   â”œâ”€â”€ calloop-wayland-source v0.3.0 (*)
[21:38:50]      â”‚   â”‚   â”‚   â”œâ”€â”€ calloop-wayland-source v0.4.1 (*)
[21:38:50]      â”‚   â”‚   â”‚   â”œâ”€â”€ smithay-client-toolkit v0.19.2 (*)
[21:38:50]      â”‚   â”‚   â”‚   â”œâ”€â”€ smithay-client-toolkit v0.20.0 (*)
[21:38:50]      â”‚   â”‚   â”‚   â”œâ”€â”€ wayland-cursor v0.31.13
[21:38:50]      â”‚   â”‚   â”‚   â”‚   â”œâ”€â”€ smithay-client-toolkit v0.19.2 (*)
[21:38:50]      â”‚   â”‚   â”‚   â”‚   â””â”€â”€ smithay-client-toolkit v0.20.0 (*)
[21:38:50]      â”‚   â”‚   â”‚   â”œâ”€â”€ wayland-protocols v0.32.11
[21:38:50]      â”‚   â”‚   â”‚   â”‚   â”œâ”€â”€ smithay-client-toolkit v0.19.2 (*)
[21:38:50]      â”‚   â”‚   â”‚   â”‚   â”œâ”€â”€ smithay-client-toolkit v0.20.0 (*)
[21:38:50]      â”‚   â”‚   â”‚   â”‚   â”œâ”€â”€ wayland-protocols-experimental v20250721.0.1
[21:38:50]      â”‚   â”‚   â”‚   â”‚   â”‚   â””â”€â”€ smithay-client-toolkit v0.20.0 (*)
[21:38:50]      â”‚   â”‚   â”‚   â”‚   â”œâ”€â”€ wayland-protocols-misc v0.3.11
[21:38:50]      â”‚   â”‚   â”‚   â”‚   â”‚   â””â”€â”€ smithay-client-toolkit v0.20.0 (*)
[21:38:50]      â”‚   â”‚   â”‚   â”‚   â”œâ”€â”€ wayland-protocols-plasma v0.3.11
[21:38:50]      â”‚   â”‚   â”‚   â”‚   â”‚   â””â”€â”€ winit v0.30.13 (*)
[21:38:50]      â”‚   â”‚   â”‚   â”‚   â”œâ”€â”€ wayland-protocols-wlr v0.3.11
[21:38:50]      â”‚   â”‚   â”‚   â”‚   â”‚   â”œâ”€â”€ smithay-client-toolkit v0.19.2 (*)
[21:38:50]      â”‚   â”‚   â”‚   â”‚   â”‚   â””â”€â”€ smithay-client-toolkit v0.20.0 (*)
[21:38:50]      â”‚   â”‚   â”‚   â”‚   â””â”€â”€ winit v0.30.13 (*)
[21:38:50]      â”‚   â”‚   â”‚   â”œâ”€â”€ wayland-protocols-experimental v20250721.0.1 (*)
[21:38:50]      â”‚   â”‚   â”‚   â”œâ”€â”€ wayland-protocols-misc v0.3.11 (*)
[21:38:50]      â”‚   â”‚   â”‚   â”œâ”€â”€ wayland-protocols-plasma v0.3.11 (*)
[21:38:50]      â”‚   â”‚   â”‚   â”œâ”€â”€ wayland-protocols-wlr v0.3.11 (*)
[21:38:50]      â”‚   â”‚   â”‚   â””â”€â”€ winit v0.30.13 (*)
[21:38:50]      â”‚   â”‚   â”œâ”€â”€ wayland-csd-frame v0.3.0
[21:38:50]      â”‚   â”‚   â”‚   â”œâ”€â”€ smithay-client-toolkit v0.19.2 (*)
[21:38:50]      â”‚   â”‚   â”‚   â””â”€â”€ smithay-client-toolkit v0.20.0 (*)
[21:38:50]      â”‚   â”‚   â”œâ”€â”€ wayland-protocols v0.32.11 (*)
[21:38:50]      â”‚   â”‚   â”œâ”€â”€ wayland-protocols-experimental v20250721.0.1 (*)
[21:38:50]      â”‚   â”‚   â”œâ”€â”€ wayland-protocols-misc v0.3.11 (*)
[21:38:50]      â”‚   â”‚   â”œâ”€â”€ wayland-protocols-plasma v0.3.11 (*)
[21:38:50]      â”‚   â”‚   â”œâ”€â”€ wayland-protocols-wlr v0.3.11 (*)
[21:38:50]      â”‚   â”‚   â””â”€â”€ winit v0.30.13 (*)
[21:38:50]      â”‚   â”œâ”€â”€ wayland-client v0.31.13 (*)
[21:38:50]      â”‚   â”œâ”€â”€ wayland-cursor v0.31.13 (*)
[21:38:50]      â”‚   â”œâ”€â”€ x11rb v0.13.2 (*)
[21:38:50]      â”‚   â””â”€â”€ xattr v1.6.1
[21:38:50]      â”‚       â””â”€â”€ tar v0.4.44
[21:38:50]      â”‚           â””â”€â”€ tract-nnef v0.22.1
[21:38:50]      â”‚               â”œâ”€â”€ tract-onnx v0.22.1
[21:38:50]      â”‚               â”‚   â””â”€â”€ kataglyphis_rustprojecttemplate v0.1.0 (*)
[21:38:50]      â”‚               â””â”€â”€ tract-onnx-opl v0.22.1
[21:38:50]      â”‚                   â””â”€â”€ tract-onnx v0.22.1 (*)
[21:38:50]      â”œâ”€â”€ smithay-client-toolkit v0.19.2 (*)
[21:38:50]      â”œâ”€â”€ smithay-client-toolkit v0.20.0 (*)
[21:38:51]      â”œâ”€â”€ spirv v0.3.0+sdk-1.3.268.0
[21:38:51]      â”‚   â””â”€â”€ naga v27.0.3 (*)
[21:38:51]      â”œâ”€â”€ wayland-client v0.31.13 (*)
[21:38:51]      â”œâ”€â”€ wayland-csd-frame v0.3.0 (*)
[21:38:51]      â”œâ”€â”€ wayland-protocols v0.32.11 (*)
[21:38:51]      â”œâ”€â”€ wayland-protocols-experimental v20250721.0.1 (*)
[21:38:51]      â”œâ”€â”€ wayland-protocols-misc v0.3.11 (*)
[21:38:51]      â”œâ”€â”€ wayland-protocols-plasma v0.3.11 (*)
[21:38:51]      â”œâ”€â”€ wayland-protocols-wlr v0.3.11 (*)
[21:38:51]      â”œâ”€â”€ wgpu v27.0.1 (*)
[21:38:51]      â”œâ”€â”€ wgpu-core v27.0.3 (*)
[21:38:51]      â”œâ”€â”€ wgpu-hal v27.0.4 (*)
[21:38:51]      â”œâ”€â”€ wgpu-types v27.0.1
[21:38:51]      â”‚   â”œâ”€â”€ wgpu v27.0.1 (*)
[21:38:51]      â”‚   â”œâ”€â”€ wgpu-core v27.0.3 (*)
[21:38:51]      â”‚   â””â”€â”€ wgpu-hal v27.0.4 (*)
[21:38:51]      â”œâ”€â”€ winit v0.30.13 (*)
[21:38:51]      â””â”€â”€ xkbcommon-dl v0.4.2
[21:38:51]          â””â”€â”€ winit v0.30.13 (*)
[21:38:51] warning[duplicate]: found 2 duplicate entries for crate 'calloop'
[21:38:51]    â”Œâ”€ C:\workspace/Cargo.lock:58:1
[21:38:51]    â”‚  
[21:38:51] 58 â”‚ â•­ calloop 0.13.0 registry+https://github.com/rust-lang/crates.io-index
[21:38:51] 59 â”‚ â”‚ calloop 0.14.4 registry+https://github.com/rust-lang/crates.io-index
[21:38:51]    â”‚ â•°â”€â”€â”€â”€â”€â”€â”€â”€â”€â”€â”€â”€â”€â”€â”€â”€â”€â”€â”€â”€â”€â”€â”€â”€â”€â”€â”€â”€â”€â”€â”€â”€â”€â”€â”€â”€â”€â”€â”€â”€â”€â”€â”€â”€â”€â”€â”€â”€â”€â”€â”€â”€â”€â”€â”€â”€â”€â”€â”€â”€â”€â”€â”€â”€â”€â”€â”€â”€â”˜ lock entries
[21:38:51]    â”‚  
[21:38:51]    â”œ calloop v0.13.0
[21:38:51]      â”œâ”€â”€ calloop-wayland-source v0.3.0
[21:38:51]      â”‚   â””â”€â”€ smithay-client-toolkit v0.19.2
[21:38:51]      â”‚       â”œâ”€â”€ sctk-adwaita v0.10.1
[21:38:51]      â”‚       â”‚   â””â”€â”€ winit v0.30.13
[21:38:51]      â”‚       â”‚       â”œâ”€â”€ egui-winit v0.33.3
[21:38:51]      â”‚       â”‚       â”‚   â””â”€â”€ kataglyphis_rustprojecttemplate v0.1.0
[21:38:51]      â”‚       â”‚       â””â”€â”€ kataglyphis_rustprojecttemplate v0.1.0 (*)
[21:38:51]      â”‚       â””â”€â”€ winit v0.30.13 (*)
[21:38:51]      â”œâ”€â”€ smithay-client-toolkit v0.19.2 (*)
[21:38:51]      â””â”€â”€ winit v0.30.13 (*)
[21:38:51]    â”œ calloop v0.14.4
[21:38:51]      â”œâ”€â”€ calloop-wayland-source v0.4.1
[21:38:51]      â”‚   â””â”€â”€ smithay-client-toolkit v0.20.0
[21:38:51]      â”‚       â””â”€â”€ smithay-clipboard v0.7.3
[21:38:51]      â”‚           â””â”€â”€ egui-winit v0.33.3
[21:38:51]      â”‚               â””â”€â”€ kataglyphis_rustprojecttemplate v0.1.0
[21:38:51]      â””â”€â”€ smithay-client-toolkit v0.20.0 (*)
[21:38:51] warning[duplicate]: found 2 duplicate entries for crate 'calloop-wayland-source'
[21:38:51]    â”Œâ”€ C:\workspace/Cargo.lock:60:1
[21:38:51]    â”‚  
[21:38:51] 60 â”‚ â•­ calloop-wayland-source 0.3.0 registry+https://github.com/rust-lang/crates.io-index
[21:38:51] 61 â”‚ â”‚ calloop-wayland-source 0.4.1 registry+https://github.com/rust-lang/crates.io-index
[21:38:51]    â”‚ â•°â”€â”€â”€â”€â”€â”€â”€â”€â”€â”€â”€â”€â”€â”€â”€â”€â”€â”€â”€â”€â”€â”€â”€â”€â”€â”€â”€â”€â”€â”€â”€â”€â”€â”€â”€â”€â”€â”€â”€â”€â”€â”€â”€â”€â”€â”€â”€â”€â”€â”€â”€â”€â”€â”€â”€â”€â”€â”€â”€â”€â”€â”€â”€â”€â”€â”€â”€â”€â”€â”€â”€â”€â”€â”€â”€â”€â”€â”€â”€â”€â”€â”€â”˜ lock entries
[21:38:51]    â”‚  
[21:38:51]    â”œ calloop-wayland-source v0.3.0
[21:38:51]      â””â”€â”€ smithay-client-toolkit v0.19.2
[21:38:51]          â”œâ”€â”€ sctk-adwaita v0.10.1
[21:38:51]          â”‚   â””â”€â”€ winit v0.30.13
[21:38:51]          â”‚       â”œâ”€â”€ egui-winit v0.33.3
[21:38:51]          â”‚       â”‚   â””â”€â”€ kataglyphis_rustprojecttemplate v0.1.0
[21:38:51]          â”‚       â””â”€â”€ kataglyphis_rustprojecttemplate v0.1.0 (*)
[21:38:51]          â””â”€â”€ winit v0.30.13 (*)
[21:38:51]    â”œ calloop-wayland-source v0.4.1
[21:38:51]      â””â”€â”€ smithay-client-toolkit v0.20.0
[21:38:51]          â””â”€â”€ smithay-clipboard v0.7.3
[21:38:51]              â””â”€â”€ egui-winit v0.33.3
[21:38:51]                  â””â”€â”€ kataglyphis_rustprojecttemplate v0.1.0
[21:38:51] warning[duplicate]: found 2 duplicate entries for crate 'codespan-reporting'
[21:38:51]    â”Œâ”€ C:\workspace/Cargo.lock:71:1
[21:38:51]    â”‚  
[21:38:51] 71 â”‚ â•­ codespan-reporting 0.12.0 registry+https://github.com/rust-lang/crates.io-index
[21:38:51] 72 â”‚ â”‚ codespan-reporting 0.13.1 registry+https://github.com/rust-lang/crates.io-index
[21:38:51]    â”‚ â•°â”€â”€â”€â”€â”€â”€â”€â”€â”€â”€â”€â”€â”€â”€â”€â”€â”€â”€â”€â”€â”€â”€â”€â”€â”€â”€â”€â”€â”€â”€â”€â”€â”€â”€â”€â”€â”€â”€â”€â”€â”€â”€â”€â”€â”€â”€â”€â”€â”€â”€â”€â”€â”€â”€â”€â”€â”€â”€â”€â”€â”€â”€â”€â”€â”€â”€â”€â”€â”€â”€â”€â”€â”€â”€â”€â”€â”€â”€â”€â”˜ lock entries
[21:38:51]    â”‚  
[21:38:51]    â”œ codespan-reporting v0.12.0
[21:38:51]      â””â”€â”€ naga v27.0.3
[21:38:51]          â”œâ”€â”€ wgpu-core v27.0.3
[21:38:51]          â”‚   â””â”€â”€ wgpu v27.0.1
[21:38:51]          â”‚       â”œâ”€â”€ egui-wgpu v0.33.3
[21:38:51]          â”‚       â”‚   â””â”€â”€ kataglyphis_rustprojecttemplate v0.1.0
[21:38:51]          â”‚       â””â”€â”€ kataglyphis_rustprojecttemplate v0.1.0 (*)
[21:38:51]          â””â”€â”€ wgpu-hal v27.0.4
[21:38:51]              â”œâ”€â”€ wgpu v27.0.1 (*)
[21:38:51]              â”œâ”€â”€ wgpu-core v27.0.3 (*)
[21:38:51]              â””â”€â”€ wgpu-core-deps-windows-linux-android v27.0.0
[21:38:51]                  â””â”€â”€ wgpu-core v27.0.3 (*)
[21:38:51]    â”œ codespan-reporting v0.13.1
[21:38:51]      â””â”€â”€ cxx-build v1.0.194
[21:38:51]          â””â”€â”€ (build) kataglyphis_rustprojecttemplate v0.1.0
[21:38:51] warning[duplicate]: found 2 duplicate entries for crate 'darling'
[21:38:51]     â”Œâ”€ C:\workspace/Cargo.lock:100:1
[21:38:51]     â”‚  
[21:38:51] 100 â”‚ â•­ darling 0.20.11 registry+https://github.com/rust-lang/crates.io-index
[21:38:51] 101 â”‚ â”‚ darling 0.21.3 registry+https://github.com/rust-lang/crates.io-index
[21:38:51]     â”‚ â•°â”€â”€â”€â”€â”€â”€â”€â”€â”€â”€â”€â”€â”€â”€â”€â”€â”€â”€â”€â”€â”€â”€â”€â”€â”€â”€â”€â”€â”€â”€â”€â”€â”€â”€â”€â”€â”€â”€â”€â”€â”€â”€â”€â”€â”€â”€â”€â”€â”€â”€â”€â”€â”€â”€â”€â”€â”€â”€â”€â”€â”€â”€â”€â”€â”€â”€â”€â”€â”˜ lock entries
[21:38:51]     â”‚  
[21:38:51]     â”œ darling v0.20.11
[21:38:51]       â””â”€â”€ macerator-macros v0.1.4
[21:38:51]           â””â”€â”€ macerator v0.2.10
[21:38:51]               â””â”€â”€ burn-ndarray v0.20.1
[21:38:51]                   â”œâ”€â”€ burn v0.20.1
[21:38:51]                   â”‚   â””â”€â”€ kataglyphis_rustprojecttemplate v0.1.0
[21:38:51]                   â””â”€â”€ kataglyphis_rustprojecttemplate v0.1.0 (*)
[21:38:51]     â”œ darling v0.21.3
[21:38:51]       â”œâ”€â”€ cubecl-macros v0.9.0
[21:38:51]       â”‚   â””â”€â”€ cubecl-core v0.9.0
[21:38:51]       â”‚       â””â”€â”€ cubecl v0.9.0
[21:38:51]       â”‚           â””â”€â”€ burn-backend v0.20.1
[21:38:51]       â”‚               â”œâ”€â”€ burn-autodiff v0.20.1
[21:38:51]       â”‚               â”‚   â”œâ”€â”€ burn v0.20.1
[21:38:51]       â”‚               â”‚   â”‚   â””â”€â”€ kataglyphis_rustprojecttemplate v0.1.0
[21:38:51]       â”‚               â”‚   â”œâ”€â”€ burn-ndarray v0.20.1
[21:38:51]       â”‚               â”‚   â”‚   â”œâ”€â”€ burn v0.20.1 (*)
[21:38:51]       â”‚               â”‚   â”‚   â””â”€â”€ kataglyphis_rustprojecttemplate v0.1.0 (*)
[21:38:51]       â”‚               â”‚   â””â”€â”€ kataglyphis_rustprojecttemplate v0.1.0 (*)
[21:38:51]       â”‚               â”œâ”€â”€ burn-ir v0.20.1
[21:38:51]       â”‚               â”‚   â””â”€â”€ burn-ndarray v0.20.1 (*)
[21:38:51]       â”‚               â”œâ”€â”€ burn-ndarray v0.20.1 (*)
[21:38:51]       â”‚               â””â”€â”€ burn-tensor v0.20.1
[21:38:51]       â”‚                   â””â”€â”€ burn-core v0.20.1
[21:38:51]       â”‚                       â”œâ”€â”€ burn v0.20.1 (*)
[21:38:51]       â”‚                       â”œâ”€â”€ burn-nn v0.20.1
[21:38:51]       â”‚                       â”‚   â””â”€â”€ burn v0.20.1 (*)
[21:38:51]       â”‚                       â””â”€â”€ burn-optim v0.20.1
[21:38:51]       â”‚                           â””â”€â”€ burn v0.20.1 (*)
[21:38:51]       â”œâ”€â”€ cubecl-macros-internal v0.9.0
[21:38:51]       â”‚   â””â”€â”€ cubecl-ir v0.9.0
[21:38:51]       â”‚       â”œâ”€â”€ cubecl v0.9.0 (*)
[21:38:51]       â”‚       â”œâ”€â”€ cubecl-core v0.9.0 (*)
[21:38:51]       â”‚       â””â”€â”€ cubecl-runtime v0.9.0
[21:38:51]       â”‚           â”œâ”€â”€ cubecl v0.9.0 (*)
[21:38:51]       â”‚           â””â”€â”€ cubecl-core v0.9.0 (*)
[21:38:51]       â””â”€â”€ enumset_derive v0.14.0
[21:38:51]           â””â”€â”€ enumset v1.1.10
[21:38:51]               â”œâ”€â”€ cubecl-core v0.9.0 (*)
[21:38:51]               â”œâ”€â”€ cubecl-ir v0.9.0 (*)
[21:38:51]               â””â”€â”€ cubecl-runtime v0.9.0 (*)
[21:38:51] warning[duplicate]: found 2 duplicate entries for crate 'darling_core'
[21:38:51]     â”Œâ”€ C:\workspace/Cargo.lock:102:1
[21:38:51]     â”‚  
[21:38:51] 102 â”‚ â•­ darling_core 0.20.11 registry+https://github.com/rust-lang/crates.io-index
[21:38:51] 103 â”‚ â”‚ darling_core 0.21.3 registry+https://github.com/rust-lang/crates.io-index
[21:38:51]     â”‚ â•°â”€â”€â”€â”€â”€â”€â”€â”€â”€â”€â”€â”€â”€â”€â”€â”€â”€â”€â”€â”€â”€â”€â”€â”€â”€â”€â”€â”€â”€â”€â”€â”€â”€â”€â”€â”€â”€â”€â”€â”€â”€â”€â”€â”€â”€â”€â”€â”€â”€â”€â”€â”€â”€â”€â”€â”€â”€â”€â”€â”€â”€â”€â”€â”€â”€â”€â”€â”€â”€â”€â”€â”€â”€â”˜ lock entries
[21:38:51]     â”‚  
[21:38:51]     â”œ darling_core v0.20.11
[21:38:51]       â”œâ”€â”€ darling v0.20.11
[21:38:51]       â”‚   â””â”€â”€ macerator-macros v0.1.4
[21:38:51]       â”‚       â””â”€â”€ macerator v0.2.10
[21:38:51]       â”‚           â””â”€â”€ burn-ndarray v0.20.1
[21:38:51]       â”‚               â”œâ”€â”€ burn v0.20.1
[21:38:51]       â”‚               â”‚   â””â”€â”€ kataglyphis_rustprojecttemplate v0.1.0
[21:38:51]       â”‚               â””â”€â”€ kataglyphis_rustprojecttemplate v0.1.0 (*)
[21:38:51]       â””â”€â”€ darling_macro v0.20.11
[21:38:51]           â””â”€â”€ darling v0.20.11 (*)
[21:38:51]     â”œ darling_core v0.21.3
[21:38:51]       â”œâ”€â”€ darling v0.21.3
[21:38:51]       â”‚   â”œâ”€â”€ cubecl-macros v0.9.0
[21:38:51]       â”‚   â”‚   â””â”€â”€ cubecl-core v0.9.0
[21:38:51]       â”‚   â”‚       â””â”€â”€ cubecl v0.9.0
[21:38:51]       â”‚   â”‚           â””â”€â”€ burn-backend v0.20.1
[21:38:51]       â”‚   â”‚               â”œâ”€â”€ burn-autodiff v0.20.1
[21:38:51]       â”‚   â”‚               â”‚   â”œâ”€â”€ burn v0.20.1
[21:38:51]       â”‚   â”‚               â”‚   â”‚   â””â”€â”€ kataglyphis_rustprojecttemplate v0.1.0
[21:38:51]       â”‚   â”‚               â”‚   â”œâ”€â”€ burn-ndarray v0.20.1
[21:38:51]       â”‚   â”‚               â”‚   â”‚   â”œâ”€â”€ burn v0.20.1 (*)
[21:38:51]       â”‚   â”‚               â”‚   â”‚   â””â”€â”€ kataglyphis_rustprojecttemplate v0.1.0 (*)
[21:38:51]       â”‚   â”‚               â”‚   â””â”€â”€ kataglyphis_rustprojecttemplate v0.1.0 (*)
[21:38:51]       â”‚   â”‚               â”œâ”€â”€ burn-ir v0.20.1
[21:38:51]       â”‚   â”‚               â”‚   â””â”€â”€ burn-ndarray v0.20.1 (*)
[21:38:51]       â”‚   â”‚               â”œâ”€â”€ burn-ndarray v0.20.1 (*)
[21:38:51]       â”‚   â”‚               â””â”€â”€ burn-tensor v0.20.1
[21:38:51]       â”‚   â”‚                   â””â”€â”€ burn-core v0.20.1
[21:38:51]       â”‚   â”‚                       â”œâ”€â”€ burn v0.20.1 (*)
[21:38:51]       â”‚   â”‚                       â”œâ”€â”€ burn-nn v0.20.1
[21:38:51]       â”‚   â”‚                       â”‚   â””â”€â”€ burn v0.20.1 (*)
[21:38:51]       â”‚   â”‚                       â””â”€â”€ burn-optim v0.20.1
[21:38:51]       â”‚   â”‚                           â””â”€â”€ burn v0.20.1 (*)
[21:38:51]       â”‚   â”œâ”€â”€ cubecl-macros-internal v0.9.0
[21:38:51]       â”‚   â”‚   â””â”€â”€ cubecl-ir v0.9.0
[21:38:51]       â”‚   â”‚       â”œâ”€â”€ cubecl v0.9.0 (*)
[21:38:51]       â”‚   â”‚       â”œâ”€â”€ cubecl-core v0.9.0 (*)
[21:38:51]       â”‚   â”‚       â””â”€â”€ cubecl-runtime v0.9.0
[21:38:51]       â”‚   â”‚           â”œâ”€â”€ cubecl v0.9.0 (*)
[21:38:51]       â”‚   â”‚           â””â”€â”€ cubecl-core v0.9.0 (*)
[21:38:51]       â”‚   â””â”€â”€ enumset_derive v0.14.0
[21:38:51]       â”‚       â””â”€â”€ enumset v1.1.10
[21:38:51]       â”‚           â”œâ”€â”€ cubecl-core v0.9.0 (*)
[21:38:51]       â”‚           â”œâ”€â”€ cubecl-ir v0.9.0 (*)
[21:38:51]       â”‚           â””â”€â”€ cubecl-runtime v0.9.0 (*)
[21:38:51]       â””â”€â”€ darling_macro v0.21.3
[21:38:51]           â””â”€â”€ darling v0.21.3 (*)
[21:38:51] warning[duplicate]: found 2 duplicate entries for crate 'darling_macro'
[21:38:51]     â”Œâ”€ C:\workspace/Cargo.lock:104:1
[21:38:51]     â”‚  
[21:38:51] 104 â”‚ â•­ darling_macro 0.20.11 registry+https://github.com/rust-lang/crates.io-index
[21:38:51] 105 â”‚ â”‚ darling_macro 0.21.3 registry+https://github.com/rust-lang/crates.io-index
[21:38:51]     â”‚ â•°â”€â”€â”€â”€â”€â”€â”€â”€â”€â”€â”€â”€â”€â”€â”€â”€â”€â”€â”€â”€â”€â”€â”€â”€â”€â”€â”€â”€â”€â”€â”€â”€â”€â”€â”€â”€â”€â”€â”€â”€â”€â”€â”€â”€â”€â”€â”€â”€â”€â”€â”€â”€â”€â”€â”€â”€â”€â”€â”€â”€â”€â”€â”€â”€â”€â”€â”€â”€â”€â”€â”€â”€â”€â”€â”˜ lock entries
[21:38:51]     â”‚  
[21:38:51]     â”œ darling_macro v0.20.11
[21:38:51]       â””â”€â”€ darling v0.20.11
[21:38:51]           â””â”€â”€ macerator-macros v0.1.4
[21:38:51]               â””â”€â”€ macerator v0.2.10
[21:38:51]                   â””â”€â”€ burn-ndarray v0.20.1
[21:38:51]                       â”œâ”€â”€ burn v0.20.1
[21:38:51]                       â”‚   â””â”€â”€ kataglyphis_rustprojecttemplate v0.1.0
[21:38:51]                       â””â”€â”€ kataglyphis_rustprojecttemplate v0.1.0 (*)
[21:38:51]     â”œ darling_macro v0.21.3
[21:38:51]       â””â”€â”€ darling v0.21.3
[21:38:51]           â”œâ”€â”€ cubecl-macros v0.9.0
[21:38:51]           â”‚   â””â”€â”€ cubecl-core v0.9.0
[21:38:51]           â”‚       â””â”€â”€ cubecl v0.9.0
[21:38:51]           â”‚           â””â”€â”€ burn-backend v0.20.1
[21:38:51]           â”‚               â”œâ”€â”€ burn-autodiff v0.20.1
[21:38:51]           â”‚               â”‚   â”œâ”€â”€ burn v0.20.1
[21:38:51]           â”‚               â”‚   â”‚   â””â”€â”€ kataglyphis_rustprojecttemplate v0.1.0
[21:38:51]           â”‚               â”‚   â”œâ”€â”€ burn-ndarray v0.20.1
[21:38:51]           â”‚               â”‚   â”‚   â”œâ”€â”€ burn v0.20.1 (*)
[21:38:51]           â”‚               â”‚   â”‚   â””â”€â”€ kataglyphis_rustprojecttemplate v0.1.0 (*)
[21:38:51]           â”‚               â”‚   â””â”€â”€ kataglyphis_rustprojecttemplate v0.1.0 (*)
[21:38:51]           â”‚               â”œâ”€â”€ burn-ir v0.20.1
[21:38:51]           â”‚               â”‚   â””â”€â”€ burn-ndarray v0.20.1 (*)
[21:38:51]           â”‚               â”œâ”€â”€ burn-ndarray v0.20.1 (*)
[21:38:51]           â”‚               â””â”€â”€ burn-tensor v0.20.1
[21:38:51]           â”‚                   â””â”€â”€ burn-core v0.20.1
[21:38:51]           â”‚                       â”œâ”€â”€ burn v0.20.1 (*)
[21:38:51]           â”‚                       â”œâ”€â”€ burn-nn v0.20.1
[21:38:51]           â”‚                       â”‚   â””â”€â”€ burn v0.20.1 (*)
[21:38:51]           â”‚                       â””â”€â”€ burn-optim v0.20.1
[21:38:51]           â”‚                           â””â”€â”€ burn v0.20.1 (*)
[21:38:51]           â”œâ”€â”€ cubecl-macros-internal v0.9.0
[21:38:51]           â”‚   â””â”€â”€ cubecl-ir v0.9.0
[21:38:51]           â”‚       â”œâ”€â”€ cubecl v0.9.0 (*)
[21:38:51]           â”‚       â”œâ”€â”€ cubecl-core v0.9.0 (*)
[21:38:51]           â”‚       â””â”€â”€ cubecl-runtime v0.9.0
[21:38:51]           â”‚           â”œâ”€â”€ cubecl v0.9.0 (*)
[21:38:51]           â”‚           â””â”€â”€ cubecl-core v0.9.0 (*)
[21:38:51]           â””â”€â”€ enumset_derive v0.14.0
[21:38:51]               â””â”€â”€ enumset v1.1.10
[21:38:51]                   â”œâ”€â”€ cubecl-core v0.9.0 (*)
[21:38:51]                   â”œâ”€â”€ cubecl-ir v0.9.0 (*)
[21:38:51]                   â””â”€â”€ cubecl-runtime v0.9.0 (*)
[21:38:51] warning[duplicate]: found 2 duplicate entries for crate 'derive-new'
[21:38:51]     â”Œâ”€ C:\workspace/Cargo.lock:111:1
[21:38:51]     â”‚  
[21:38:51] 111 â”‚ â•­ derive-new 0.5.9 registry+https://github.com/rust-lang/crates.io-index
[21:38:51] 112 â”‚ â”‚ derive-new 0.7.0 registry+https://github.com/rust-lang/crates.io-index
[21:38:51]     â”‚ â•°â”€â”€â”€â”€â”€â”€â”€â”€â”€â”€â”€â”€â”€â”€â”€â”€â”€â”€â”€â”€â”€â”€â”€â”€â”€â”€â”€â”€â”€â”€â”€â”€â”€â”€â”€â”€â”€â”€â”€â”€â”€â”€â”€â”€â”€â”€â”€â”€â”€â”€â”€â”€â”€â”€â”€â”€â”€â”€â”€â”€â”€â”€â”€â”€â”€â”€â”€â”€â”€â”€â”˜ lock entries
[21:38:51]     â”‚  
[21:38:51]     â”œ derive-new v0.5.9
[21:38:51]       â”œâ”€â”€ tract-core v0.22.1
[21:38:51]       â”‚   â”œâ”€â”€ tract-hir v0.22.1
[21:38:51]       â”‚   â”‚   â””â”€â”€ tract-onnx v0.22.1
[21:38:51]       â”‚   â”‚       â””â”€â”€ kataglyphis_rustprojecttemplate v0.1.0
[21:38:51]       â”‚   â””â”€â”€ tract-nnef v0.22.1
[21:38:51]       â”‚       â”œâ”€â”€ tract-onnx v0.22.1 (*)
[21:38:51]       â”‚       â””â”€â”€ tract-onnx-opl v0.22.1
[21:38:51]       â”‚           â””â”€â”€ tract-onnx v0.22.1 (*)
[21:38:51]       â”œâ”€â”€ tract-hir v0.22.1 (*)
[21:38:51]       â”œâ”€â”€ tract-linalg v0.22.1
[21:38:51]       â”‚   â””â”€â”€ tract-core v0.22.1 (*)
[21:38:51]       â””â”€â”€ tract-onnx v0.22.1 (*)
[21:38:51]     â”œ derive-new v0.7.0
[21:38:51]       â”œâ”€â”€ burn-autodiff v0.20.1
[21:38:51]       â”‚   â”œâ”€â”€ burn v0.20.1
[21:38:51]       â”‚   â”‚   â””â”€â”€ kataglyphis_rustprojecttemplate v0.1.0
[21:38:51]       â”‚   â”œâ”€â”€ burn-ndarray v0.20.1
[21:38:51]       â”‚   â”‚   â”œâ”€â”€ burn v0.20.1 (*)
[21:38:51]       â”‚   â”‚   â””â”€â”€ kataglyphis_rustprojecttemplate v0.1.0 (*)
[21:38:51]       â”‚   â””â”€â”€ kataglyphis_rustprojecttemplate v0.1.0 (*)
[21:38:51]       â”œâ”€â”€ burn-backend v0.20.1
[21:38:51]       â”‚   â”œâ”€â”€ burn-autodiff v0.20.1 (*)
[21:38:51]       â”‚   â”œâ”€â”€ burn-ir v0.20.1
[21:38:51]       â”‚   â”‚   â””â”€â”€ burn-ndarray v0.20.1 (*)
[21:38:51]       â”‚   â”œâ”€â”€ burn-ndarray v0.20.1 (*)
[21:38:51]       â”‚   â””â”€â”€ burn-tensor v0.20.1
[21:38:51]       â”‚       â””â”€â”€ burn-core v0.20.1
[21:38:51]       â”‚           â”œâ”€â”€ burn v0.20.1 (*)
[21:38:51]       â”‚           â”œâ”€â”€ burn-nn v0.20.1
[21:38:51]       â”‚           â”‚   â””â”€â”€ burn v0.20.1 (*)
[21:38:51]       â”‚           â””â”€â”€ burn-optim v0.20.1
[21:38:51]       â”‚               â””â”€â”€ burn v0.20.1 (*)
[21:38:51]       â”œâ”€â”€ burn-core v0.20.1 (*)
[21:38:51]       â”œâ”€â”€ burn-derive v0.20.1
[21:38:51]       â”‚   â””â”€â”€ burn-core v0.20.1 (*)
[21:38:51]       â”œâ”€â”€ burn-optim v0.20.1 (*)
[21:38:51]       â”œâ”€â”€ burn-tensor v0.20.1 (*)
[21:38:51]       â”œâ”€â”€ cubecl-common v0.9.0
[21:38:51]       â”‚   â”œâ”€â”€ burn-std v0.20.1
[21:38:51]       â”‚   â”‚   â”œâ”€â”€ burn-autodiff v0.20.1 (*)
[21:38:51]       â”‚   â”‚   â”œâ”€â”€ burn-backend v0.20.1 (*)
[21:38:51]       â”‚   â”‚   â”œâ”€â”€ burn-core v0.20.1 (*)
[21:38:51]       â”‚   â”‚   â”œâ”€â”€ burn-ndarray v0.20.1 (*)
[21:38:51]       â”‚   â”‚   â””â”€â”€ burn-tensor v0.20.1 (*)
[21:38:51]       â”‚   â”œâ”€â”€ cubecl-core v0.9.0
[21:38:51]       â”‚   â”‚   â””â”€â”€ cubecl v0.9.0
[21:38:51]       â”‚   â”‚       â””â”€â”€ burn-backend v0.20.1 (*)
[21:38:51]       â”‚   â”œâ”€â”€ cubecl-ir v0.9.0
[21:38:51]       â”‚   â”‚   â”œâ”€â”€ cubecl v0.9.0 (*)
[21:38:51]       â”‚   â”‚   â”œâ”€â”€ cubecl-core v0.9.0 (*)
[21:38:51]       â”‚   â”‚   â””â”€â”€ cubecl-runtime v0.9.0
[21:38:51]       â”‚   â”‚       â”œâ”€â”€ cubecl v0.9.0 (*)
[21:38:51]       â”‚   â”‚       â””â”€â”€ cubecl-core v0.9.0 (*)
[21:38:51]       â”‚   â”œâ”€â”€ cubecl-macros v0.9.0
[21:38:51]       â”‚   â”‚   â””â”€â”€ cubecl-core v0.9.0 (*)
[21:38:51]       â”‚   â””â”€â”€ cubecl-runtime v0.9.0 (*)
[21:38:51]       â”œâ”€â”€ cubecl-core v0.9.0 (*)
[21:38:51]       â”œâ”€â”€ cubecl-ir v0.9.0 (*)
[21:38:51]       â”œâ”€â”€ cubecl-macros v0.9.0 (*)
[21:38:51]       â””â”€â”€ cubecl-runtime v0.9.0 (*)
[21:38:51] warning[duplicate]: found 2 duplicate entries for crate 'foldhash'
[21:38:51]     â”Œâ”€ C:\workspace/Cargo.lock:155:1
[21:38:51]     â”‚  
[21:38:51] 155 â”‚ â•­ foldhash 0.1.5 registry+https://github.com/rust-lang/crates.io-index
[21:38:51] 156 â”‚ â”‚ foldhash 0.2.0 registry+https://github.com/rust-lang/crates.io-index
[21:38:51]     â”‚ â•°â”€â”€â”€â”€â”€â”€â”€â”€â”€â”€â”€â”€â”€â”€â”€â”€â”€â”€â”€â”€â”€â”€â”€â”€â”€â”€â”€â”€â”€â”€â”€â”€â”€â”€â”€â”€â”€â”€â”€â”€â”€â”€â”€â”€â”€â”€â”€â”€â”€â”€â”€â”€â”€â”€â”€â”€â”€â”€â”€â”€â”€â”€â”€â”€â”€â”€â”€â”€â”˜ lock entries
[21:38:51]     â”‚  
[21:38:51]     â”œ foldhash v0.1.5
[21:38:51]       â”œâ”€â”€ cubecl-runtime v0.9.0
[21:38:51]       â”‚   â”œâ”€â”€ cubecl v0.9.0
[21:38:51]       â”‚   â”‚   â””â”€â”€ burn-backend v0.20.1
[21:38:51]       â”‚   â”‚       â”œâ”€â”€ burn-autodiff v0.20.1
[21:38:51]       â”‚   â”‚       â”‚   â”œâ”€â”€ burn v0.20.1
[21:38:51]       â”‚   â”‚       â”‚   â”‚   â””â”€â”€ kataglyphis_rustprojecttemplate v0.1.0
[21:38:51]       â”‚   â”‚       â”‚   â”œâ”€â”€ burn-ndarray v0.20.1
[21:38:51]       â”‚   â”‚       â”‚   â”‚   â”œâ”€â”€ burn v0.20.1 (*)
[21:38:51]       â”‚   â”‚       â”‚   â”‚   â””â”€â”€ kataglyphis_rustprojecttemplate v0.1.0 (*)
[21:38:51]       â”‚   â”‚       â”‚   â””â”€â”€ kataglyphis_rustprojecttemplate v0.1.0 (*)
[21:38:51]       â”‚   â”‚       â”œâ”€â”€ burn-ir v0.20.1
[21:38:51]       â”‚   â”‚       â”‚   â””â”€â”€ burn-ndarray v0.20.1 (*)
[21:38:51]       â”‚   â”‚       â”œâ”€â”€ burn-ndarray v0.20.1 (*)
[21:38:51]       â”‚   â”‚       â””â”€â”€ burn-tensor v0.20.1
[21:38:51]       â”‚   â”‚           â””â”€â”€ burn-core v0.20.1
[21:38:51]       â”‚   â”‚               â”œâ”€â”€ burn v0.20.1 (*)
[21:38:51]       â”‚   â”‚               â”œâ”€â”€ burn-nn v0.20.1
[21:38:51]       â”‚   â”‚               â”‚   â””â”€â”€ burn v0.20.1 (*)
[21:38:51]       â”‚   â”‚               â””â”€â”€ burn-optim v0.20.1
[21:38:51]       â”‚   â”‚                   â””â”€â”€ burn v0.20.1 (*)
[21:38:51]       â”‚   â””â”€â”€ cubecl-core v0.9.0
[21:38:51]       â”‚       â””â”€â”€ cubecl v0.9.0 (*)
[21:38:51]       â””â”€â”€ hashbrown v0.15.5
[21:38:51]           â”œâ”€â”€ cubecl-common v0.9.0
[21:38:51]           â”‚   â”œâ”€â”€ burn-std v0.20.1
[21:38:51]           â”‚   â”‚   â”œâ”€â”€ burn-autodiff v0.20.1 (*)
[21:38:51]           â”‚   â”‚   â”œâ”€â”€ burn-backend v0.20.1 (*)
[21:38:51]           â”‚   â”‚   â”œâ”€â”€ burn-core v0.20.1 (*)
[21:38:51]           â”‚   â”‚   â”œâ”€â”€ burn-ndarray v0.20.1 (*)
[21:38:51]           â”‚   â”‚   â””â”€â”€ burn-tensor v0.20.1 (*)
[21:38:51]           â”‚   â”œâ”€â”€ cubecl-core v0.9.0 (*)
[21:38:51]           â”‚   â”œâ”€â”€ cubecl-ir v0.9.0
[21:38:51]           â”‚   â”‚   â”œâ”€â”€ cubecl v0.9.0 (*)
[21:38:51]           â”‚   â”‚   â”œâ”€â”€ cubecl-core v0.9.0 (*)
[21:38:51]           â”‚   â”‚   â””â”€â”€ cubecl-runtime v0.9.0 (*)
[21:38:51]           â”‚   â”œâ”€â”€ cubecl-macros v0.9.0
[21:38:51]           â”‚   â”‚   â””â”€â”€ cubecl-core v0.9.0 (*)
[21:38:51]           â”‚   â””â”€â”€ cubecl-runtime v0.9.0 (*)
[21:38:51]           â”œâ”€â”€ cubecl-core v0.9.0 (*)
[21:38:51]           â”œâ”€â”€ cubecl-ir v0.9.0 (*)
[21:38:51]           â”œâ”€â”€ cubecl-runtime v0.9.0 (*)
[21:38:51]           â””â”€â”€ gpu-descriptor v0.3.2
[21:38:51]               â””â”€â”€ wgpu-hal v27.0.4
[21:38:51]                   â”œâ”€â”€ wgpu v27.0.1
[21:38:51]                   â”‚   â”œâ”€â”€ egui-wgpu v0.33.3
[21:38:51]                   â”‚   â”‚   â””â”€â”€ kataglyphis_rustprojecttemplate v0.1.0 (*)
[21:38:51]                   â”‚   â””â”€â”€ kataglyphis_rustprojecttemplate v0.1.0 (*)
[21:38:51]                   â”œâ”€â”€ wgpu-core v27.0.3
[21:38:51]                   â”‚   â””â”€â”€ wgpu v27.0.1 (*)
[21:38:51]                   â””â”€â”€ wgpu-core-deps-windows-linux-android v27.0.0
[21:38:51]                       â””â”€â”€ wgpu-core v27.0.3 (*)
[21:38:51]     â”œ foldhash v0.2.0
[21:38:51]       â”œâ”€â”€ cxx v1.0.194
[21:38:51]       â”‚   â””â”€â”€ kataglyphis_rustprojecttemplate v0.1.0
[21:38:51]       â””â”€â”€ hashbrown v0.16.1
[21:38:51]           â”œâ”€â”€ burn-autodiff v0.20.1
[21:38:51]           â”‚   â”œâ”€â”€ burn v0.20.1
[21:38:51]           â”‚   â”‚   â””â”€â”€ kataglyphis_rustprojecttemplate v0.1.0 (*)
[21:38:51]           â”‚   â”œâ”€â”€ burn-ndarray v0.20.1
[21:38:51]           â”‚   â”‚   â”œâ”€â”€ burn v0.20.1 (*)
[21:38:51]           â”‚   â”‚   â””â”€â”€ kataglyphis_rustprojecttemplate v0.1.0 (*)
[21:38:51]           â”‚   â””â”€â”€ kataglyphis_rustprojecttemplate v0.1.0 (*)
[21:38:51]           â”œâ”€â”€ burn-backend v0.20.1
[21:38:51]           â”‚   â”œâ”€â”€ burn-autodiff v0.20.1 (*)
[21:38:51]           â”‚   â”œâ”€â”€ burn-ir v0.20.1
[21:38:51]           â”‚   â”‚   â””â”€â”€ burn-ndarray v0.20.1 (*)
[21:38:51]           â”‚   â”œâ”€â”€ burn-ndarray v0.20.1 (*)
[21:38:51]           â”‚   â””â”€â”€ burn-tensor v0.20.1
[21:38:51]           â”‚       â””â”€â”€ burn-core v0.20.1
[21:38:51]           â”‚           â”œâ”€â”€ burn v0.20.1 (*)
[21:38:51]           â”‚           â”œâ”€â”€ burn-nn v0.20.1
[21:38:51]           â”‚           â”‚   â””â”€â”€ burn v0.20.1 (*)
[21:38:51]           â”‚           â””â”€â”€ burn-optim v0.20.1
[21:38:51]           â”‚               â””â”€â”€ burn v0.20.1 (*)
[21:38:51]           â”œâ”€â”€ burn-core v0.20.1 (*)
[21:38:51]           â”œâ”€â”€ burn-ir v0.20.1 (*)
[21:38:51]           â”œâ”€â”€ burn-optim v0.20.1 (*)
[21:38:51]           â”œâ”€â”€ indexmap v2.13.0
[21:38:51]           â”‚   â”œâ”€â”€ cxx-build v1.0.194
[21:38:51]           â”‚   â”‚   â””â”€â”€ (build) kataglyphis_rustprojecttemplate v0.1.0 (*)
[21:38:51]           â”‚   â”œâ”€â”€ cxxbridge-macro v1.0.194
[21:38:51]           â”‚   â”‚   â””â”€â”€ cxx v1.0.194 (*)
[21:38:51]           â”‚   â”œâ”€â”€ naga v27.0.3
[21:38:51]           â”‚   â”‚   â”œâ”€â”€ wgpu-core v27.0.3
[21:38:51]           â”‚   â”‚   â”‚   â””â”€â”€ wgpu v27.0.1
[21:38:51]           â”‚   â”‚   â”‚       â”œâ”€â”€ egui-wgpu v0.33.3
[21:38:51]           â”‚   â”‚   â”‚       â”‚   â””â”€â”€ kataglyphis_rustprojecttemplate v0.1.0 (*)
[21:38:51]           â”‚   â”‚   â”‚       â””â”€â”€ kataglyphis_rustprojecttemplate v0.1.0 (*)
[21:38:51]           â”‚   â”‚   â””â”€â”€ wgpu-hal v27.0.4
[21:38:51]           â”‚   â”‚       â”œâ”€â”€ wgpu v27.0.1 (*)
[21:38:51]           â”‚   â”‚       â”œâ”€â”€ wgpu-core v27.0.3 (*)
[21:38:51]           â”‚   â”‚       â””â”€â”€ wgpu-core-deps-windows-linux-android v27.0.0
[21:38:51]           â”‚   â”‚           â””â”€â”€ wgpu-core v27.0.3 (*)
[21:38:51]           â”‚   â”œâ”€â”€ toml_edit v0.25.4+spec-1.1.0
[21:38:51]           â”‚   â”‚   â””â”€â”€ proc-macro-crate v3.5.0
[21:38:51]           â”‚   â”‚       â””â”€â”€ gtk4-macros v0.11.0
[21:38:51]           â”‚   â”‚           â””â”€â”€ gtk4 v0.11.0
[21:38:51]           â”‚   â”‚               â””â”€â”€ kataglyphis_rustprojecttemplate v0.1.0 (*)
[21:38:51]           â”‚   â””â”€â”€ wgpu-core v27.0.3 (*)
[21:38:51]           â”œâ”€â”€ naga v27.0.3 (*)
[21:38:51]           â”œâ”€â”€ wgpu v27.0.1 (*)
[21:38:51]           â”œâ”€â”€ wgpu-core v27.0.3 (*)
[21:38:51]           â””â”€â”€ wgpu-hal v27.0.4 (*)
[21:38:51] warning[duplicate]: found 3 duplicate entries for crate 'getrandom'
[21:38:51]     â”Œâ”€ C:\workspace/Cargo.lock:178:1
[21:38:51]     â”‚  
[21:38:51] 178 â”‚ â•­ getrandom 0.2.17 registry+https://github.com/rust-lang/crates.io-index
[21:38:51] 179 â”‚ â”‚ getrandom 0.3.4 registry+https://github.com/rust-lang/crates.io-index
[21:38:51] 180 â”‚ â”‚ getrandom 0.4.2 registry+https://github.com/rust-lang/crates.io-index
[21:38:51]     â”‚ â•°â”€â”€â”€â”€â”€â”€â”€â”€â”€â”€â”€â”€â”€â”€â”€â”€â”€â”€â”€â”€â”€â”€â”€â”€â”€â”€â”€â”€â”€â”€â”€â”€â”€â”€â”€â”€â”€â”€â”€â”€â”€â”€â”€â”€â”€â”€â”€â”€â”€â”€â”€â”€â”€â”€â”€â”€â”€â”€â”€â”€â”€â”€â”€â”€â”€â”€â”€â”€â”€â”˜ lock entries
[21:38:51]     â”‚  
[21:38:51]     â”œ getrandom v0.2.17
[21:38:51]       â”œâ”€â”€ const-random-macro v0.1.16
[21:38:51]       â”‚   â””â”€â”€ const-random v0.1.18
[21:38:51]       â”‚       â””â”€â”€ burn-ndarray v0.20.1
[21:38:51]       â”‚           â”œâ”€â”€ burn v0.20.1
[21:38:51]       â”‚           â”‚   â””â”€â”€ kataglyphis_rustprojecttemplate v0.1.0
[21:38:51]       â”‚           â””â”€â”€ kataglyphis_rustprojecttemplate v0.1.0 (*)
[21:38:51]       â”œâ”€â”€ rand_core v0.6.4
[21:38:51]       â”‚   â”œâ”€â”€ rand v0.8.5
[21:38:51]       â”‚   â”‚   â”œâ”€â”€ rand_distr v0.4.3
[21:38:51]       â”‚   â”‚   â”‚   â””â”€â”€ tract-onnx-opl v0.22.1
[21:38:51]       â”‚   â”‚   â”‚       â””â”€â”€ tract-onnx v0.22.1
[21:38:51]       â”‚   â”‚   â”‚           â””â”€â”€ kataglyphis_rustprojecttemplate v0.1.0 (*)
[21:38:51]       â”‚   â”‚   â””â”€â”€ tract-onnx-opl v0.22.1 (*)
[21:38:51]       â”‚   â””â”€â”€ rand_chacha v0.3.1
[21:38:51]       â”‚       â””â”€â”€ rand v0.8.5 (*)
[21:38:51]       â””â”€â”€ tract-onnx-opl v0.22.1 (*)
[21:38:51]     â”œ getrandom v0.3.4
[21:38:51]       â”œâ”€â”€ ahash v0.8.12
[21:38:51]       â”‚   â”œâ”€â”€ burn-core v0.20.1
[21:38:51]       â”‚   â”‚   â”œâ”€â”€ burn v0.20.1
[21:38:51]       â”‚   â”‚   â”‚   â””â”€â”€ kataglyphis_rustprojecttemplate v0.1.0
[21:38:51]       â”‚   â”‚   â”œâ”€â”€ burn-nn v0.20.1
[21:38:51]       â”‚   â”‚   â”‚   â””â”€â”€ burn v0.20.1 (*)
[21:38:51]       â”‚   â”‚   â””â”€â”€ burn-optim v0.20.1
[21:38:51]       â”‚   â”‚       â””â”€â”€ burn v0.20.1 (*)
[21:38:51]       â”‚   â”œâ”€â”€ egui v0.33.3
[21:38:51]       â”‚   â”‚   â”œâ”€â”€ egui-wgpu v0.33.3
[21:38:51]       â”‚   â”‚   â”‚   â””â”€â”€ kataglyphis_rustprojecttemplate v0.1.0 (*)
[21:38:51]       â”‚   â”‚   â”œâ”€â”€ egui-winit v0.33.3
[21:38:51]       â”‚   â”‚   â”‚   â””â”€â”€ kataglyphis_rustprojecttemplate v0.1.0 (*)
[21:38:51]       â”‚   â”‚   â””â”€â”€ kataglyphis_rustprojecttemplate v0.1.0 (*)
[21:38:51]       â”‚   â”œâ”€â”€ egui-wgpu v0.33.3 (*)
[21:38:51]       â”‚   â”œâ”€â”€ epaint v0.33.3
[21:38:51]       â”‚   â”‚   â”œâ”€â”€ egui v0.33.3 (*)
[21:38:51]       â”‚   â”‚   â””â”€â”€ egui-wgpu v0.33.3 (*)
[21:38:51]       â”‚   â”œâ”€â”€ hashbrown v0.14.5
[21:38:51]       â”‚   â”‚   â””â”€â”€ string-interner v0.15.0
[21:38:51]       â”‚   â”‚       â””â”€â”€ tract-data v0.22.1
[21:38:51]       â”‚   â”‚           â”œâ”€â”€ tract-core v0.22.1
[21:38:51]       â”‚   â”‚           â”‚   â”œâ”€â”€ tract-hir v0.22.1
[21:38:51]       â”‚   â”‚           â”‚   â”‚   â””â”€â”€ tract-onnx v0.22.1
[21:38:51]       â”‚   â”‚           â”‚   â”‚       â””â”€â”€ kataglyphis_rustprojecttemplate v0.1.0 (*)
[21:38:51]       â”‚   â”‚           â”‚   â””â”€â”€ tract-nnef v0.22.1
[21:38:51]       â”‚   â”‚           â”‚       â”œâ”€â”€ tract-onnx v0.22.1 (*)
[21:38:51]       â”‚   â”‚           â”‚       â””â”€â”€ tract-onnx-opl v0.22.1
[21:38:51]       â”‚   â”‚           â”‚           â””â”€â”€ tract-onnx v0.22.1 (*)
[21:38:51]       â”‚   â”‚           â””â”€â”€ tract-linalg v0.22.1
[21:38:51]       â”‚   â”‚               â””â”€â”€ tract-core v0.22.1 (*)
[21:38:51]       â”‚   â””â”€â”€ winit v0.30.13
[21:38:51]       â”‚       â”œâ”€â”€ egui-winit v0.33.3 (*)
[21:38:51]       â”‚       â””â”€â”€ kataglyphis_rustprojecttemplate v0.1.0 (*)
[21:38:51]       â””â”€â”€ rand_core v0.9.5
[21:38:51]           â”œâ”€â”€ rand v0.9.2
[21:38:51]           â”‚   â”œâ”€â”€ burn-backend v0.20.1
[21:38:51]           â”‚   â”‚   â”œâ”€â”€ burn-autodiff v0.20.1
[21:38:51]           â”‚   â”‚   â”‚   â”œâ”€â”€ burn v0.20.1 (*)
[21:38:51]           â”‚   â”‚   â”‚   â”œâ”€â”€ burn-ndarray v0.20.1
[21:38:51]           â”‚   â”‚   â”‚   â”‚   â”œâ”€â”€ burn v0.20.1 (*)
[21:38:51]           â”‚   â”‚   â”‚   â”‚   â””â”€â”€ kataglyphis_rustprojecttemplate v0.1.0 (*)
[21:38:51]           â”‚   â”‚   â”‚   â””â”€â”€ kataglyphis_rustprojecttemplate v0.1.0 (*)
[21:38:51]           â”‚   â”‚   â”œâ”€â”€ burn-ir v0.20.1
[21:38:51]           â”‚   â”‚   â”‚   â””â”€â”€ burn-ndarray v0.20.1 (*)
[21:38:51]           â”‚   â”‚   â”œâ”€â”€ burn-ndarray v0.20.1 (*)
[21:38:51]           â”‚   â”‚   â””â”€â”€ burn-tensor v0.20.1
[21:38:51]           â”‚   â”‚       â””â”€â”€ burn-core v0.20.1 (*)
[21:38:51]           â”‚   â”œâ”€â”€ burn-core v0.20.1 (*)
[21:38:51]           â”‚   â”œâ”€â”€ burn-ndarray v0.20.1 (*)
[21:38:51]           â”‚   â”œâ”€â”€ cubecl-common v0.9.0
[21:38:51]           â”‚   â”‚   â”œâ”€â”€ burn-std v0.20.1
[21:38:51]           â”‚   â”‚   â”‚   â”œâ”€â”€ burn-autodiff v0.20.1 (*)
[21:38:51]           â”‚   â”‚   â”‚   â”œâ”€â”€ burn-backend v0.20.1 (*)
[21:38:51]           â”‚   â”‚   â”‚   â”œâ”€â”€ burn-core v0.20.1 (*)
[21:38:51]           â”‚   â”‚   â”‚   â”œâ”€â”€ burn-ndarray v0.20.1 (*)
[21:38:51]           â”‚   â”‚   â”‚   â””â”€â”€ burn-tensor v0.20.1 (*)
[21:38:51]           â”‚   â”‚   â”œâ”€â”€ cubecl-core v0.9.0
[21:38:51]           â”‚   â”‚   â”‚   â””â”€â”€ cubecl v0.9.0
[21:38:51]           â”‚   â”‚   â”‚       â””â”€â”€ burn-backend v0.20.1 (*)
[21:38:51]           â”‚   â”‚   â”œâ”€â”€ cubecl-ir v0.9.0
[21:38:51]           â”‚   â”‚   â”‚   â”œâ”€â”€ cubecl v0.9.0 (*)
[21:38:51]           â”‚   â”‚   â”‚   â”œâ”€â”€ cubecl-core v0.9.0 (*)
[21:38:51]           â”‚   â”‚   â”‚   â””â”€â”€ cubecl-runtime v0.9.0
[21:38:51]           â”‚   â”‚   â”‚       â”œâ”€â”€ cubecl v0.9.0 (*)
[21:38:51]           â”‚   â”‚   â”‚       â””â”€â”€ cubecl-core v0.9.0 (*)
[21:38:51]           â”‚   â”‚   â”œâ”€â”€ cubecl-macros v0.9.0
[21:38:51]           â”‚   â”‚   â”‚   â””â”€â”€ cubecl-core v0.9.0 (*)
[21:38:51]           â”‚   â”‚   â””â”€â”€ cubecl-runtime v0.9.0 (*)
[21:38:51]           â”‚   â””â”€â”€ rand_distr v0.5.1
[21:38:51]           â”‚       â””â”€â”€ burn-backend v0.20.1 (*)
[21:38:51]           â””â”€â”€ rand_chacha v0.9.0
[21:38:51]               â””â”€â”€ rand v0.9.2 (*)
[21:38:51]     â”œ getrandom v0.4.2
[21:38:51]       â””â”€â”€ tempfile v3.26.0
[21:38:51]           â””â”€â”€ kataglyphis_rustprojecttemplate v0.1.0
[21:38:51] warning[duplicate]: found 3 duplicate entries for crate 'hashbrown'
[21:38:51]     â”Œâ”€ C:\workspace/Cargo.lock:208:1
[21:38:51]     â”‚  
[21:38:51] 208 â”‚ â•­ hashbrown 0.14.5 registry+https://github.com/rust-lang/crates.io-index
[21:38:51] 209 â”‚ â”‚ hashbrown 0.15.5 registry+https://github.com/rust-lang/crates.io-index
[21:38:51] 210 â”‚ â”‚ hashbrown 0.16.1 registry+https://github.com/rust-lang/crates.io-index
[21:38:51]     â”‚ â•°â”€â”€â”€â”€â”€â”€â”€â”€â”€â”€â”€â”€â”€â”€â”€â”€â”€â”€â”€â”€â”€â”€â”€â”€â”€â”€â”€â”€â”€â”€â”€â”€â”€â”€â”€â”€â”€â”€â”€â”€â”€â”€â”€â”€â”€â”€â”€â”€â”€â”€â”€â”€â”€â”€â”€â”€â”€â”€â”€â”€â”€â”€â”€â”€â”€â”€â”€â”€â”€â”€â”˜ lock entries
[21:38:51]     â”‚  
[21:38:51]     â”œ hashbrown v0.14.5
[21:38:51]       â””â”€â”€ string-interner v0.15.0
[21:38:51]           â””â”€â”€ tract-data v0.22.1
[21:38:51]               â”œâ”€â”€ tract-core v0.22.1
[21:38:51]               â”‚   â”œâ”€â”€ tract-hir v0.22.1
[21:38:51]               â”‚   â”‚   â””â”€â”€ tract-onnx v0.22.1
[21:38:51]               â”‚   â”‚       â””â”€â”€ kataglyphis_rustprojecttemplate v0.1.0
[21:38:51]               â”‚   â””â”€â”€ tract-nnef v0.22.1
[21:38:51]               â”‚       â”œâ”€â”€ tract-onnx v0.22.1 (*)
[21:38:51]               â”‚       â””â”€â”€ tract-onnx-opl v0.22.1
[21:38:51]               â”‚           â””â”€â”€ tract-onnx v0.22.1 (*)
[21:38:51]               â””â”€â”€ tract-linalg v0.22.1
[21:38:51]                   â””â”€â”€ tract-core v0.22.1 (*)
[21:38:51]     â”œ hashbrown v0.15.5
[21:38:51]       â”œâ”€â”€ cubecl-common v0.9.0
[21:38:51]       â”‚   â”œâ”€â”€ burn-std v0.20.1
[21:38:51]       â”‚   â”‚   â”œâ”€â”€ burn-autodiff v0.20.1
[21:38:51]       â”‚   â”‚   â”‚   â”œâ”€â”€ burn v0.20.1
[21:38:51]       â”‚   â”‚   â”‚   â”‚   â””â”€â”€ kataglyphis_rustprojecttemplate v0.1.0
[21:38:51]       â”‚   â”‚   â”‚   â”œâ”€â”€ burn-ndarray v0.20.1
[21:38:51]       â”‚   â”‚   â”‚   â”‚   â”œâ”€â”€ burn v0.20.1 (*)
[21:38:51]       â”‚   â”‚   â”‚   â”‚   â””â”€â”€ kataglyphis_rustprojecttemplate v0.1.0 (*)
[21:38:51]       â”‚   â”‚   â”‚   â””â”€â”€ kataglyphis_rustprojecttemplate v0.1.0 (*)
[21:38:51]       â”‚   â”‚   â”œâ”€â”€ burn-backend v0.20.1
[21:38:51]       â”‚   â”‚   â”‚   â”œâ”€â”€ burn-autodiff v0.20.1 (*)
[21:38:51]       â”‚   â”‚   â”‚   â”œâ”€â”€ burn-ir v0.20.1
[21:38:51]       â”‚   â”‚   â”‚   â”‚   â””â”€â”€ burn-ndarray v0.20.1 (*)
[21:38:51]       â”‚   â”‚   â”‚   â”œâ”€â”€ burn-ndarray v0.20.1 (*)
[21:38:51]       â”‚   â”‚   â”‚   â””â”€â”€ burn-tensor v0.20.1
[21:38:51]       â”‚   â”‚   â”‚       â””â”€â”€ burn-core v0.20.1
[21:38:51]       â”‚   â”‚   â”‚           â”œâ”€â”€ burn v0.20.1 (*)
[21:38:51]       â”‚   â”‚   â”‚           â”œâ”€â”€ burn-nn v0.20.1
[21:38:51]       â”‚   â”‚   â”‚           â”‚   â””â”€â”€ burn v0.20.1 (*)
[21:38:51]       â”‚   â”‚   â”‚           â””â”€â”€ burn-optim v0.20.1
[21:38:51]       â”‚   â”‚   â”‚               â””â”€â”€ burn v0.20.1 (*)
[21:38:51]       â”‚   â”‚   â”œâ”€â”€ burn-core v0.20.1 (*)
[21:38:51]       â”‚   â”‚   â”œâ”€â”€ burn-ndarray v0.20.1 (*)
[21:38:51]       â”‚   â”‚   â””â”€â”€ burn-tensor v0.20.1 (*)
[21:38:51]       â”‚   â”œâ”€â”€ cubecl-core v0.9.0
[21:38:51]       â”‚   â”‚   â””â”€â”€ cubecl v0.9.0
[21:38:51]       â”‚   â”‚       â””â”€â”€ burn-backend v0.20.1 (*)
[21:38:51]       â”‚   â”œâ”€â”€ cubecl-ir v0.9.0
[21:38:51]       â”‚   â”‚   â”œâ”€â”€ cubecl v0.9.0 (*)
[21:38:51]       â”‚   â”‚   â”œâ”€â”€ cubecl-core v0.9.0 (*)
[21:38:51]       â”‚   â”‚   â””â”€â”€ cubecl-runtime v0.9.0
[21:38:51]       â”‚   â”‚       â”œâ”€â”€ cubecl v0.9.0 (*)
[21:38:51]       â”‚   â”‚       â””â”€â”€ cubecl-core v0.9.0 (*)
[21:38:51]       â”‚   â”œâ”€â”€ cubecl-macros v0.9.0
[21:38:51]       â”‚   â”‚   â””â”€â”€ cubecl-core v0.9.0 (*)
[21:38:51]       â”‚   â””â”€â”€ cubecl-runtime v0.9.0 (*)
[21:38:51]       â”œâ”€â”€ cubecl-core v0.9.0 (*)
[21:38:51]       â”œâ”€â”€ cubecl-ir v0.9.0 (*)
[21:38:51]       â”œâ”€â”€ cubecl-runtime v0.9.0 (*)
[21:38:51]       â””â”€â”€ gpu-descriptor v0.3.2
[21:38:51]           â””â”€â”€ wgpu-hal v27.0.4
[21:38:51]               â”œâ”€â”€ wgpu v27.0.1
[21:38:51]               â”‚   â”œâ”€â”€ egui-wgpu v0.33.3
[21:38:51]               â”‚   â”‚   â””â”€â”€ kataglyphis_rustprojecttemplate v0.1.0 (*)
[21:38:51]               â”‚   â””â”€â”€ kataglyphis_rustprojecttemplate v0.1.0 (*)
[21:38:51]               â”œâ”€â”€ wgpu-core v27.0.3
[21:38:51]               â”‚   â””â”€â”€ wgpu v27.0.1 (*)
[21:38:51]               â””â”€â”€ wgpu-core-deps-windows-linux-android v27.0.0
[21:38:51]                   â””â”€â”€ wgpu-core v27.0.3 (*)
[21:38:51]     â”œ hashbrown v0.16.1
[21:38:51]       â”œâ”€â”€ burn-autodiff v0.20.1
[21:38:51]       â”‚   â”œâ”€â”€ burn v0.20.1
[21:38:51]       â”‚   â”‚   â””â”€â”€ kataglyphis_rustprojecttemplate v0.1.0
[21:38:51]       â”‚   â”œâ”€â”€ burn-ndarray v0.20.1
[21:38:51]       â”‚   â”‚   â”œâ”€â”€ burn v0.20.1 (*)
[21:38:51]       â”‚   â”‚   â””â”€â”€ kataglyphis_rustprojecttemplate v0.1.0 (*)
[21:38:51]       â”‚   â””â”€â”€ kataglyphis_rustprojecttemplate v0.1.0 (*)
[21:38:51]       â”œâ”€â”€ burn-backend v0.20.1
[21:38:51]       â”‚   â”œâ”€â”€ burn-autodiff v0.20.1 (*)
[21:38:51]       â”‚   â”œâ”€â”€ burn-ir v0.20.1
[21:38:51]       â”‚   â”‚   â””â”€â”€ burn-ndarray v0.20.1 (*)
[21:38:51]       â”‚   â”œâ”€â”€ burn-ndarray v0.20.1 (*)
[21:38:51]       â”‚   â””â”€â”€ burn-tensor v0.20.1
[21:38:51]       â”‚       â””â”€â”€ burn-core v0.20.1
[21:38:51]       â”‚           â”œâ”€â”€ burn v0.20.1 (*)
[21:38:51]       â”‚           â”œâ”€â”€ burn-nn v0.20.1
[21:38:51]       â”‚           â”‚   â””â”€â”€ burn v0.20.1 (*)
[21:38:51]       â”‚           â””â”€â”€ burn-optim v0.20.1
[21:38:51]       â”‚               â””â”€â”€ burn v0.20.1 (*)
[21:38:51]       â”œâ”€â”€ burn-core v0.20.1 (*)
[21:38:51]       â”œâ”€â”€ burn-ir v0.20.1 (*)
[21:38:51]       â”œâ”€â”€ burn-optim v0.20.1 (*)
[21:38:51]       â”œâ”€â”€ indexmap v2.13.0
[21:38:51]       â”‚   â”œâ”€â”€ cxx-build v1.0.194
[21:38:51]       â”‚   â”‚   â””â”€â”€ (build) kataglyphis_rustprojecttemplate v0.1.0 (*)
[21:38:51]       â”‚   â”œâ”€â”€ cxxbridge-macro v1.0.194
[21:38:51]       â”‚   â”‚   â””â”€â”€ cxx v1.0.194
[21:38:51]       â”‚   â”‚       â””â”€â”€ kataglyphis_rustprojecttemplate v0.1.0 (*)
[21:38:51]       â”‚   â”œâ”€â”€ naga v27.0.3
[21:38:51]       â”‚   â”‚   â”œâ”€â”€ wgpu-core v27.0.3
[21:38:51]       â”‚   â”‚   â”‚   â””â”€â”€ wgpu v27.0.1
[21:38:51]       â”‚   â”‚   â”‚       â”œâ”€â”€ egui-wgpu v0.33.3
[21:38:51]       â”‚   â”‚   â”‚       â”‚   â””â”€â”€ kataglyphis_rustprojecttemplate v0.1.0 (*)
[21:38:51]       â”‚   â”‚   â”‚       â””â”€â”€ kataglyphis_rustprojecttemplate v0.1.0 (*)
[21:38:51]       â”‚   â”‚   â””â”€â”€ wgpu-hal v27.0.4
[21:38:51]       â”‚   â”‚       â”œâ”€â”€ wgpu v27.0.1 (*)
[21:38:51]       â”‚   â”‚       â”œâ”€â”€ wgpu-core v27.0.3 (*)
[21:38:51]       â”‚   â”‚       â””â”€â”€ wgpu-core-deps-windows-linux-android v27.0.0
[21:38:51]       â”‚   â”‚           â””â”€â”€ wgpu-core v27.0.3 (*)
[21:38:51]       â”‚   â”œâ”€â”€ toml_edit v0.25.4+spec-1.1.0
[21:38:51]       â”‚   â”‚   â””â”€â”€ proc-macro-crate v3.5.0
[21:38:51]       â”‚   â”‚       â””â”€â”€ gtk4-macros v0.11.0
[21:38:51]       â”‚   â”‚           â””â”€â”€ gtk4 v0.11.0
[21:38:51]       â”‚   â”‚               â””â”€â”€ kataglyphis_rustprojecttemplate v0.1.0 (*)
[21:38:51]       â”‚   â””â”€â”€ wgpu-core v27.0.3 (*)
[21:38:51]       â”œâ”€â”€ naga v27.0.3 (*)
[21:38:51]       â”œâ”€â”€ wgpu v27.0.1 (*)
[21:38:51]       â”œâ”€â”€ wgpu-core v27.0.3 (*)
[21:38:51]       â””â”€â”€ wgpu-hal v27.0.4 (*)
[21:38:51] warning[duplicate]: found 2 duplicate entries for crate 'image'
[21:38:51]     â”Œâ”€ C:\workspace/Cargo.lock:228:1
[21:38:51]     â”‚  
[21:38:51] 228 â”‚ â•­ image 0.24.9 registry+https://github.com/rust-lang/crates.io-index
[21:38:51] 229 â”‚ â”‚ image 0.25.10 registry+https://github.com/rust-lang/crates.io-index
[21:38:51]     â”‚ â•°â”€â”€â”€â”€â”€â”€â”€â”€â”€â”€â”€â”€â”€â”€â”€â”€â”€â”€â”€â”€â”€â”€â”€â”€â”€â”€â”€â”€â”€â”€â”€â”€â”€â”€â”€â”€â”€â”€â”€â”€â”€â”€â”€â”€â”€â”€â”€â”€â”€â”€â”€â”€â”€â”€â”€â”€â”€â”€â”€â”€â”€â”€â”€â”€â”€â”€â”€â”˜ lock entries
[21:38:51]     â”‚  
[21:38:51]     â”œ image v0.24.9
[21:38:51]       â”œâ”€â”€ plotters v0.3.7
[21:38:51]       â”‚   â””â”€â”€ kataglyphis_rustprojecttemplate v0.1.0
[21:38:51]       â””â”€â”€ plotters-bitmap v0.3.7
[21:38:51]           â””â”€â”€ plotters v0.3.7 (*)
[21:38:51]     â”œ image v0.25.10
[21:38:51]       â””â”€â”€ arboard v3.6.1
[21:38:51]           â””â”€â”€ egui-winit v0.33.3
[21:38:51]               â””â”€â”€ kataglyphis_rustprojecttemplate v0.1.0
[21:38:51] warning[duplicate]: found 3 duplicate entries for crate 'itertools'
[21:38:51]     â”Œâ”€ C:\workspace/Cargo.lock:232:1
[21:38:51]     â”‚  
[21:38:51] 232 â”‚ â•­ itertools 0.10.5 registry+https://github.com/rust-lang/crates.io-index
[21:38:51] 233 â”‚ â”‚ itertools 0.12.1 registry+https://github.com/rust-lang/crates.io-index
[21:38:51] 234 â”‚ â”‚ itertools 0.14.0 registry+https://github.com/rust-lang/crates.io-index
[21:38:51]     â”‚ â•°â”€â”€â”€â”€â”€â”€â”€â”€â”€â”€â”€â”€â”€â”€â”€â”€â”€â”€â”€â”€â”€â”€â”€â”€â”€â”€â”€â”€â”€â”€â”€â”€â”€â”€â”€â”€â”€â”€â”€â”€â”€â”€â”€â”€â”€â”€â”€â”€â”€â”€â”€â”€â”€â”€â”€â”€â”€â”€â”€â”€â”€â”€â”€â”€â”€â”€â”€â”€â”€â”€â”˜ lock entries
[21:38:51]     â”‚  
[21:38:51]     â”œ itertools v0.10.5
[21:38:51]       â””â”€â”€ prost-derive v0.11.9
[21:38:51]           â””â”€â”€ prost v0.11.9
[21:38:51]               â””â”€â”€ tract-onnx v0.22.1
[21:38:51]                   â””â”€â”€ kataglyphis_rustprojecttemplate v0.1.0
[21:38:51]     â”œ itertools v0.12.1
[21:38:51]       â””â”€â”€ tract-data v0.22.1
[21:38:51]           â”œâ”€â”€ tract-core v0.22.1
[21:38:51]           â”‚   â”œâ”€â”€ tract-hir v0.22.1
[21:38:51]           â”‚   â”‚   â””â”€â”€ tract-onnx v0.22.1
[21:38:51]           â”‚   â”‚       â””â”€â”€ kataglyphis_rustprojecttemplate v0.1.0
[21:38:51]           â”‚   â””â”€â”€ tract-nnef v0.22.1
[21:38:51]           â”‚       â”œâ”€â”€ tract-onnx v0.22.1 (*)
[21:38:51]           â”‚       â””â”€â”€ tract-onnx-opl v0.22.1
[21:38:51]           â”‚           â””â”€â”€ tract-onnx v0.22.1 (*)
[21:38:51]           â””â”€â”€ tract-linalg v0.22.1
[21:38:51]               â””â”€â”€ tract-core v0.22.1 (*)
[21:38:51]     â”œ itertools v0.14.0
[21:38:51]       â”œâ”€â”€ burn-ndarray v0.20.1
[21:38:51]       â”‚   â”œâ”€â”€ burn v0.20.1
[21:38:51]       â”‚   â”‚   â””â”€â”€ kataglyphis_rustprojecttemplate v0.1.0
[21:38:51]       â”‚   â””â”€â”€ kataglyphis_rustprojecttemplate v0.1.0 (*)
[21:38:51]       â”œâ”€â”€ gstreamer v0.25.1
[21:38:51]       â”‚   â”œâ”€â”€ gstreamer-app v0.25.0
[21:38:51]       â”‚   â”‚   â””â”€â”€ kataglyphis_rustprojecttemplate v0.1.0 (*)
[21:38:51]       â”‚   â”œâ”€â”€ gstreamer-base v0.25.0
[21:38:51]       â”‚   â”‚   â””â”€â”€ gstreamer-app v0.25.0 (*)
[21:38:51]       â”‚   â””â”€â”€ kataglyphis_rustprojecttemplate v0.1.0 (*)
[21:38:51]       â”œâ”€â”€ liquid-core v0.26.11
[21:38:51]       â”‚   â”œâ”€â”€ liquid v0.26.11
[21:38:51]       â”‚   â”‚   â”œâ”€â”€ (build) tract-linalg v0.22.1
[21:38:51]       â”‚   â”‚   â”‚   â””â”€â”€ tract-core v0.22.1
[21:38:51]       â”‚   â”‚   â”‚       â”œâ”€â”€ tract-hir v0.22.1
[21:38:51]       â”‚   â”‚   â”‚       â”‚   â””â”€â”€ tract-onnx v0.22.1
[21:38:51]       â”‚   â”‚   â”‚       â”‚       â””â”€â”€ kataglyphis_rustprojecttemplate v0.1.0 (*)
[21:38:51]       â”‚   â”‚   â”‚       â””â”€â”€ tract-nnef v0.22.1
[21:38:51]       â”‚   â”‚   â”‚           â”œâ”€â”€ tract-onnx v0.22.1 (*)
[21:38:51]       â”‚   â”‚   â”‚           â””â”€â”€ tract-onnx-opl v0.22.1
[21:38:51]       â”‚   â”‚   â”‚               â””â”€â”€ tract-onnx v0.22.1 (*)
[21:38:51]       â”‚   â”‚   â””â”€â”€ tract-nnef v0.22.1 (*)
[21:38:51]       â”‚   â”œâ”€â”€ liquid-lib v0.26.11
[21:38:51]       â”‚   â”‚   â””â”€â”€ liquid v0.26.11 (*)
[21:38:51]       â”‚   â”œâ”€â”€ (build) tract-linalg v0.22.1 (*)
[21:38:51]       â”‚   â””â”€â”€ tract-nnef v0.22.1 (*)
[21:38:51]       â””â”€â”€ liquid-lib v0.26.11 (*)
[21:38:51] warning[duplicate]: found 2 duplicate entries for crate 'linux-raw-sys'
[21:38:51]     â”Œâ”€ C:\workspace/Cargo.lock:246:1
[21:38:51]     â”‚  
[21:38:51] 246 â”‚ â•­ linux-raw-sys 0.4.15 registry+https://github.com/rust-lang/crates.io-index
[21:38:51] 247 â”‚ â”‚ linux-raw-sys 0.12.1 registry+https://github.com/rust-lang/crates.io-index
[21:38:51]     â”‚ â•°â”€â”€â”€â”€â”€â”€â”€â”€â”€â”€â”€â”€â”€â”€â”€â”€â”€â”€â”€â”€â”€â”€â”€â”€â”€â”€â”€â”€â”€â”€â”€â”€â”€â”€â”€â”€â”€â”€â”€â”€â”€â”€â”€â”€â”€â”€â”€â”€â”€â”€â”€â”€â”€â”€â”€â”€â”€â”€â”€â”€â”€â”€â”€â”€â”€â”€â”€â”€â”€â”€â”€â”€â”€â”€â”˜ lock entries
[21:38:51]     â”‚  
[21:38:51]     â”œ linux-raw-sys v0.4.15
[21:38:51]       â””â”€â”€ rustix v0.38.44
[21:38:51]           â”œâ”€â”€ calloop v0.13.0
[21:38:51]           â”‚   â”œâ”€â”€ calloop-wayland-source v0.3.0
[21:38:51]           â”‚   â”‚   â””â”€â”€ smithay-client-toolkit v0.19.2
[21:38:51]           â”‚   â”‚       â”œâ”€â”€ sctk-adwaita v0.10.1
[21:38:51]           â”‚   â”‚       â”‚   â””â”€â”€ winit v0.30.13
[21:38:51]           â”‚   â”‚       â”‚       â”œâ”€â”€ egui-winit v0.33.3
[21:38:51]           â”‚   â”‚       â”‚       â”‚   â””â”€â”€ kataglyphis_rustprojecttemplate v0.1.0
[21:38:51]           â”‚   â”‚       â”‚       â””â”€â”€ kataglyphis_rustprojecttemplate v0.1.0 (*)
[21:38:51]           â”‚   â”‚       â””â”€â”€ winit v0.30.13 (*)
[21:38:51]           â”‚   â”œâ”€â”€ smithay-client-toolkit v0.19.2 (*)
[21:38:51]           â”‚   â””â”€â”€ winit v0.30.13 (*)
[21:38:51]           â”œâ”€â”€ calloop-wayland-source v0.3.0 (*)
[21:38:51]           â”œâ”€â”€ smithay-client-toolkit v0.19.2 (*)
[21:38:51]           â””â”€â”€ winit v0.30.13 (*)
[21:38:51]     â”œ linux-raw-sys v0.12.1
[21:38:51]       â””â”€â”€ rustix v1.1.4
[21:38:51]           â”œâ”€â”€ calloop v0.14.4
[21:38:51]           â”‚   â”œâ”€â”€ calloop-wayland-source v0.4.1
[21:38:51]           â”‚   â”‚   â””â”€â”€ smithay-client-toolkit v0.20.0
[21:38:51]           â”‚   â”‚       â””â”€â”€ smithay-clipboard v0.7.3
[21:38:51]           â”‚   â”‚           â””â”€â”€ egui-winit v0.33.3
[21:38:51]           â”‚   â”‚               â””â”€â”€ kataglyphis_rustprojecttemplate v0.1.0
[21:38:51]           â”‚   â””â”€â”€ smithay-client-toolkit v0.20.0 (*)
[21:38:51]           â”œâ”€â”€ calloop-wayland-source v0.4.1 (*)
[21:38:51]           â”œâ”€â”€ gethostname v1.1.0
[21:38:51]           â”‚   â””â”€â”€ x11rb v0.13.2
[21:38:51]           â”‚       â”œâ”€â”€ arboard v3.6.1
[21:38:51]           â”‚       â”‚   â””â”€â”€ egui-winit v0.33.3 (*)
[21:38:51]           â”‚       â””â”€â”€ winit v0.30.13
[21:38:51]           â”‚           â”œâ”€â”€ egui-winit v0.33.3 (*)
[21:38:51]           â”‚           â””â”€â”€ kataglyphis_rustprojecttemplate v0.1.0 (*)
[21:38:51]           â”œâ”€â”€ polling v3.11.0
[21:38:51]           â”‚   â”œâ”€â”€ calloop v0.13.0
[21:38:51]           â”‚   â”‚   â”œâ”€â”€ calloop-wayland-source v0.3.0
[21:38:51]           â”‚   â”‚   â”‚   â””â”€â”€ smithay-client-toolkit v0.19.2
[21:38:51]           â”‚   â”‚   â”‚       â”œâ”€â”€ sctk-adwaita v0.10.1
[21:38:51]           â”‚   â”‚   â”‚       â”‚   â””â”€â”€ winit v0.30.13 (*)
[21:38:51]           â”‚   â”‚   â”‚       â””â”€â”€ winit v0.30.13 (*)
[21:38:51]           â”‚   â”‚   â”œâ”€â”€ smithay-client-toolkit v0.19.2 (*)
[21:38:51]           â”‚   â”‚   â””â”€â”€ winit v0.30.13 (*)
[21:38:51]           â”‚   â””â”€â”€ calloop v0.14.4 (*)
[21:38:51]           â”œâ”€â”€ smithay-client-toolkit v0.20.0 (*)
[21:38:51]           â”œâ”€â”€ tempfile v3.26.0
[21:38:51]           â”‚   â””â”€â”€ kataglyphis_rustprojecttemplate v0.1.0 (*)
[21:38:51]           â”œâ”€â”€ wayland-backend v0.3.14
[21:38:51]           â”‚   â”œâ”€â”€ calloop-wayland-source v0.3.0 (*)
[21:38:51]           â”‚   â”œâ”€â”€ calloop-wayland-source v0.4.1 (*)
[21:38:51]           â”‚   â”œâ”€â”€ smithay-client-toolkit v0.19.2 (*)
[21:38:51]           â”‚   â”œâ”€â”€ smithay-client-toolkit v0.20.0 (*)
[21:38:51]           â”‚   â”œâ”€â”€ smithay-clipboard v0.7.3 (*)
[21:38:51]           â”‚   â”œâ”€â”€ wayland-client v0.31.13
[21:38:51]           â”‚   â”‚   â”œâ”€â”€ calloop-wayland-source v0.3.0 (*)
[21:38:51]           â”‚   â”‚   â”œâ”€â”€ calloop-wayland-source v0.4.1 (*)
[21:38:51]           â”‚   â”‚   â”œâ”€â”€ smithay-client-toolkit v0.19.2 (*)
[21:38:51]           â”‚   â”‚   â”œâ”€â”€ smithay-client-toolkit v0.20.0 (*)
[21:38:51]           â”‚   â”‚   â”œâ”€â”€ wayland-cursor v0.31.13
[21:38:51]           â”‚   â”‚   â”‚   â”œâ”€â”€ smithay-client-toolkit v0.19.2 (*)
[21:38:51]           â”‚   â”‚   â”‚   â””â”€â”€ smithay-client-toolkit v0.20.0 (*)
[21:38:51]           â”‚   â”‚   â”œâ”€â”€ wayland-protocols v0.32.11
[21:38:51]           â”‚   â”‚   â”‚   â”œâ”€â”€ smithay-client-toolkit v0.19.2 (*)
[21:38:51]           â”‚   â”‚   â”‚   â”œâ”€â”€ smithay-client-toolkit v0.20.0 (*)
[21:38:51]           â”‚   â”‚   â”‚   â”œâ”€â”€ wayland-protocols-experimental v20250721.0.1
[21:38:51]           â”‚   â”‚   â”‚   â”‚   â””â”€â”€ smithay-client-toolkit v0.20.0 (*)
[21:38:51]           â”‚   â”‚   â”‚   â”œâ”€â”€ wayland-protocols-misc v0.3.11
[21:38:51]           â”‚   â”‚   â”‚   â”‚   â””â”€â”€ smithay-client-toolkit v0.20.0 (*)
[21:38:51]           â”‚   â”‚   â”‚   â”œâ”€â”€ wayland-protocols-plasma v0.3.11
[21:38:51]           â”‚   â”‚   â”‚   â”‚   â””â”€â”€ winit v0.30.13 (*)
[21:38:51]           â”‚   â”‚   â”‚   â”œâ”€â”€ wayland-protocols-wlr v0.3.11
[21:38:51]           â”‚   â”‚   â”‚   â”‚   â”œâ”€â”€ smithay-client-toolkit v0.19.2 (*)
[21:38:51]           â”‚   â”‚   â”‚   â”‚   â””â”€â”€ smithay-client-toolkit v0.20.0 (*)
[21:38:51]           â”‚   â”‚   â”‚   â””â”€â”€ winit v0.30.13 (*)
[21:38:51]           â”‚   â”‚   â”œâ”€â”€ wayland-protocols-experimental v20250721.0.1 (*)
[21:38:51]           â”‚   â”‚   â”œâ”€â”€ wayland-protocols-misc v0.3.11 (*)
[21:38:51]           â”‚   â”‚   â”œâ”€â”€ wayland-protocols-plasma v0.3.11 (*)
[21:38:51]           â”‚   â”‚   â”œâ”€â”€ wayland-protocols-wlr v0.3.11 (*)
[21:38:51]           â”‚   â”‚   â””â”€â”€ winit v0.30.13 (*)
[21:38:51]           â”‚   â”œâ”€â”€ wayland-csd-frame v0.3.0
[21:38:51]           â”‚   â”‚   â”œâ”€â”€ smithay-client-toolkit v0.19.2 (*)
[21:38:51]           â”‚   â”‚   â””â”€â”€ smithay-client-toolkit v0.20.0 (*)
[21:38:51]           â”‚   â”œâ”€â”€ wayland-protocols v0.32.11 (*)
[21:38:51]           â”‚   â”œâ”€â”€ wayland-protocols-experimental v20250721.0.1 (*)
[21:38:51]           â”‚   â”œâ”€â”€ wayland-protocols-misc v0.3.11 (*)
[21:38:51]           â”‚   â”œâ”€â”€ wayland-protocols-plasma v0.3.11 (*)
[21:38:51]           â”‚   â”œâ”€â”€ wayland-protocols-wlr v0.3.11 (*)
[21:38:51]           â”‚   â””â”€â”€ winit v0.30.13 (*)
[21:38:51]           â”œâ”€â”€ wayland-client v0.31.13 (*)
[21:38:51]           â”œâ”€â”€ wayland-cursor v0.31.13 (*)
[21:38:51]           â”œâ”€â”€ x11rb v0.13.2 (*)
[21:38:51]           â””â”€â”€ xattr v1.6.1
[21:38:51]               â””â”€â”€ tar v0.4.44
[21:38:51]                   â””â”€â”€ tract-nnef v0.22.1
[21:38:51]                       â”œâ”€â”€ tract-onnx v0.22.1
[21:38:51]                       â”‚   â””â”€â”€ kataglyphis_rustprojecttemplate v0.1.0 (*)
[21:38:51]                       â””â”€â”€ tract-onnx-opl v0.22.1
[21:38:51]                           â””â”€â”€ tract-onnx v0.22.1 (*)
[21:38:51] warning[duplicate]: found 2 duplicate entries for crate 'ndarray'
[21:38:51]     â”Œâ”€ C:\workspace/Cargo.lock:272:1
[21:38:51]     â”‚  
[21:38:51] 272 â”‚ â•­ ndarray 0.16.1 registry+https://github.com/rust-lang/crates.io-index
[21:38:51] 273 â”‚ â”‚ ndarray 0.17.2 registry+https://github.com/rust-lang/crates.io-index
[21:38:51]     â”‚ â•°â”€â”€â”€â”€â”€â”€â”€â”€â”€â”€â”€â”€â”€â”€â”€â”€â”€â”€â”€â”€â”€â”€â”€â”€â”€â”€â”€â”€â”€â”€â”€â”€â”€â”€â”€â”€â”€â”€â”€â”€â”€â”€â”€â”€â”€â”€â”€â”€â”€â”€â”€â”€â”€â”€â”€â”€â”€â”€â”€â”€â”€â”€â”€â”€â”€â”€â”€â”€â”˜ lock entries
[21:38:51]     â”‚  
[21:38:51]     â”œ ndarray v0.16.1
[21:38:51]       â”œâ”€â”€ tract-core v0.22.1
[21:38:51]       â”‚   â”œâ”€â”€ tract-hir v0.22.1
[21:38:51]       â”‚   â”‚   â””â”€â”€ tract-onnx v0.22.1
[21:38:51]       â”‚   â”‚       â””â”€â”€ kataglyphis_rustprojecttemplate v0.1.0
[21:38:51]       â”‚   â””â”€â”€ tract-nnef v0.22.1
[21:38:51]       â”‚       â”œâ”€â”€ tract-onnx v0.22.1 (*)
[21:38:51]       â”‚       â””â”€â”€ tract-onnx-opl v0.22.1
[21:38:51]       â”‚           â””â”€â”€ tract-onnx v0.22.1 (*)
[21:38:51]       â””â”€â”€ tract-data v0.22.1
[21:38:51]           â”œâ”€â”€ tract-core v0.22.1 (*)
[21:38:51]           â””â”€â”€ tract-linalg v0.22.1
[21:38:51]               â””â”€â”€ tract-core v0.22.1 (*)
[21:38:51]     â”œ ndarray v0.17.2
[21:38:51]       â”œâ”€â”€ burn-ndarray v0.20.1
[21:38:51]       â”‚   â”œâ”€â”€ burn v0.20.1
[21:38:51]       â”‚   â”‚   â””â”€â”€ kataglyphis_rustprojecttemplate v0.1.0
[21:38:51]       â”‚   â””â”€â”€ kataglyphis_rustprojecttemplate v0.1.0 (*)
[21:38:51]       â”œâ”€â”€ kataglyphis_rustprojecttemplate v0.1.0 (*)
[21:38:51]       â””â”€â”€ ort v2.0.0-rc.12
[21:38:51]           â””â”€â”€ kataglyphis_rustprojecttemplate v0.1.0 (*)
[21:38:51] warning[duplicate]: found 2 duplicate entries for crate 'pastey'
[21:38:51]     â”Œâ”€ C:\workspace/Cargo.lock:302:1
[21:38:51]     â”‚  
[21:38:51] 302 â”‚ â•­ pastey 0.1.1 registry+https://github.com/rust-lang/crates.io-index
[21:38:51] 303 â”‚ â”‚ pastey 0.2.1 registry+https://github.com/rust-lang/crates.io-index
[21:38:51]     â”‚ â•°â”€â”€â”€â”€â”€â”€â”€â”€â”€â”€â”€â”€â”€â”€â”€â”€â”€â”€â”€â”€â”€â”€â”€â”€â”€â”€â”€â”€â”€â”€â”€â”€â”€â”€â”€â”€â”€â”€â”€â”€â”€â”€â”€â”€â”€â”€â”€â”€â”€â”€â”€â”€â”€â”€â”€â”€â”€â”€â”€â”€â”€â”€â”€â”€â”€â”€â”˜ lock entries
[21:38:51]     â”‚  
[21:38:51]     â”œ pastey v0.1.1
[21:38:51]       â”œâ”€â”€ tract-core v0.22.1
[21:38:51]       â”‚   â”œâ”€â”€ tract-hir v0.22.1
[21:38:51]       â”‚   â”‚   â””â”€â”€ tract-onnx v0.22.1
[21:38:51]       â”‚   â”‚       â””â”€â”€ kataglyphis_rustprojecttemplate v0.1.0
[21:38:51]       â”‚   â””â”€â”€ tract-nnef v0.22.1
[21:38:51]       â”‚       â”œâ”€â”€ tract-onnx v0.22.1 (*)
[21:38:51]       â”‚       â””â”€â”€ tract-onnx-opl v0.22.1
[21:38:52]       â”‚           â””â”€â”€ tract-onnx v0.22.1 (*)
[21:38:52]       â””â”€â”€ tract-linalg v0.22.1
[21:38:52]           â””â”€â”€ tract-core v0.22.1 (*)
[21:38:52]     â”œ pastey v0.2.1
[21:38:52]       â”œâ”€â”€ gstreamer v0.25.1
[21:38:52]       â”‚   â”œâ”€â”€ gstreamer-app v0.25.0
[21:38:52]       â”‚   â”‚   â””â”€â”€ kataglyphis_rustprojecttemplate v0.1.0
[21:38:52]       â”‚   â”œâ”€â”€ gstreamer-base v0.25.0
[21:38:52]       â”‚   â”‚   â””â”€â”€ gstreamer-app v0.25.0 (*)
[21:38:52]       â”‚   â””â”€â”€ kataglyphis_rustprojecttemplate v0.1.0 (*)
[21:38:52]       â””â”€â”€ option-operations v0.6.1
[21:38:52]           â””â”€â”€ gstreamer v0.25.1 (*)
[21:38:52] warning[duplicate]: found 2 duplicate entries for crate 'png'
[21:38:52]     â”Œâ”€ C:\workspace/Cargo.lock:318:1
[21:38:52]     â”‚  
[21:38:52] 318 â”‚ â•­ png 0.17.16 registry+https://github.com/rust-lang/crates.io-index
[21:38:52] 319 â”‚ â”‚ png 0.18.1 registry+https://github.com/rust-lang/crates.io-index
[21:38:52]     â”‚ â•°â”€â”€â”€â”€â”€â”€â”€â”€â”€â”€â”€â”€â”€â”€â”€â”€â”€â”€â”€â”€â”€â”€â”€â”€â”€â”€â”€â”€â”€â”€â”€â”€â”€â”€â”€â”€â”€â”€â”€â”€â”€â”€â”€â”€â”€â”€â”€â”€â”€â”€â”€â”€â”€â”€â”€â”€â”€â”€â”€â”€â”€â”€â”€â”€â”˜ lock entries
[21:38:52]     â”‚  
[21:38:52]     â”œ png v0.17.16
[21:38:52]       â””â”€â”€ image v0.24.9
[21:38:52]           â”œâ”€â”€ plotters v0.3.7
[21:38:52]           â”‚   â””â”€â”€ kataglyphis_rustprojecttemplate v0.1.0
[21:38:52]           â””â”€â”€ plotters-bitmap v0.3.7
[21:38:52]               â””â”€â”€ plotters v0.3.7 (*)
[21:38:52]     â”œ png v0.18.1
[21:38:52]       â””â”€â”€ image v0.25.10
[21:38:52]           â””â”€â”€ arboard v3.6.1
[21:38:52]               â””â”€â”€ egui-winit v0.33.3
[21:38:52]                   â””â”€â”€ kataglyphis_rustprojecttemplate v0.1.0
[21:38:52] warning[duplicate]: found 2 duplicate entries for crate 'rand'
[21:38:52]     â”Œâ”€ C:\workspace/Cargo.lock:340:1
[21:38:52]     â”‚  
[21:38:52] 340 â”‚ â•­ rand 0.8.5 registry+https://github.com/rust-lang/crates.io-index
[21:38:52] 341 â”‚ â”‚ rand 0.9.2 registry+https://github.com/rust-lang/crates.io-index
[21:38:52]     â”‚ â•°â”€â”€â”€â”€â”€â”€â”€â”€â”€â”€â”€â”€â”€â”€â”€â”€â”€â”€â”€â”€â”€â”€â”€â”€â”€â”€â”€â”€â”€â”€â”€â”€â”€â”€â”€â”€â”€â”€â”€â”€â”€â”€â”€â”€â”€â”€â”€â”€â”€â”€â”€â”€â”€â”€â”€â”€â”€â”€â”€â”€â”€â”€â”€â”€â”˜ lock entries
[21:38:52]     â”‚  
[21:38:52]     â”œ rand v0.8.5
[21:38:52]       â”œâ”€â”€ rand_distr v0.4.3
[21:38:52]       â”‚   â””â”€â”€ tract-onnx-opl v0.22.1
[21:38:52]       â”‚       â””â”€â”€ tract-onnx v0.22.1
[21:38:52]       â”‚           â””â”€â”€ kataglyphis_rustprojecttemplate v0.1.0
[21:38:52]       â””â”€â”€ tract-onnx-opl v0.22.1 (*)
[21:38:52]     â”œ rand v0.9.2
[21:38:52]       â”œâ”€â”€ burn-backend v0.20.1
[21:38:52]       â”‚   â”œâ”€â”€ burn-autodiff v0.20.1
[21:38:52]       â”‚   â”‚   â”œâ”€â”€ burn v0.20.1
[21:38:52]       â”‚   â”‚   â”‚   â””â”€â”€ kataglyphis_rustprojecttemplate v0.1.0
[21:38:52]       â”‚   â”‚   â”œâ”€â”€ burn-ndarray v0.20.1
[21:38:52]       â”‚   â”‚   â”‚   â”œâ”€â”€ burn v0.20.1 (*)
[21:38:52]       â”‚   â”‚   â”‚   â””â”€â”€ kataglyphis_rustprojecttemplate v0.1.0 (*)
[21:38:52]       â”‚   â”‚   â””â”€â”€ kataglyphis_rustprojecttemplate v0.1.0 (*)
[21:38:52]       â”‚   â”œâ”€â”€ burn-ir v0.20.1
[21:38:52]       â”‚   â”‚   â””â”€â”€ burn-ndarray v0.20.1 (*)
[21:38:52]       â”‚   â”œâ”€â”€ burn-ndarray v0.20.1 (*)
[21:38:52]       â”‚   â””â”€â”€ burn-tensor v0.20.1
[21:38:52]       â”‚       â””â”€â”€ burn-core v0.20.1
[21:38:52]       â”‚           â”œâ”€â”€ burn v0.20.1 (*)
[21:38:52]       â”‚           â”œâ”€â”€ burn-nn v0.20.1
[21:38:52]       â”‚           â”‚   â””â”€â”€ burn v0.20.1 (*)
[21:38:52]       â”‚           â””â”€â”€ burn-optim v0.20.1
[21:38:52]       â”‚               â””â”€â”€ burn v0.20.1 (*)
[21:38:52]       â”œâ”€â”€ burn-core v0.20.1 (*)
[21:38:52]       â”œâ”€â”€ burn-ndarray v0.20.1 (*)
[21:38:52]       â”œâ”€â”€ cubecl-common v0.9.0
[21:38:52]       â”‚   â”œâ”€â”€ burn-std v0.20.1
[21:38:52]       â”‚   â”‚   â”œâ”€â”€ burn-autodiff v0.20.1 (*)
[21:38:52]       â”‚   â”‚   â”œâ”€â”€ burn-backend v0.20.1 (*)
[21:38:52]       â”‚   â”‚   â”œâ”€â”€ burn-core v0.20.1 (*)
[21:38:52]       â”‚   â”‚   â”œâ”€â”€ burn-ndarray v0.20.1 (*)
[21:38:52]       â”‚   â”‚   â””â”€â”€ burn-tensor v0.20.1 (*)
[21:38:52]       â”‚   â”œâ”€â”€ cubecl-core v0.9.0
[21:38:52]       â”‚   â”‚   â””â”€â”€ cubecl v0.9.0
[21:38:52]       â”‚   â”‚       â””â”€â”€ burn-backend v0.20.1 (*)
[21:38:52]       â”‚   â”œâ”€â”€ cubecl-ir v0.9.0
[21:38:52]       â”‚   â”‚   â”œâ”€â”€ cubecl v0.9.0 (*)
[21:38:52]       â”‚   â”‚   â”œâ”€â”€ cubecl-core v0.9.0 (*)
[21:38:52]       â”‚   â”‚   â””â”€â”€ cubecl-runtime v0.9.0
[21:38:52]       â”‚   â”‚       â”œâ”€â”€ cubecl v0.9.0 (*)
[21:38:52]       â”‚   â”‚       â””â”€â”€ cubecl-core v0.9.0 (*)
[21:38:52]       â”‚   â”œâ”€â”€ cubecl-macros v0.9.0
[21:38:52]       â”‚   â”‚   â””â”€â”€ cubecl-core v0.9.0 (*)
[21:38:52]       â”‚   â””â”€â”€ cubecl-runtime v0.9.0 (*)
[21:38:52]       â””â”€â”€ rand_distr v0.5.1
[21:38:52]           â””â”€â”€ burn-backend v0.20.1 (*)
[21:38:52] warning[duplicate]: found 2 duplicate entries for crate 'rand_chacha'
[21:38:52]     â”Œâ”€ C:\workspace/Cargo.lock:342:1
[21:38:52]     â”‚  
[21:38:52] 342 â”‚ â•­ rand_chacha 0.3.1 registry+https://github.com/rust-lang/crates.io-index
[21:38:52] 343 â”‚ â”‚ rand_chacha 0.9.0 registry+https://github.com/rust-lang/crates.io-index
[21:38:52]     â”‚ â•°â”€â”€â”€â”€â”€â”€â”€â”€â”€â”€â”€â”€â”€â”€â”€â”€â”€â”€â”€â”€â”€â”€â”€â”€â”€â”€â”€â”€â”€â”€â”€â”€â”€â”€â”€â”€â”€â”€â”€â”€â”€â”€â”€â”€â”€â”€â”€â”€â”€â”€â”€â”€â”€â”€â”€â”€â”€â”€â”€â”€â”€â”€â”€â”€â”€â”€â”€â”€â”€â”€â”€â”˜ lock entries
[21:38:52]     â”‚  
[21:38:52]     â”œ rand_chacha v0.3.1
[21:38:52]       â””â”€â”€ rand v0.8.5
[21:38:52]           â”œâ”€â”€ rand_distr v0.4.3
[21:38:52]           â”‚   â””â”€â”€ tract-onnx-opl v0.22.1
[21:38:52]           â”‚       â””â”€â”€ tract-onnx v0.22.1
[21:38:52]           â”‚           â””â”€â”€ kataglyphis_rustprojecttemplate v0.1.0
[21:38:52]           â””â”€â”€ tract-onnx-opl v0.22.1 (*)
[21:38:52]     â”œ rand_chacha v0.9.0
[21:38:52]       â””â”€â”€ rand v0.9.2
[21:38:52]           â”œâ”€â”€ burn-backend v0.20.1
[21:38:52]           â”‚   â”œâ”€â”€ burn-autodiff v0.20.1
[21:38:52]           â”‚   â”‚   â”œâ”€â”€ burn v0.20.1
[21:38:52]           â”‚   â”‚   â”‚   â””â”€â”€ kataglyphis_rustprojecttemplate v0.1.0
[21:38:52]           â”‚   â”‚   â”œâ”€â”€ burn-ndarray v0.20.1
[21:38:52]           â”‚   â”‚   â”‚   â”œâ”€â”€ burn v0.20.1 (*)
[21:38:52]           â”‚   â”‚   â”‚   â””â”€â”€ kataglyphis_rustprojecttemplate v0.1.0 (*)
[21:38:52]           â”‚   â”‚   â””â”€â”€ kataglyphis_rustprojecttemplate v0.1.0 (*)
[21:38:52]           â”‚   â”œâ”€â”€ burn-ir v0.20.1
[21:38:52]           â”‚   â”‚   â””â”€â”€ burn-ndarray v0.20.1 (*)
[21:38:52]           â”‚   â”œâ”€â”€ burn-ndarray v0.20.1 (*)
[21:38:52]           â”‚   â””â”€â”€ burn-tensor v0.20.1
[21:38:52]           â”‚       â””â”€â”€ burn-core v0.20.1
[21:38:52]           â”‚           â”œâ”€â”€ burn v0.20.1 (*)
[21:38:52]           â”‚           â”œâ”€â”€ burn-nn v0.20.1
[21:38:52]           â”‚           â”‚   â””â”€â”€ burn v0.20.1 (*)
[21:38:52]           â”‚           â””â”€â”€ burn-optim v0.20.1
[21:38:52]           â”‚               â””â”€â”€ burn v0.20.1 (*)
[21:38:52]           â”œâ”€â”€ burn-core v0.20.1 (*)
[21:38:52]           â”œâ”€â”€ burn-ndarray v0.20.1 (*)
[21:38:52]           â”œâ”€â”€ cubecl-common v0.9.0
[21:38:52]           â”‚   â”œâ”€â”€ burn-std v0.20.1
[21:38:52]           â”‚   â”‚   â”œâ”€â”€ burn-autodiff v0.20.1 (*)
[21:38:52]           â”‚   â”‚   â”œâ”€â”€ burn-backend v0.20.1 (*)
[21:38:52]           â”‚   â”‚   â”œâ”€â”€ burn-core v0.20.1 (*)
[21:38:52]           â”‚   â”‚   â”œâ”€â”€ burn-ndarray v0.20.1 (*)
[21:38:52]           â”‚   â”‚   â””â”€â”€ burn-tensor v0.20.1 (*)
[21:38:52]           â”‚   â”œâ”€â”€ cubecl-core v0.9.0
[21:38:52]           â”‚   â”‚   â””â”€â”€ cubecl v0.9.0
[21:38:52]           â”‚   â”‚       â””â”€â”€ burn-backend v0.20.1 (*)
[21:38:52]           â”‚   â”œâ”€â”€ cubecl-ir v0.9.0
[21:38:52]           â”‚   â”‚   â”œâ”€â”€ cubecl v0.9.0 (*)
[21:38:52]           â”‚   â”‚   â”œâ”€â”€ cubecl-core v0.9.0 (*)
[21:38:52]           â”‚   â”‚   â””â”€â”€ cubecl-runtime v0.9.0
[21:38:52]           â”‚   â”‚       â”œâ”€â”€ cubecl v0.9.0 (*)
[21:38:52]           â”‚   â”‚       â””â”€â”€ cubecl-core v0.9.0 (*)
[21:38:52]           â”‚   â”œâ”€â”€ cubecl-macros v0.9.0
[21:38:52]           â”‚   â”‚   â””â”€â”€ cubecl-core v0.9.0 (*)
[21:38:52]           â”‚   â””â”€â”€ cubecl-runtime v0.9.0 (*)
[21:38:52]           â””â”€â”€ rand_distr v0.5.1
[21:38:52]               â””â”€â”€ burn-backend v0.20.1 (*)
[21:38:52] warning[duplicate]: found 2 duplicate entries for crate 'rand_core'
[21:38:52]     â”Œâ”€ C:\workspace/Cargo.lock:344:1
[21:38:52]     â”‚  
[21:38:52] 344 â”‚ â•­ rand_core 0.6.4 registry+https://github.com/rust-lang/crates.io-index
[21:38:52] 345 â”‚ â”‚ rand_core 0.9.5 registry+https://github.com/rust-lang/crates.io-index
[21:38:52]     â”‚ â•°â”€â”€â”€â”€â”€â”€â”€â”€â”€â”€â”€â”€â”€â”€â”€â”€â”€â”€â”€â”€â”€â”€â”€â”€â”€â”€â”€â”€â”€â”€â”€â”€â”€â”€â”€â”€â”€â”€â”€â”€â”€â”€â”€â”€â”€â”€â”€â”€â”€â”€â”€â”€â”€â”€â”€â”€â”€â”€â”€â”€â”€â”€â”€â”€â”€â”€â”€â”€â”€â”˜ lock entries
[21:38:52]     â”‚  
[21:38:52]     â”œ rand_core v0.6.4
[21:38:52]       â”œâ”€â”€ rand v0.8.5
[21:38:52]       â”‚   â”œâ”€â”€ rand_distr v0.4.3
[21:38:52]       â”‚   â”‚   â””â”€â”€ tract-onnx-opl v0.22.1
[21:38:52]       â”‚   â”‚       â””â”€â”€ tract-onnx v0.22.1
[21:38:52]       â”‚   â”‚           â””â”€â”€ kataglyphis_rustprojecttemplate v0.1.0
[21:38:52]       â”‚   â””â”€â”€ tract-onnx-opl v0.22.1 (*)
[21:38:52]       â””â”€â”€ rand_chacha v0.3.1
[21:38:52]           â””â”€â”€ rand v0.8.5 (*)
[21:38:52]     â”œ rand_core v0.9.5
[21:38:52]       â”œâ”€â”€ rand v0.9.2
[21:38:52]       â”‚   â”œâ”€â”€ burn-backend v0.20.1
[21:38:52]       â”‚   â”‚   â”œâ”€â”€ burn-autodiff v0.20.1
[21:38:52]       â”‚   â”‚   â”‚   â”œâ”€â”€ burn v0.20.1
[21:38:52]       â”‚   â”‚   â”‚   â”‚   â””â”€â”€ kataglyphis_rustprojecttemplate v0.1.0
[21:38:52]       â”‚   â”‚   â”‚   â”œâ”€â”€ burn-ndarray v0.20.1
[21:38:52]       â”‚   â”‚   â”‚   â”‚   â”œâ”€â”€ burn v0.20.1 (*)
[21:38:52]       â”‚   â”‚   â”‚   â”‚   â””â”€â”€ kataglyphis_rustprojecttemplate v0.1.0 (*)
[21:38:52]       â”‚   â”‚   â”‚   â””â”€â”€ kataglyphis_rustprojecttemplate v0.1.0 (*)
[21:38:52]       â”‚   â”‚   â”œâ”€â”€ burn-ir v0.20.1
[21:38:52]       â”‚   â”‚   â”‚   â””â”€â”€ burn-ndarray v0.20.1 (*)
[21:38:52]       â”‚   â”‚   â”œâ”€â”€ burn-ndarray v0.20.1 (*)
[21:38:52]       â”‚   â”‚   â””â”€â”€ burn-tensor v0.20.1
[21:38:52]       â”‚   â”‚       â””â”€â”€ burn-core v0.20.1
[21:38:52]       â”‚   â”‚           â”œâ”€â”€ burn v0.20.1 (*)
[21:38:52]       â”‚   â”‚           â”œâ”€â”€ burn-nn v0.20.1
[21:38:52]       â”‚   â”‚           â”‚   â””â”€â”€ burn v0.20.1 (*)
[21:38:52]       â”‚   â”‚           â””â”€â”€ burn-optim v0.20.1
[21:38:52]       â”‚   â”‚               â””â”€â”€ burn v0.20.1 (*)
[21:38:52]       â”‚   â”œâ”€â”€ burn-core v0.20.1 (*)
[21:38:52]       â”‚   â”œâ”€â”€ burn-ndarray v0.20.1 (*)
[21:38:52]       â”‚   â”œâ”€â”€ cubecl-common v0.9.0
[21:38:52]       â”‚   â”‚   â”œâ”€â”€ burn-std v0.20.1
[21:38:52]       â”‚   â”‚   â”‚   â”œâ”€â”€ burn-autodiff v0.20.1 (*)
[21:38:52]       â”‚   â”‚   â”‚   â”œâ”€â”€ burn-backend v0.20.1 (*)
[21:38:52]       â”‚   â”‚   â”‚   â”œâ”€â”€ burn-core v0.20.1 (*)
[21:38:52]       â”‚   â”‚   â”‚   â”œâ”€â”€ burn-ndarray v0.20.1 (*)
[21:38:52]       â”‚   â”‚   â”‚   â””â”€â”€ burn-tensor v0.20.1 (*)
[21:38:52]       â”‚   â”‚   â”œâ”€â”€ cubecl-core v0.9.0
[21:38:52]       â”‚   â”‚   â”‚   â””â”€â”€ cubecl v0.9.0
[21:38:52]       â”‚   â”‚   â”‚       â””â”€â”€ burn-backend v0.20.1 (*)
[21:38:52]       â”‚   â”‚   â”œâ”€â”€ cubecl-ir v0.9.0
[21:38:52]       â”‚   â”‚   â”‚   â”œâ”€â”€ cubecl v0.9.0 (*)
[21:38:52]       â”‚   â”‚   â”‚   â”œâ”€â”€ cubecl-core v0.9.0 (*)
[21:38:52]       â”‚   â”‚   â”‚   â””â”€â”€ cubecl-runtime v0.9.0
[21:38:52]       â”‚   â”‚   â”‚       â”œâ”€â”€ cubecl v0.9.0 (*)
[21:38:52]       â”‚   â”‚   â”‚       â””â”€â”€ cubecl-core v0.9.0 (*)
[21:38:52]       â”‚   â”‚   â”œâ”€â”€ cubecl-macros v0.9.0
[21:38:52]       â”‚   â”‚   â”‚   â””â”€â”€ cubecl-core v0.9.0 (*)
[21:38:52]       â”‚   â”‚   â””â”€â”€ cubecl-runtime v0.9.0 (*)
[21:38:52]       â”‚   â””â”€â”€ rand_distr v0.5.1
[21:38:52]       â”‚       â””â”€â”€ burn-backend v0.20.1 (*)
[21:38:52]       â””â”€â”€ rand_chacha v0.9.0
[21:38:52]           â””â”€â”€ rand v0.9.2 (*)
[21:38:52] warning[duplicate]: found 2 duplicate entries for crate 'rand_distr'
[21:38:52]     â”Œâ”€ C:\workspace/Cargo.lock:346:1
[21:38:52]     â”‚  
[21:38:52] 346 â”‚ â•­ rand_distr 0.4.3 registry+https://github.com/rust-lang/crates.io-index
[21:38:52] 347 â”‚ â”‚ rand_distr 0.5.1 registry+https://github.com/rust-lang/crates.io-index
[21:38:52]     â”‚ â•°â”€â”€â”€â”€â”€â”€â”€â”€â”€â”€â”€â”€â”€â”€â”€â”€â”€â”€â”€â”€â”€â”€â”€â”€â”€â”€â”€â”€â”€â”€â”€â”€â”€â”€â”€â”€â”€â”€â”€â”€â”€â”€â”€â”€â”€â”€â”€â”€â”€â”€â”€â”€â”€â”€â”€â”€â”€â”€â”€â”€â”€â”€â”€â”€â”€â”€â”€â”€â”€â”€â”˜ lock entries
[21:38:52]     â”‚  
[21:38:52]     â”œ rand_distr v0.4.3
[21:38:52]       â””â”€â”€ tract-onnx-opl v0.22.1
[21:38:52]           â””â”€â”€ tract-onnx v0.22.1
[21:38:52]               â””â”€â”€ kataglyphis_rustprojecttemplate v0.1.0
[21:38:52]     â”œ rand_distr v0.5.1
[21:38:52]       â””â”€â”€ burn-backend v0.20.1
[21:38:52]           â”œâ”€â”€ burn-autodiff v0.20.1
[21:38:52]           â”‚   â”œâ”€â”€ burn v0.20.1
[21:38:52]           â”‚   â”‚   â””â”€â”€ kataglyphis_rustprojecttemplate v0.1.0
[21:38:52]           â”‚   â”œâ”€â”€ burn-ndarray v0.20.1
[21:38:52]           â”‚   â”‚   â”œâ”€â”€ burn v0.20.1 (*)
[21:38:52]           â”‚   â”‚   â””â”€â”€ kataglyphis_rustprojecttemplate v0.1.0 (*)
[21:38:52]           â”‚   â””â”€â”€ kataglyphis_rustprojecttemplate v0.1.0 (*)
[21:38:52]           â”œâ”€â”€ burn-ir v0.20.1
[21:38:52]           â”‚   â””â”€â”€ burn-ndarray v0.20.1 (*)
[21:38:52]           â”œâ”€â”€ burn-ndarray v0.20.1 (*)
[21:38:52]           â””â”€â”€ burn-tensor v0.20.1
[21:38:52]               â””â”€â”€ burn-core v0.20.1
[21:38:52]                   â”œâ”€â”€ burn v0.20.1 (*)
[21:38:52]                   â”œâ”€â”€ burn-nn v0.20.1
[21:38:52]                   â”‚   â””â”€â”€ burn v0.20.1 (*)
[21:38:52]                   â””â”€â”€ burn-optim v0.20.1
[21:38:52]                       â””â”€â”€ burn v0.20.1 (*)
[21:38:52] warning[duplicate]: found 2 duplicate entries for crate 'rustc-hash'
[21:38:52]     â”Œâ”€ C:\workspace/Cargo.lock:359:1
[21:38:52]     â”‚  
[21:38:52] 359 â”‚ â•­ rustc-hash 1.1.0 registry+https://github.com/rust-lang/crates.io-index
[21:38:52] 360 â”‚ â”‚ rustc-hash 2.1.1 registry+https://github.com/rust-lang/crates.io-index
[21:38:52]     â”‚ â•°â”€â”€â”€â”€â”€â”€â”€â”€â”€â”€â”€â”€â”€â”€â”€â”€â”€â”€â”€â”€â”€â”€â”€â”€â”€â”€â”€â”€â”€â”€â”€â”€â”€â”€â”€â”€â”€â”€â”€â”€â”€â”€â”€â”€â”€â”€â”€â”€â”€â”€â”€â”€â”€â”€â”€â”€â”€â”€â”€â”€â”€â”€â”€â”€â”€â”€â”€â”€â”€â”€â”˜ lock entries
[21:38:52]     â”‚  
[21:38:52]     â”œ rustc-hash v1.1.0
[21:38:52]       â”œâ”€â”€ naga v27.0.3
[21:38:52]       â”‚   â”œâ”€â”€ wgpu-core v27.0.3
[21:38:52]       â”‚   â”‚   â””â”€â”€ wgpu v27.0.1
[21:38:52]       â”‚   â”‚       â”œâ”€â”€ egui-wgpu v0.33.3
[21:38:52]       â”‚   â”‚       â”‚   â””â”€â”€ kataglyphis_rustprojecttemplate v0.1.0
[21:38:52]       â”‚   â”‚       â””â”€â”€ kataglyphis_rustprojecttemplate v0.1.0 (*)
[21:38:52]       â”‚   â””â”€â”€ wgpu-hal v27.0.4
[21:38:52]       â”‚       â”œâ”€â”€ wgpu v27.0.1 (*)
[21:38:52]       â”‚       â”œâ”€â”€ wgpu-core v27.0.3 (*)
[21:38:52]       â”‚       â””â”€â”€ wgpu-core-deps-windows-linux-android v27.0.0
[21:38:52]       â”‚           â””â”€â”€ wgpu-core v27.0.3 (*)
[21:38:52]       â””â”€â”€ wgpu-core v27.0.3 (*)
[21:38:52]     â”œ rustc-hash v2.1.1
[21:38:52]       â””â”€â”€ type-map v0.5.1
[21:38:52]           â””â”€â”€ egui-wgpu v0.33.3
[21:38:52]               â””â”€â”€ kataglyphis_rustprojecttemplate v0.1.0
[21:38:52] warning[duplicate]: found 2 duplicate entries for crate 'rustix'
[21:38:52]     â”Œâ”€ C:\workspace/Cargo.lock:363:1
[21:38:52]     â”‚  
[21:38:52] 363 â”‚ â•­ rustix 0.38.44 registry+https://github.com/rust-lang/crates.io-index
[21:38:52] 364 â”‚ â”‚ rustix 1.1.4 registry+https://github.com/rust-lang/crates.io-index
[21:38:52]     â”‚ â•°â”€â”€â”€â”€â”€â”€â”€â”€â”€â”€â”€â”€â”€â”€â”€â”€â”€â”€â”€â”€â”€â”€â”€â”€â”€â”€â”€â”€â”€â”€â”€â”€â”€â”€â”€â”€â”€â”€â”€â”€â”€â”€â”€â”€â”€â”€â”€â”€â”€â”€â”€â”€â”€â”€â”€â”€â”€â”€â”€â”€â”€â”€â”€â”€â”€â”€â”˜ lock entries
[21:38:52]     â”‚  
[21:38:52]     â”œ rustix v0.38.44
[21:38:52]       â”œâ”€â”€ calloop v0.13.0
[21:38:52]       â”‚   â”œâ”€â”€ calloop-wayland-source v0.3.0
[21:38:52]       â”‚   â”‚   â””â”€â”€ smithay-client-toolkit v0.19.2
[21:38:52]       â”‚   â”‚       â”œâ”€â”€ sctk-adwaita v0.10.1
[21:38:52]       â”‚   â”‚       â”‚   â””â”€â”€ winit v0.30.13
[21:38:52]       â”‚   â”‚       â”‚       â”œâ”€â”€ egui-winit v0.33.3
[21:38:52]       â”‚   â”‚       â”‚       â”‚   â””â”€â”€ kataglyphis_rustprojecttemplate v0.1.0
[21:38:52]       â”‚   â”‚       â”‚       â””â”€â”€ kataglyphis_rustprojecttemplate v0.1.0 (*)
[21:38:52]       â”‚   â”‚       â””â”€â”€ winit v0.30.13 (*)
[21:38:52]       â”‚   â”œâ”€â”€ smithay-client-toolkit v0.19.2 (*)
[21:38:52]       â”‚   â””â”€â”€ winit v0.30.13 (*)
[21:38:52]       â”œâ”€â”€ calloop-wayland-source v0.3.0 (*)
[21:38:52]       â”œâ”€â”€ smithay-client-toolkit v0.19.2 (*)
[21:38:52]       â””â”€â”€ winit v0.30.13 (*)
[21:38:52]     â”œ rustix v1.1.4
[21:38:52]       â”œâ”€â”€ calloop v0.14.4
[21:38:52]       â”‚   â”œâ”€â”€ calloop-wayland-source v0.4.1
[21:38:52]       â”‚   â”‚   â””â”€â”€ smithay-client-toolkit v0.20.0
[21:38:52]       â”‚   â”‚       â””â”€â”€ smithay-clipboard v0.7.3
[21:38:52]       â”‚   â”‚           â””â”€â”€ egui-winit v0.33.3
[21:38:52]       â”‚   â”‚               â””â”€â”€ kataglyphis_rustprojecttemplate v0.1.0
[21:38:52]       â”‚   â””â”€â”€ smithay-client-toolkit v0.20.0 (*)
[21:38:52]       â”œâ”€â”€ calloop-wayland-source v0.4.1 (*)
[21:38:52]       â”œâ”€â”€ gethostname v1.1.0
[21:38:52]       â”‚   â””â”€â”€ x11rb v0.13.2
[21:38:52]       â”‚       â”œâ”€â”€ arboard v3.6.1
[21:38:52]       â”‚       â”‚   â””â”€â”€ egui-winit v0.33.3 (*)
[21:38:52]       â”‚       â””â”€â”€ winit v0.30.13
[21:38:52]       â”‚           â”œâ”€â”€ egui-winit v0.33.3 (*)
[21:38:52]       â”‚           â””â”€â”€ kataglyphis_rustprojecttemplate v0.1.0 (*)
[21:38:52]       â”œâ”€â”€ polling v3.11.0
[21:38:52]       â”‚   â”œâ”€â”€ calloop v0.13.0
[21:38:52]       â”‚   â”‚   â”œâ”€â”€ calloop-wayland-source v0.3.0
[21:38:52]       â”‚   â”‚   â”‚   â””â”€â”€ smithay-client-toolkit v0.19.2
[21:38:52]       â”‚   â”‚   â”‚       â”œâ”€â”€ sctk-adwaita v0.10.1
[21:38:52]       â”‚   â”‚   â”‚       â”‚   â””â”€â”€ winit v0.30.13 (*)
[21:38:52]       â”‚   â”‚   â”‚       â””â”€â”€ winit v0.30.13 (*)
[21:38:52]       â”‚   â”‚   â”œâ”€â”€ smithay-client-toolkit v0.19.2 (*)
[21:38:52]       â”‚   â”‚   â””â”€â”€ winit v0.30.13 (*)
[21:38:52]       â”‚   â””â”€â”€ calloop v0.14.4 (*)
[21:38:52]       â”œâ”€â”€ smithay-client-toolkit v0.20.0 (*)
[21:38:52]       â”œâ”€â”€ tempfile v3.26.0
[21:38:52]       â”‚   â””â”€â”€ kataglyphis_rustprojecttemplate v0.1.0 (*)
[21:38:52]       â”œâ”€â”€ wayland-backend v0.3.14
[21:38:52]       â”‚   â”œâ”€â”€ calloop-wayland-source v0.3.0 (*)
[21:38:52]       â”‚   â”œâ”€â”€ calloop-wayland-source v0.4.1 (*)
[21:38:52]       â”‚   â”œâ”€â”€ smithay-client-toolkit v0.19.2 (*)
[21:38:52]       â”‚   â”œâ”€â”€ smithay-client-toolkit v0.20.0 (*)
[21:38:52]       â”‚   â”œâ”€â”€ smithay-clipboard v0.7.3 (*)
[21:38:52]       â”‚   â”œâ”€â”€ wayland-client v0.31.13
[21:38:52]       â”‚   â”‚   â”œâ”€â”€ calloop-wayland-source v0.3.0 (*)
[21:38:52]       â”‚   â”‚   â”œâ”€â”€ calloop-wayland-source v0.4.1 (*)
[21:38:52]       â”‚   â”‚   â”œâ”€â”€ smithay-client-toolkit v0.19.2 (*)
[21:38:52]       â”‚   â”‚   â”œâ”€â”€ smithay-client-toolkit v0.20.0 (*)
[21:38:52]       â”‚   â”‚   â”œâ”€â”€ wayland-cursor v0.31.13
[21:38:52]       â”‚   â”‚   â”‚   â”œâ”€â”€ smithay-client-toolkit v0.19.2 (*)
[21:38:52]       â”‚   â”‚   â”‚   â””â”€â”€ smithay-client-toolkit v0.20.0 (*)
[21:38:52]       â”‚   â”‚   â”œâ”€â”€ wayland-protocols v0.32.11
[21:38:52]       â”‚   â”‚   â”‚   â”œâ”€â”€ smithay-client-toolkit v0.19.2 (*)
[21:38:52]       â”‚   â”‚   â”‚   â”œâ”€â”€ smithay-client-toolkit v0.20.0 (*)
[21:38:52]       â”‚   â”‚   â”‚   â”œâ”€â”€ wayland-protocols-experimental v20250721.0.1
[21:38:52]       â”‚   â”‚   â”‚   â”‚   â””â”€â”€ smithay-client-toolkit v0.20.0 (*)
[21:38:52]       â”‚   â”‚   â”‚   â”œâ”€â”€ wayland-protocols-misc v0.3.11
[21:38:52]       â”‚   â”‚   â”‚   â”‚   â””â”€â”€ smithay-client-toolkit v0.20.0 (*)
[21:38:52]       â”‚   â”‚   â”‚   â”œâ”€â”€ wayland-protocols-plasma v0.3.11
[21:38:52]       â”‚   â”‚   â”‚   â”‚   â””â”€â”€ winit v0.30.13 (*)
[21:38:52]       â”‚   â”‚   â”‚   â”œâ”€â”€ wayland-protocols-wlr v0.3.11
[21:38:52]       â”‚   â”‚   â”‚   â”‚   â”œâ”€â”€ smithay-client-toolkit v0.19.2 (*)
[21:38:52]       â”‚   â”‚   â”‚   â”‚   â””â”€â”€ smithay-client-toolkit v0.20.0 (*)
[21:38:52]       â”‚   â”‚   â”‚   â””â”€â”€ winit v0.30.13 (*)
[21:38:52]       â”‚   â”‚   â”œâ”€â”€ wayland-protocols-experimental v20250721.0.1 (*)
[21:38:52]       â”‚   â”‚   â”œâ”€â”€ wayland-protocols-misc v0.3.11 (*)
[21:38:52]       â”‚   â”‚   â”œâ”€â”€ wayland-protocols-plasma v0.3.11 (*)
[21:38:52]       â”‚   â”‚   â”œâ”€â”€ wayland-protocols-wlr v0.3.11 (*)
[21:38:52]       â”‚   â”‚   â””â”€â”€ winit v0.30.13 (*)
[21:38:52]       â”‚   â”œâ”€â”€ wayland-csd-frame v0.3.0
[21:38:52]       â”‚   â”‚   â”œâ”€â”€ smithay-client-toolkit v0.19.2 (*)
[21:38:52]       â”‚   â”‚   â””â”€â”€ smithay-client-toolkit v0.20.0 (*)
[21:38:52]       â”‚   â”œâ”€â”€ wayland-protocols v0.32.11 (*)
[21:38:52]       â”‚   â”œâ”€â”€ wayland-protocols-experimental v20250721.0.1 (*)
[21:38:52]       â”‚   â”œâ”€â”€ wayland-protocols-misc v0.3.11 (*)
[21:38:52]       â”‚   â”œâ”€â”€ wayland-protocols-plasma v0.3.11 (*)
[21:38:52]       â”‚   â”œâ”€â”€ wayland-protocols-wlr v0.3.11 (*)
[21:38:52]       â”‚   â””â”€â”€ winit v0.30.13 (*)
[21:38:52]       â”œâ”€â”€ wayland-client v0.31.13 (*)
[21:38:52]       â”œâ”€â”€ wayland-cursor v0.31.13 (*)
[21:38:52]       â”œâ”€â”€ x11rb v0.13.2 (*)
[21:38:52]       â””â”€â”€ xattr v1.6.1
[21:38:52]           â””â”€â”€ tar v0.4.44
[21:38:52]               â””â”€â”€ tract-nnef v0.22.1
[21:38:52]                   â”œâ”€â”€ tract-onnx v0.22.1
[21:38:52]                   â”‚   â””â”€â”€ kataglyphis_rustprojecttemplate v0.1.0 (*)
[21:38:52]                   â””â”€â”€ tract-onnx-opl v0.22.1
[21:38:52]                       â””â”€â”€ tract-onnx v0.22.1 (*)
[21:38:52] warning[duplicate]: found 2 duplicate entries for crate 'smithay-client-toolkit'
[21:38:52]     â”Œâ”€ C:\workspace/Cargo.lock:387:1
[21:38:52]     â”‚  
[21:38:52] 387 â”‚ â•­ smithay-client-toolkit 0.19.2 registry+https://github.com/rust-lang/crates.io-index
[21:38:52] 388 â”‚ â”‚ smithay-client-toolkit 0.20.0 registry+https://github.com/rust-lang/crates.io-index
[21:38:52]     â”‚ â•°â”€â”€â”€â”€â”€â”€â”€â”€â”€â”€â”€â”€â”€â”€â”€â”€â”€â”€â”€â”€â”€â”€â”€â”€â”€â”€â”€â”€â”€â”€â”€â”€â”€â”€â”€â”€â”€â”€â”€â”€â”€â”€â”€â”€â”€â”€â”€â”€â”€â”€â”€â”€â”€â”€â”€â”€â”€â”€â”€â”€â”€â”€â”€â”€â”€â”€â”€â”€â”€â”€â”€â”€â”€â”€â”€â”€â”€â”€â”€â”€â”€â”€â”€â”˜ lock entries
[21:38:52]     â”‚  
[21:38:52]     â”œ smithay-client-toolkit v0.19.2
[21:38:52]       â”œâ”€â”€ sctk-adwaita v0.10.1
[21:38:52]       â”‚   â””â”€â”€ winit v0.30.13
[21:38:52]       â”‚       â”œâ”€â”€ egui-winit v0.33.3
[21:38:52]       â”‚       â”‚   â””â”€â”€ kataglyphis_rustprojecttemplate v0.1.0
[21:38:52]       â”‚       â””â”€â”€ kataglyphis_rustprojecttemplate v0.1.0 (*)
[21:38:52]       â””â”€â”€ winit v0.30.13 (*)
[21:38:52]     â”œ smithay-client-toolkit v0.20.0
[21:38:52]       â””â”€â”€ smithay-clipboard v0.7.3
[21:38:52]           â””â”€â”€ egui-winit v0.33.3
[21:38:52]               â””â”€â”€ kataglyphis_rustprojecttemplate v0.1.0
[21:38:52] warning[duplicate]: found 2 duplicate entries for crate 'syn'
[21:38:52]     â”Œâ”€ C:\workspace/Cargo.lock:400:1
[21:38:52]     â”‚  
[21:38:52] 400 â”‚ â•­ syn 1.0.109 registry+https://github.com/rust-lang/crates.io-index
[21:38:52] 401 â”‚ â”‚ syn 2.0.117 registry+https://github.com/rust-lang/crates.io-index
[21:38:52]     â”‚ â•°â”€â”€â”€â”€â”€â”€â”€â”€â”€â”€â”€â”€â”€â”€â”€â”€â”€â”€â”€â”€â”€â”€â”€â”€â”€â”€â”€â”€â”€â”€â”€â”€â”€â”€â”€â”€â”€â”€â”€â”€â”€â”€â”€â”€â”€â”€â”€â”€â”€â”€â”€â”€â”€â”€â”€â”€â”€â”€â”€â”€â”€â”€â”€â”€â”€â”˜ lock entries
[21:38:52]     â”‚  
[21:38:52]     â”œ syn v1.0.109
[21:38:52]       â”œâ”€â”€ derive-new v0.5.9
[21:38:52]       â”‚   â”œâ”€â”€ tract-core v0.22.1
[21:38:52]       â”‚   â”‚   â”œâ”€â”€ tract-hir v0.22.1
[21:38:52]       â”‚   â”‚   â”‚   â””â”€â”€ tract-onnx v0.22.1
[21:38:52]       â”‚   â”‚   â”‚       â””â”€â”€ kataglyphis_rustprojecttemplate v0.1.0
[21:38:52]       â”‚   â”‚   â””â”€â”€ tract-nnef v0.22.1
[21:38:52]       â”‚   â”‚       â”œâ”€â”€ tract-onnx v0.22.1 (*)
[21:38:52]       â”‚   â”‚       â””â”€â”€ tract-onnx-opl v0.22.1
[21:38:52]       â”‚   â”‚           â””â”€â”€ tract-onnx v0.22.1 (*)
[21:38:52]       â”‚   â”œâ”€â”€ tract-hir v0.22.1 (*)
[21:38:52]       â”‚   â”œâ”€â”€ tract-linalg v0.22.1
[21:38:52]       â”‚   â”‚   â””â”€â”€ tract-core v0.22.1 (*)
[21:38:52]       â”‚   â””â”€â”€ tract-onnx v0.22.1 (*)
[21:38:52]       â””â”€â”€ prost-derive v0.11.9
[21:38:52]           â””â”€â”€ prost v0.11.9
[21:38:52]               â””â”€â”€ tract-onnx v0.22.1 (*)
[21:38:52]     â”œ syn v2.0.117
[21:38:52]       â”œâ”€â”€ burn-derive v0.20.1
[21:38:52]       â”‚   â””â”€â”€ burn-core v0.20.1
[21:38:52]       â”‚       â”œâ”€â”€ burn v0.20.1
[21:38:52]       â”‚       â”‚   â””â”€â”€ kataglyphis_rustprojecttemplate v0.1.0
[21:38:52]       â”‚       â”œâ”€â”€ burn-nn v0.20.1
[21:38:52]       â”‚       â”‚   â””â”€â”€ burn v0.20.1 (*)
[21:38:52]       â”‚       â””â”€â”€ burn-optim v0.20.1
[21:38:52]       â”‚           â””â”€â”€ burn v0.20.1 (*)
[21:38:52]       â”œâ”€â”€ bytemuck_derive v1.10.2
[21:38:52]       â”‚   â””â”€â”€ bytemuck v1.25.0
[21:38:52]       â”‚       â”œâ”€â”€ burn-backend v0.20.1
[21:38:52]       â”‚       â”‚   â”œâ”€â”€ burn-autodiff v0.20.1
[21:38:52]       â”‚       â”‚   â”‚   â”œâ”€â”€ burn v0.20.1 (*)
[21:38:52]       â”‚       â”‚   â”‚   â”œâ”€â”€ burn-ndarray v0.20.1
[21:38:52]       â”‚       â”‚   â”‚   â”‚   â”œâ”€â”€ burn v0.20.1 (*)
[21:38:52]       â”‚       â”‚   â”‚   â”‚   â””â”€â”€ kataglyphis_rustprojecttemplate v0.1.0 (*)
[21:38:52]       â”‚       â”‚   â”‚   â””â”€â”€ kataglyphis_rustprojecttemplate v0.1.0 (*)
[21:38:52]       â”‚       â”‚   â”œâ”€â”€ burn-ir v0.20.1
[21:38:52]       â”‚       â”‚   â”‚   â””â”€â”€ burn-ndarray v0.20.1 (*)
[21:38:52]       â”‚       â”‚   â”œâ”€â”€ burn-ndarray v0.20.1 (*)
[21:38:52]       â”‚       â”‚   â””â”€â”€ burn-tensor v0.20.1
[21:38:52]       â”‚       â”‚       â””â”€â”€ burn-core v0.20.1 (*)
[21:38:52]       â”‚       â”œâ”€â”€ burn-ndarray v0.20.1 (*)
[21:38:52]       â”‚       â”œâ”€â”€ burn-std v0.20.1
[21:38:52]       â”‚       â”‚   â”œâ”€â”€ burn-autodiff v0.20.1 (*)
[21:38:52]       â”‚       â”‚   â”œâ”€â”€ burn-backend v0.20.1 (*)
[21:38:52]       â”‚       â”‚   â”œâ”€â”€ burn-core v0.20.1 (*)
[21:38:52]       â”‚       â”‚   â”œâ”€â”€ burn-ndarray v0.20.1 (*)
[21:38:52]       â”‚       â”‚   â””â”€â”€ burn-tensor v0.20.1 (*)
[21:38:52]       â”‚       â”œâ”€â”€ cubecl-common v0.9.0
[21:38:52]       â”‚       â”‚   â”œâ”€â”€ burn-std v0.20.1 (*)
[21:38:52]       â”‚       â”‚   â”œâ”€â”€ cubecl-core v0.9.0
[21:38:52]       â”‚       â”‚   â”‚   â””â”€â”€ cubecl v0.9.0
[21:38:52]       â”‚       â”‚   â”‚       â””â”€â”€ burn-backend v0.20.1 (*)
[21:38:52]       â”‚       â”‚   â”œâ”€â”€ cubecl-ir v0.9.0
[21:38:52]       â”‚       â”‚   â”‚   â”œâ”€â”€ cubecl v0.9.0 (*)
[21:38:52]       â”‚       â”‚   â”‚   â”œâ”€â”€ cubecl-core v0.9.0 (*)
[21:38:52]       â”‚       â”‚   â”‚   â””â”€â”€ cubecl-runtime v0.9.0
[21:38:52]       â”‚       â”‚   â”‚       â”œâ”€â”€ cubecl v0.9.0 (*)
[21:38:52]       â”‚       â”‚   â”‚       â””â”€â”€ cubecl-core v0.9.0 (*)
[21:38:52]       â”‚       â”‚   â”œâ”€â”€ cubecl-macros v0.9.0
[21:38:52]       â”‚       â”‚   â”‚   â””â”€â”€ cubecl-core v0.9.0 (*)
[21:38:52]       â”‚       â”‚   â””â”€â”€ cubecl-runtime v0.9.0 (*)
[21:38:52]       â”‚       â”œâ”€â”€ cubecl-core v0.9.0 (*)
[21:38:52]       â”‚       â”œâ”€â”€ cubecl-runtime v0.9.0 (*)
[21:38:52]       â”‚       â”œâ”€â”€ ecolor v0.33.3
[21:38:52]       â”‚       â”‚   â””â”€â”€ epaint v0.33.3
[21:38:52]       â”‚       â”‚       â”œâ”€â”€ egui v0.33.3
[21:38:52]       â”‚       â”‚       â”‚   â”œâ”€â”€ egui-wgpu v0.33.3
[21:38:52]       â”‚       â”‚       â”‚   â”‚   â””â”€â”€ kataglyphis_rustprojecttemplate v0.1.0 (*)
[21:38:52]       â”‚       â”‚       â”‚   â”œâ”€â”€ egui-winit v0.33.3
[21:38:52]       â”‚       â”‚       â”‚   â”‚   â””â”€â”€ kataglyphis_rustprojecttemplate v0.1.0 (*)
[21:38:52]       â”‚       â”‚       â”‚   â””â”€â”€ kataglyphis_rustprojecttemplate v0.1.0 (*)
[21:38:52]       â”‚       â”‚       â””â”€â”€ egui-wgpu v0.33.3 (*)
[21:38:52]       â”‚       â”œâ”€â”€ egui-wgpu v0.33.3 (*)
[21:38:52]       â”‚       â”œâ”€â”€ egui-winit v0.33.3 (*)
[21:38:52]       â”‚       â”œâ”€â”€ emath v0.33.3
[21:38:52]       â”‚       â”‚   â”œâ”€â”€ ecolor v0.33.3 (*)
[21:38:52]       â”‚       â”‚   â”œâ”€â”€ egui v0.33.3 (*)
[21:38:52]       â”‚       â”‚   â””â”€â”€ epaint v0.33.3 (*)
[21:38:52]       â”‚       â”œâ”€â”€ epaint v0.33.3 (*)
[21:38:52]       â”‚       â”œâ”€â”€ half v2.7.1
[21:38:52]       â”‚       â”‚   â”œâ”€â”€ burn-core v0.20.1 (*)
[21:38:52]       â”‚       â”‚   â”œâ”€â”€ burn-std v0.20.1 (*)
[21:38:52]       â”‚       â”‚   â”œâ”€â”€ cubecl v0.9.0 (*)
[21:38:52]       â”‚       â”‚   â”œâ”€â”€ cubecl-common v0.9.0 (*)
[21:38:52]       â”‚       â”‚   â”œâ”€â”€ cubecl-core v0.9.0 (*)
[21:38:52]       â”‚       â”‚   â”œâ”€â”€ cubecl-ir v0.9.0 (*)
[21:38:52]       â”‚       â”‚   â”œâ”€â”€ float8 v0.4.2
[21:38:52]       â”‚       â”‚   â”‚   â””â”€â”€ cubecl-common v0.9.0 (*)
[21:38:52]       â”‚       â”‚   â”œâ”€â”€ macerator v0.2.10
[21:38:52]       â”‚       â”‚   â”‚   â””â”€â”€ burn-ndarray v0.20.1 (*)
[21:38:52]       â”‚       â”‚   â”œâ”€â”€ naga v27.0.3
[21:38:52]       â”‚       â”‚   â”‚   â”œâ”€â”€ wgpu-core v27.0.3
[21:38:52]       â”‚       â”‚   â”‚   â”‚   â””â”€â”€ wgpu v27.0.1
[21:38:52]       â”‚       â”‚   â”‚   â”‚       â”œâ”€â”€ egui-wgpu v0.33.3 (*)
[21:38:52]       â”‚       â”‚   â”‚   â”‚       â””â”€â”€ kataglyphis_rustprojecttemplate v0.1.0 (*)
[21:38:52]       â”‚       â”‚   â”‚   â””â”€â”€ wgpu-hal v27.0.4
[21:38:52]       â”‚       â”‚   â”‚       â”œâ”€â”€ wgpu v27.0.1 (*)
[21:38:52]       â”‚       â”‚   â”‚       â”œâ”€â”€ wgpu-core v27.0.3 (*)
[21:38:52]       â”‚       â”‚   â”‚       â””â”€â”€ wgpu-core-deps-windows-linux-android v27.0.0
[21:38:52]       â”‚       â”‚   â”‚           â””â”€â”€ wgpu-core v27.0.3 (*)
[21:38:52]       â”‚       â”‚   â”œâ”€â”€ tract-data v0.22.1
[21:38:52]       â”‚       â”‚   â”‚   â”œâ”€â”€ tract-core v0.22.1
[21:38:52]       â”‚       â”‚   â”‚   â”‚   â”œâ”€â”€ tract-hir v0.22.1
[21:38:52]       â”‚       â”‚   â”‚   â”‚   â”‚   â””â”€â”€ tract-onnx v0.22.1
[21:38:52]       â”‚       â”‚   â”‚   â”‚   â”‚       â””â”€â”€ kataglyphis_rustprojecttemplate v0.1.0 (*)
[21:38:52]       â”‚       â”‚   â”‚   â”‚   â””â”€â”€ tract-nnef v0.22.1
[21:38:52]       â”‚       â”‚   â”‚   â”‚       â”œâ”€â”€ tract-onnx v0.22.1 (*)
[21:38:52]       â”‚       â”‚   â”‚   â”‚       â””â”€â”€ tract-onnx-opl v0.22.1
[21:38:52]       â”‚       â”‚   â”‚   â”‚           â””â”€â”€ tract-onnx v0.22.1 (*)
[21:38:52]       â”‚       â”‚   â”‚   â””â”€â”€ tract-linalg v0.22.1
[21:38:52]       â”‚       â”‚   â”‚       â””â”€â”€ tract-core v0.22.1 (*)
[21:38:52]       â”‚       â”‚   â””â”€â”€ (build) tract-linalg v0.22.1 (*)
[21:38:52]       â”‚       â”œâ”€â”€ image v0.24.9
[21:38:52]       â”‚       â”‚   â”œâ”€â”€ plotters v0.3.7
[21:38:52]       â”‚       â”‚   â”‚   â””â”€â”€ kataglyphis_rustprojecttemplate v0.1.0 (*)
[21:38:52]       â”‚       â”‚   â””â”€â”€ plotters-bitmap v0.3.7
[21:38:52]       â”‚       â”‚       â””â”€â”€ plotters v0.3.7 (*)
[21:38:52]       â”‚       â”œâ”€â”€ image v0.25.10
[21:38:52]       â”‚       â”‚   â””â”€â”€ arboard v3.6.1
[21:38:52]       â”‚       â”‚       â””â”€â”€ egui-winit v0.33.3 (*)
[21:38:52]       â”‚       â”œâ”€â”€ kataglyphis_rustprojecttemplate v0.1.0 (*)
[21:38:52]       â”‚       â”œâ”€â”€ macerator v0.2.10 (*)
[21:38:52]       â”‚       â”œâ”€â”€ tiny-skia v0.11.4
[21:38:52]       â”‚       â”‚   â””â”€â”€ sctk-adwaita v0.10.1
[21:38:52]       â”‚       â”‚       â””â”€â”€ winit v0.30.13
[21:38:52]       â”‚       â”‚           â”œâ”€â”€ egui-winit v0.33.3 (*)
[21:38:52]       â”‚       â”‚           â””â”€â”€ kataglyphis_rustprojecttemplate v0.1.0 (*)
[21:38:52]       â”‚       â”œâ”€â”€ tiny-skia-path v0.11.4
[21:38:52]       â”‚       â”‚   â””â”€â”€ tiny-skia v0.11.4 (*)
[21:38:52]       â”‚       â”œâ”€â”€ wgpu-core v27.0.3 (*)
[21:38:52]       â”‚       â”œâ”€â”€ wgpu-hal v27.0.4 (*)
[21:38:52]       â”‚       â”œâ”€â”€ wgpu-types v27.0.1
[21:38:52]       â”‚       â”‚   â”œâ”€â”€ wgpu v27.0.1 (*)
[21:38:52]       â”‚       â”‚   â”œâ”€â”€ wgpu-core v27.0.3 (*)
[21:38:52]       â”‚       â”‚   â””â”€â”€ wgpu-hal v27.0.4 (*)
[21:38:52]       â”‚       â””â”€â”€ winit v0.30.13 (*)
[21:38:52]       â”œâ”€â”€ clap_derive v4.5.55
[21:38:52]       â”‚   â””â”€â”€ clap v4.5.60
[21:38:52]       â”‚       â””â”€â”€ kataglyphis_rustprojecttemplate v0.1.0 (*)
[21:38:52]       â”œâ”€â”€ cubecl-macros v0.9.0 (*)
[21:38:52]       â”œâ”€â”€ cubecl-macros-internal v0.9.0
[21:38:52]       â”‚   â””â”€â”€ cubecl-ir v0.9.0 (*)
[21:38:52]       â”œâ”€â”€ cxx-build v1.0.194
[21:38:52]       â”‚   â””â”€â”€ (build) kataglyphis_rustprojecttemplate v0.1.0 (*)
[21:38:52]       â”œâ”€â”€ cxxbridge-macro v1.0.194
[21:38:52]       â”‚   â””â”€â”€ cxx v1.0.194
[21:38:52]       â”‚       â””â”€â”€ kataglyphis_rustprojecttemplate v0.1.0 (*)
[21:38:52]       â”œâ”€â”€ darling_core v0.20.11
[21:38:52]       â”‚   â”œâ”€â”€ darling v0.20.11
[21:38:52]       â”‚   â”‚   â””â”€â”€ macerator-macros v0.1.4
[21:38:52]       â”‚   â”‚       â””â”€â”€ macerator v0.2.10 (*)
[21:38:52]       â”‚   â””â”€â”€ darling_macro v0.20.11
[21:38:52]       â”‚       â””â”€â”€ darling v0.20.11 (*)
[21:38:52]       â”œâ”€â”€ darling_core v0.21.3
[21:38:52]       â”‚   â”œâ”€â”€ darling v0.21.3
[21:38:52]       â”‚   â”‚   â”œâ”€â”€ cubecl-macros v0.9.0 (*)
[21:38:52]       â”‚   â”‚   â”œâ”€â”€ cubecl-macros-internal v0.9.0 (*)
[21:38:52]       â”‚   â”‚   â””â”€â”€ enumset_derive v0.14.0
[21:38:52]       â”‚   â”‚       â””â”€â”€ enumset v1.1.10
[21:38:52]       â”‚   â”‚           â”œâ”€â”€ cubecl-core v0.9.0 (*)
[21:38:52]       â”‚   â”‚           â”œâ”€â”€ cubecl-ir v0.9.0 (*)
[21:38:52]       â”‚   â”‚           â””â”€â”€ cubecl-runtime v0.9.0 (*)
[21:38:52]       â”‚   â””â”€â”€ darling_macro v0.21.3
[21:38:52]       â”‚       â””â”€â”€ darling v0.21.3 (*)
[21:38:52]       â”œâ”€â”€ darling_macro v0.20.11 (*)
[21:38:52]       â”œâ”€â”€ darling_macro v0.21.3 (*)
[21:38:52]       â”œâ”€â”€ delegate-attr v0.3.0
[21:38:52]       â”‚   â””â”€â”€ flutter_rust_bridge v2.11.1
[21:38:52]       â”‚       â””â”€â”€ kataglyphis_rustprojecttemplate v0.1.0 (*)
[21:38:52]       â”œâ”€â”€ derive-new v0.7.0
[21:38:52]       â”‚   â”œâ”€â”€ burn-autodiff v0.20.1 (*)
[21:38:52]       â”‚   â”œâ”€â”€ burn-backend v0.20.1 (*)
[21:38:52]       â”‚   â”œâ”€â”€ burn-core v0.20.1 (*)
[21:38:52]       â”‚   â”œâ”€â”€ burn-derive v0.20.1 (*)
[21:38:52]       â”‚   â”œâ”€â”€ burn-optim v0.20.1 (*)
[21:38:52]       â”‚   â”œâ”€â”€ burn-tensor v0.20.1 (*)
[21:38:52]       â”‚   â”œâ”€â”€ cubecl-common v0.9.0 (*)
[21:38:52]       â”‚   â”œâ”€â”€ cubecl-core v0.9.0 (*)
[21:38:52]       â”‚   â”œâ”€â”€ cubecl-ir v0.9.0 (*)
[21:38:52]       â”‚   â”œâ”€â”€ cubecl-macros v0.9.0 (*)
[21:38:52]       â”‚   â””â”€â”€ cubecl-runtime v0.9.0 (*)
[21:38:52]       â”œâ”€â”€ derive_more-impl v2.1.1
[21:38:52]       â”‚   â””â”€â”€ derive_more v2.1.1
[21:38:52]       â”‚       â”œâ”€â”€ cubecl-common v0.9.0 (*)
[21:38:52]       â”‚       â”œâ”€â”€ cubecl-core v0.9.0 (*)
[21:38:52]       â”‚       â”œâ”€â”€ cubecl-ir v0.9.0 (*)
[21:38:52]       â”‚       â””â”€â”€ cubecl-runtime v0.9.0 (*)
[21:38:52]       â”œâ”€â”€ displaydoc v0.2.5
[21:38:52]       â”‚   â”œâ”€â”€ icu_collections v2.1.1
[21:38:52]       â”‚   â”‚   â”œâ”€â”€ icu_normalizer v2.1.1
[21:38:52]       â”‚   â”‚   â”‚   â””â”€â”€ idna_adapter v1.2.1
[21:38:52]       â”‚   â”‚   â”‚       â””â”€â”€ idna v1.1.0
[21:38:52]       â”‚   â”‚   â”‚           â””â”€â”€ url v2.5.8
[21:38:52]       â”‚   â”‚   â”‚               â””â”€â”€ webbrowser v1.2.0
[21:38:52]       â”‚   â”‚   â”‚                   â””â”€â”€ egui-winit v0.33.3 (*)
[21:38:52]       â”‚   â”‚   â””â”€â”€ icu_properties v2.1.2
[21:38:52]       â”‚   â”‚       â””â”€â”€ idna_adapter v1.2.1 (*)
[21:38:52]       â”‚   â”œâ”€â”€ icu_locale_core v2.1.1
[21:38:52]       â”‚   â”‚   â”œâ”€â”€ icu_properties v2.1.2 (*)
[21:38:52]       â”‚   â”‚   â””â”€â”€ icu_provider v2.1.1
[21:38:52]       â”‚   â”‚       â”œâ”€â”€ icu_normalizer v2.1.1 (*)
[21:38:52]       â”‚   â”‚       â””â”€â”€ icu_properties v2.1.2 (*)
[21:38:52]       â”‚   â”œâ”€â”€ icu_provider v2.1.1 (*)
[21:38:52]       â”‚   â”œâ”€â”€ tinystr v0.8.2
[21:38:52]       â”‚   â”‚   â””â”€â”€ icu_locale_core v2.1.1 (*)
[21:38:52]       â”‚   â””â”€â”€ zerotrie v0.2.3
[21:38:52]       â”‚       â”œâ”€â”€ icu_properties v2.1.2 (*)
[21:38:52]       â”‚       â””â”€â”€ icu_provider v2.1.1 (*)
[21:38:52]       â”œâ”€â”€ enumset_derive v0.14.0 (*)
[21:38:52]       â”œâ”€â”€ flutter_rust_bridge_macros v2.11.1
[21:38:52]       â”‚   â””â”€â”€ flutter_rust_bridge v2.11.1 (*)
[21:38:52]       â”œâ”€â”€ futures-macro v0.3.32
[21:38:52]       â”‚   â””â”€â”€ futures-util v0.3.32
[21:38:52]       â”‚       â”œâ”€â”€ futures v0.3.32
[21:38:52]       â”‚       â”‚   â””â”€â”€ flutter_rust_bridge v2.11.1 (*)
[21:38:52]       â”‚       â”œâ”€â”€ futures-executor v0.3.32
[21:38:52]       â”‚       â”‚   â”œâ”€â”€ futures v0.3.32 (*)
[21:38:52]       â”‚       â”‚   â””â”€â”€ glib v0.22.2
[21:38:52]       â”‚       â”‚       â”œâ”€â”€ cairo-rs v0.22.0
[21:38:52]       â”‚       â”‚       â”‚   â”œâ”€â”€ gdk4 v0.11.0
[21:38:52]       â”‚       â”‚       â”‚   â”‚   â”œâ”€â”€ gsk4 v0.11.0
[21:38:52]       â”‚       â”‚       â”‚   â”‚   â”‚   â””â”€â”€ gtk4 v0.11.0
[21:38:52]       â”‚       â”‚       â”‚   â”‚   â”‚       â””â”€â”€ kataglyphis_rustprojecttemplate v0.1.0 (*)
[21:38:52]       â”‚       â”‚       â”‚   â”‚   â””â”€â”€ gtk4 v0.11.0 (*)
[21:38:52]       â”‚       â”‚       â”‚   â”œâ”€â”€ gsk4 v0.11.0 (*)
[21:38:52]       â”‚       â”‚       â”‚   â””â”€â”€ gtk4 v0.11.0 (*)
[21:38:52]       â”‚       â”‚       â”œâ”€â”€ gdk-pixbuf v0.22.0
[21:38:52]       â”‚       â”‚       â”‚   â”œâ”€â”€ gdk4 v0.11.0 (*)
[21:38:52]       â”‚       â”‚       â”‚   â””â”€â”€ gtk4 v0.11.0 (*)
[21:38:52]       â”‚       â”‚       â”œâ”€â”€ gdk4 v0.11.0 (*)
[21:38:52]       â”‚       â”‚       â”œâ”€â”€ gio v0.22.2
[21:38:52]       â”‚       â”‚       â”‚   â”œâ”€â”€ gdk-pixbuf v0.22.0 (*)
[21:38:52]       â”‚       â”‚       â”‚   â”œâ”€â”€ gdk4 v0.11.0 (*)
[21:38:52]       â”‚       â”‚       â”‚   â”œâ”€â”€ gtk4 v0.11.0 (*)
[21:38:52]       â”‚       â”‚       â”‚   â””â”€â”€ pango v0.22.0
[21:38:52]       â”‚       â”‚       â”‚       â”œâ”€â”€ gdk4 v0.11.0 (*)
[21:38:52]       â”‚       â”‚       â”‚       â”œâ”€â”€ gsk4 v0.11.0 (*)
[21:38:52]       â”‚       â”‚       â”‚       â””â”€â”€ gtk4 v0.11.0 (*)
[21:38:52]       â”‚       â”‚       â”œâ”€â”€ graphene-rs v0.22.0
[21:38:52]       â”‚       â”‚       â”‚   â”œâ”€â”€ gsk4 v0.11.0 (*)
[21:38:52]       â”‚       â”‚       â”‚   â””â”€â”€ gtk4 v0.11.0 (*)
[21:38:52]       â”‚       â”‚       â”œâ”€â”€ gsk4 v0.11.0 (*)
[21:38:52]       â”‚       â”‚       â”œâ”€â”€ gstreamer v0.25.1
[21:38:52]       â”‚       â”‚       â”‚   â”œâ”€â”€ gstreamer-app v0.25.0
[21:38:52]       â”‚       â”‚       â”‚   â”‚   â””â”€â”€ kataglyphis_rustprojecttemplate v0.1.0 (*)
[21:38:52]       â”‚       â”‚       â”‚   â”œâ”€â”€ gstreamer-base v0.25.0
[21:38:52]       â”‚       â”‚       â”‚   â”‚   â””â”€â”€ gstreamer-app v0.25.0 (*)
[21:38:52]       â”‚       â”‚       â”‚   â””â”€â”€ kataglyphis_rustprojecttemplate v0.1.0 (*)
[21:38:52]       â”‚       â”‚       â”œâ”€â”€ gstreamer-app v0.25.0 (*)
[21:38:52]       â”‚       â”‚       â”œâ”€â”€ gstreamer-base v0.25.0 (*)
[21:38:52]       â”‚       â”‚       â”œâ”€â”€ gtk4 v0.11.0 (*)
[21:38:52]       â”‚       â”‚       â””â”€â”€ pango v0.22.0 (*)
[21:38:52]       â”‚       â”œâ”€â”€ gio v0.22.2 (*)
[21:38:52]       â”‚       â”œâ”€â”€ glib v0.22.2 (*)
[21:38:52]       â”‚       â””â”€â”€ gstreamer v0.25.1 (*)
[21:38:52]       â”œâ”€â”€ glib-macros v0.22.2
[21:38:52]       â”‚   â””â”€â”€ glib v0.22.2 (*)
[21:38:52]       â”œâ”€â”€ gtk4-macros v0.11.0
[21:38:52]       â”‚   â””â”€â”€ gtk4 v0.11.0 (*)
[21:38:52]       â”œâ”€â”€ liquid-derive v0.26.10
[21:38:52]       â”‚   â”œâ”€â”€ liquid v0.26.11
[21:38:52]       â”‚   â”‚   â”œâ”€â”€ (build) tract-linalg v0.22.1 (*)
[21:38:52]       â”‚   â”‚   â””â”€â”€ tract-nnef v0.22.1 (*)
[21:38:52]       â”‚   â”œâ”€â”€ liquid-core v0.26.11
[21:38:52]       â”‚   â”‚   â”œâ”€â”€ liquid v0.26.11 (*)
[21:38:52]       â”‚   â”‚   â”œâ”€â”€ liquid-lib v0.26.11
[21:38:52]       â”‚   â”‚   â”‚   â””â”€â”€ liquid v0.26.11 (*)
[21:38:52]       â”‚   â”‚   â”œâ”€â”€ (build) tract-linalg v0.22.1 (*)
[21:38:52]       â”‚   â”‚   â””â”€â”€ tract-nnef v0.22.1 (*)
[21:38:52]       â”‚   â””â”€â”€ (build) tract-linalg v0.22.1 (*)
[21:38:52]       â”œâ”€â”€ macerator-macros v0.1.4 (*)
[21:38:52]       â”œâ”€â”€ openssl-macros v0.1.1
[21:38:52]       â”‚   â””â”€â”€ openssl v0.10.75
[21:38:52]       â”‚       â””â”€â”€ native-tls v0.2.18
[21:38:52]       â”‚           â””â”€â”€ ureq v3.2.0
[21:38:52]       â”‚               â””â”€â”€ (build) ort-sys v2.0.0-rc.12
[21:38:52]       â”‚                   â””â”€â”€ ort v2.0.0-rc.12
[21:38:52]       â”‚                       â””â”€â”€ kataglyphis_rustprojecttemplate v0.1.0 (*)
[21:38:52]       â”œâ”€â”€ pest_generator v2.8.6
[21:38:52]       â”‚   â””â”€â”€ pest_derive v2.8.6
[21:38:52]       â”‚       â””â”€â”€ liquid-core v0.26.11 (*)
[21:38:52]       â”œâ”€â”€ prettyplease v0.2.37
[21:38:52]       â”‚   â””â”€â”€ cubecl-macros v0.9.0 (*)
[21:38:52]       â”œâ”€â”€ serde_derive v1.0.228
[21:38:52]       â”‚   â””â”€â”€ serde v1.0.228
[21:38:52]       â”‚       â”œâ”€â”€ bincode v2.0.1
[21:38:52]       â”‚       â”‚   â””â”€â”€ burn-core v0.20.1 (*)
[21:38:52]       â”‚       â”œâ”€â”€ burn-backend v0.20.1 (*)
[21:38:52]       â”‚       â”œâ”€â”€ burn-core v0.20.1 (*)
[21:38:52]       â”‚       â”œâ”€â”€ burn-ir v0.20.1 (*)
[21:38:52]       â”‚       â”œâ”€â”€ burn-optim v0.20.1 (*)
[21:38:52]       â”‚       â”œâ”€â”€ burn-std v0.20.1 (*)
[21:38:52]       â”‚       â”œâ”€â”€ burn-tensor v0.20.1 (*)
[21:38:52]       â”‚       â”œâ”€â”€ cubecl-common v0.9.0 (*)
[21:38:52]       â”‚       â”œâ”€â”€ cubecl-core v0.9.0 (*)
[21:38:52]       â”‚       â”œâ”€â”€ cubecl-ir v0.9.0 (*)
[21:38:52]       â”‚       â”œâ”€â”€ cubecl-runtime v0.9.0 (*)
[21:38:52]       â”‚       â”œâ”€â”€ enumset v1.1.10 (*)
[21:38:52]       â”‚       â”œâ”€â”€ half v2.7.1 (*)
[21:38:52]       â”‚       â”œâ”€â”€ hashbrown v0.15.5
[21:38:52]       â”‚       â”‚   â”œâ”€â”€ cubecl-common v0.9.0 (*)
[21:38:52]       â”‚       â”‚   â”œâ”€â”€ cubecl-core v0.9.0 (*)
[21:38:52]       â”‚       â”‚   â”œâ”€â”€ cubecl-ir v0.9.0 (*)
[21:38:52]       â”‚       â”‚   â”œâ”€â”€ cubecl-runtime v0.9.0 (*)
[21:38:52]       â”‚       â”‚   â””â”€â”€ gpu-descriptor v0.3.2
[21:38:52]       â”‚       â”‚       â””â”€â”€ wgpu-hal v27.0.4 (*)
[21:38:52]       â”‚       â”œâ”€â”€ kstring v2.0.2
[21:38:52]       â”‚       â”‚   â”œâ”€â”€ gstreamer v0.25.1 (*)
[21:38:52]       â”‚       â”‚   â””â”€â”€ liquid-core v0.26.11 (*)
[21:38:52]       â”‚       â”œâ”€â”€ liquid v0.26.11 (*)
[21:38:52]       â”‚       â”œâ”€â”€ liquid-core v0.26.11 (*)
[21:38:52]       â”‚       â”œâ”€â”€ portable-atomic v1.13.1
[21:38:52]       â”‚       â”‚   â”œâ”€â”€ burn-autodiff v0.20.1 (*)
[21:38:52]       â”‚       â”‚   â”œâ”€â”€ burn-core v0.20.1 (*)
[21:38:52]       â”‚       â”‚   â”œâ”€â”€ burn-ndarray v0.20.1 (*)
[21:38:52]       â”‚       â”‚   â”œâ”€â”€ bytes v1.11.1
[21:38:52]       â”‚       â”‚   â”‚   â”œâ”€â”€ burn-std v0.20.1 (*)
[21:38:52]       â”‚       â”‚   â”‚   â”œâ”€â”€ cubecl-common v0.9.0 (*)
[21:38:52]       â”‚       â”‚   â”‚   â”œâ”€â”€ http v1.4.0
[21:38:52]       â”‚       â”‚   â”‚   â”‚   â””â”€â”€ ureq-proto v0.5.3
[21:38:52]       â”‚       â”‚   â”‚   â”‚       â””â”€â”€ ureq v3.2.0 (*)
[21:38:52]       â”‚       â”‚   â”‚   â”œâ”€â”€ prost v0.11.9
[21:38:52]       â”‚       â”‚   â”‚   â”‚   â””â”€â”€ tract-onnx v0.22.1 (*)
[21:38:52]       â”‚       â”‚   â”‚   â””â”€â”€ tract-onnx v0.22.1 (*)
[21:38:52]       â”‚       â”‚   â”œâ”€â”€ cubecl-common v0.9.0 (*)
[21:38:52]       â”‚       â”‚   â”œâ”€â”€ cubecl-ir v0.9.0 (*)
[21:38:52]       â”‚       â”‚   â”œâ”€â”€ flutter_rust_bridge v2.11.1 (*)
[21:38:52]       â”‚       â”‚   â”œâ”€â”€ jiff v0.2.23
[21:38:52]       â”‚       â”‚   â”‚   â””â”€â”€ env_logger v0.11.9
[21:38:52]       â”‚       â”‚   â”‚       â””â”€â”€ kataglyphis_rustprojecttemplate v0.1.0 (*)
[21:38:52]       â”‚       â”‚   â”œâ”€â”€ ndarray v0.16.1
[21:38:52]       â”‚       â”‚   â”‚   â”œâ”€â”€ tract-core v0.22.1 (*)
[21:38:52]       â”‚       â”‚   â”‚   â””â”€â”€ tract-data v0.22.1 (*)
[21:38:52]       â”‚       â”‚   â”œâ”€â”€ ndarray v0.17.2
[21:38:52]       â”‚       â”‚   â”‚   â”œâ”€â”€ burn-ndarray v0.20.1 (*)
[21:38:52]       â”‚       â”‚   â”‚   â”œâ”€â”€ kataglyphis_rustprojecttemplate v0.1.0 (*)
[21:38:52]       â”‚       â”‚   â”‚   â””â”€â”€ ort v2.0.0-rc.12 (*)
[21:38:52]       â”‚       â”‚   â”œâ”€â”€ portable-atomic-util v0.2.5
[21:38:52]       â”‚       â”‚   â”‚   â”œâ”€â”€ burn-core v0.20.1 (*)
[21:38:52]       â”‚       â”‚   â”‚   â”œâ”€â”€ burn-ndarray v0.20.1 (*)
[21:38:52]       â”‚       â”‚   â”‚   â”œâ”€â”€ cubecl-common v0.9.0 (*)
[21:38:52]       â”‚       â”‚   â”‚   â”œâ”€â”€ jiff v0.2.23 (*)
[21:38:52]       â”‚       â”‚   â”‚   â”œâ”€â”€ ndarray v0.16.1 (*)
[21:38:52]       â”‚       â”‚   â”‚   â”œâ”€â”€ ndarray v0.17.2 (*)
[21:38:52]       â”‚       â”‚   â”‚   â””â”€â”€ wgpu-hal v27.0.4 (*)
[21:38:52]       â”‚       â”‚   â”œâ”€â”€ spin v0.10.0
[21:38:52]       â”‚       â”‚   â”‚   â”œâ”€â”€ burn-autodiff v0.20.1 (*)
[21:38:52]       â”‚       â”‚   â”‚   â”œâ”€â”€ burn-core v0.20.1 (*)
[21:38:52]       â”‚       â”‚   â”‚   â”œâ”€â”€ cubecl-common v0.9.0 (*)
[21:38:52]       â”‚       â”‚   â”‚   â””â”€â”€ cubecl-runtime v0.9.0 (*)
[21:38:52]       â”‚       â”‚   â”œâ”€â”€ wgpu v27.0.1 (*)
[21:38:52]       â”‚       â”‚   â”œâ”€â”€ wgpu-core v27.0.3 (*)
[21:38:52]       â”‚       â”‚   â””â”€â”€ wgpu-hal v27.0.4 (*)
[21:38:52]       â”‚       â”œâ”€â”€ rmp-serde v1.3.1
[21:38:52]       â”‚       â”‚   â””â”€â”€ burn-core v0.20.1 (*)
[21:38:52]       â”‚       â”œâ”€â”€ safetensors v0.6.2
[21:38:52]       â”‚       â”‚   â””â”€â”€ tract-nnef v0.22.1 (*)
[21:38:52]       â”‚       â””â”€â”€ string-interner v0.15.0
[21:38:52]       â”‚           â””â”€â”€ tract-data v0.22.1 (*)
[21:38:52]       â”œâ”€â”€ synstructure v0.13.2
[21:38:52]       â”‚   â”œâ”€â”€ yoke-derive v0.8.1
[21:38:52]       â”‚   â”‚   â””â”€â”€ yoke v0.8.1
[21:38:52]       â”‚   â”‚       â”œâ”€â”€ icu_collections v2.1.1 (*)
[21:38:52]       â”‚   â”‚       â”œâ”€â”€ icu_provider v2.1.1 (*)
[21:38:52]       â”‚   â”‚       â”œâ”€â”€ zerotrie v0.2.3 (*)
[21:38:52]       â”‚   â”‚       â””â”€â”€ zerovec v0.11.5
[21:38:52]       â”‚   â”‚           â”œâ”€â”€ icu_collections v2.1.1 (*)
[21:38:52]       â”‚   â”‚           â”œâ”€â”€ icu_locale_core v2.1.1 (*)
[21:38:52]       â”‚   â”‚           â”œâ”€â”€ icu_normalizer v2.1.1 (*)
[21:38:52]       â”‚   â”‚           â”œâ”€â”€ icu_properties v2.1.2 (*)
[21:38:52]       â”‚   â”‚           â”œâ”€â”€ icu_provider v2.1.1 (*)
[21:38:52]       â”‚   â”‚           â”œâ”€â”€ potential_utf v0.1.4
[21:38:52]       â”‚   â”‚           â”‚   â””â”€â”€ icu_collections v2.1.1 (*)
[21:38:52]       â”‚   â”‚           â””â”€â”€ tinystr v0.8.2 (*)
[21:38:52]       â”‚   â””â”€â”€ zerofrom-derive v0.1.6
[21:38:52]       â”‚       â””â”€â”€ zerofrom v0.1.6
[21:38:52]       â”‚           â”œâ”€â”€ icu_collections v2.1.1 (*)
[21:38:52]       â”‚           â”œâ”€â”€ icu_provider v2.1.1 (*)
[21:38:52]       â”‚           â”œâ”€â”€ yoke v0.8.1 (*)
[21:38:52]       â”‚           â”œâ”€â”€ zerotrie v0.2.3 (*)
[21:38:52]       â”‚           â””â”€â”€ zerovec v0.11.5 (*)
[21:38:52]       â”œâ”€â”€ thiserror-impl v1.0.69
[21:38:52]       â”‚   â””â”€â”€ thiserror v1.0.69
[21:38:52]       â”‚       â”œâ”€â”€ calloop v0.13.0
[21:38:52]       â”‚       â”‚   â”œâ”€â”€ calloop-wayland-source v0.3.0
[21:38:52]       â”‚       â”‚   â”‚   â””â”€â”€ smithay-client-toolkit v0.19.2
[21:38:52]       â”‚       â”‚   â”‚       â”œâ”€â”€ sctk-adwaita v0.10.1 (*)
[21:38:52]       â”‚       â”‚   â”‚       â””â”€â”€ winit v0.30.13 (*)
[21:38:52]       â”‚       â”‚   â”œâ”€â”€ smithay-client-toolkit v0.19.2 (*)
[21:38:52]       â”‚       â”‚   â””â”€â”€ winit v0.30.13 (*)
[21:38:52]       â”‚       â””â”€â”€ smithay-client-toolkit v0.19.2 (*)
[21:38:52]       â”œâ”€â”€ thiserror-impl v2.0.18
[21:38:52]       â”‚   â””â”€â”€ thiserror v2.0.18
[21:38:52]       â”‚       â”œâ”€â”€ burn-backend v0.20.1 (*)
[21:38:52]       â”‚       â”œâ”€â”€ cubecl-runtime v0.9.0 (*)
[21:38:52]       â”‚       â”œâ”€â”€ egui-wgpu v0.33.3 (*)
[21:38:52]       â”‚       â”œâ”€â”€ gstreamer v0.25.1 (*)
[21:38:52]       â”‚       â”œâ”€â”€ naga v27.0.3 (*)
[21:38:52]       â”‚       â”œâ”€â”€ smithay-client-toolkit v0.20.0
[21:38:52]       â”‚       â”‚   â””â”€â”€ smithay-clipboard v0.7.3
[21:38:52]       â”‚       â”‚       â””â”€â”€ egui-winit v0.33.3 (*)
[21:38:52]       â”‚       â”œâ”€â”€ wgpu-core v27.0.3 (*)
[21:38:52]       â”‚       â”œâ”€â”€ wgpu-hal v27.0.4 (*)
[21:38:52]       â”‚       â””â”€â”€ wgpu-types v27.0.1 (*)
[21:38:52]       â”œâ”€â”€ tokio-macros v2.6.1
[21:38:52]       â”‚   â””â”€â”€ tokio v1.50.0
[21:38:52]       â”‚       â”œâ”€â”€ flutter_rust_bridge v2.11.1 (*)
[21:38:52]       â”‚       â””â”€â”€ kataglyphis_rustprojecttemplate v0.1.0 (*)
[21:38:52]       â”œâ”€â”€ tracing-attributes v0.1.31
[21:38:52]       â”‚   â””â”€â”€ tracing v0.1.44
[21:38:52]       â”‚       â”œâ”€â”€ burn-autodiff v0.20.1 (*)
[21:38:52]       â”‚       â”œâ”€â”€ calloop v0.14.4
[21:38:52]       â”‚       â”‚   â”œâ”€â”€ calloop-wayland-source v0.4.1
[21:38:52]       â”‚       â”‚   â”‚   â””â”€â”€ smithay-client-toolkit v0.20.0 (*)
[21:38:52]       â”‚       â”‚   â””â”€â”€ smithay-client-toolkit v0.20.0 (*)
[21:38:52]       â”‚       â”œâ”€â”€ cubecl-common v0.9.0 (*)
[21:38:52]       â”‚       â”œâ”€â”€ cubecl-core v0.9.0 (*)
[21:38:52]       â”‚       â”œâ”€â”€ cubecl-runtime v0.9.0 (*)
[21:38:52]       â”‚       â””â”€â”€ winit v0.30.13 (*)
[21:38:52]       â”œâ”€â”€ variadics_please v1.1.0
[21:38:52]       â”‚   â”œâ”€â”€ cubecl-core v0.9.0 (*)
[21:38:52]       â”‚   â”œâ”€â”€ cubecl-ir v0.9.0 (*)
[21:38:52]       â”‚   â””â”€â”€ cubecl-runtime v0.9.0 (*)
[21:38:52]       â”œâ”€â”€ yoke-derive v0.8.1 (*)
[21:38:52]       â”œâ”€â”€ zerocopy-derive v0.8.42
[21:38:52]       â”‚   â””â”€â”€ zerocopy v0.8.42
[21:38:52]       â”‚       â”œâ”€â”€ ahash v0.8.12
[21:38:52]       â”‚       â”‚   â”œâ”€â”€ burn-core v0.20.1 (*)
[21:38:52]       â”‚       â”‚   â”œâ”€â”€ egui v0.33.3 (*)
[21:38:52]       â”‚       â”‚   â”œâ”€â”€ egui-wgpu v0.33.3 (*)
[21:38:52]       â”‚       â”‚   â”œâ”€â”€ epaint v0.33.3 (*)
[21:38:52]       â”‚       â”‚   â”œâ”€â”€ hashbrown v0.14.5
[21:38:52]       â”‚       â”‚   â”‚   â””â”€â”€ string-interner v0.15.0 (*)
[21:38:52]       â”‚       â”‚   â””â”€â”€ winit v0.30.13 (*)
[21:38:52]       â”‚       â”œâ”€â”€ half v2.7.1 (*)
[21:38:52]       â”‚       â””â”€â”€ ppv-lite86 v0.2.21
[21:38:52]       â”‚           â”œâ”€â”€ rand_chacha v0.3.1
[21:38:52]       â”‚           â”‚   â””â”€â”€ rand v0.8.5
[21:38:52]       â”‚           â”‚       â”œâ”€â”€ rand_distr v0.4.3
[21:38:52]       â”‚           â”‚       â”‚   â””â”€â”€ tract-onnx-opl v0.22.1 (*)
[21:38:52]       â”‚           â”‚       â””â”€â”€ tract-onnx-opl v0.22.1 (*)
[21:38:52]       â”‚           â””â”€â”€ rand_chacha v0.9.0
[21:38:52]       â”‚               â””â”€â”€ rand v0.9.2
[21:38:52]       â”‚                   â”œâ”€â”€ burn-backend v0.20.1 (*)
[21:38:52]       â”‚                   â”œâ”€â”€ burn-core v0.20.1 (*)
[21:38:52]       â”‚                   â”œâ”€â”€ burn-ndarray v0.20.1 (*)
[21:38:52]       â”‚                   â”œâ”€â”€ cubecl-common v0.9.0 (*)
[21:38:52]       â”‚                   â””â”€â”€ rand_distr v0.5.1
[21:38:52]       â”‚                       â””â”€â”€ burn-backend v0.20.1 (*)
[21:38:52]       â”œâ”€â”€ zerofrom-derive v0.1.6 (*)
[21:38:52]       â””â”€â”€ zerovec-derive v0.11.2
[21:38:52]           â””â”€â”€ zerovec v0.11.5 (*)
[21:38:52] warning[duplicate]: found 2 duplicate entries for crate 'thiserror'
[21:38:52]     â”Œâ”€ C:\workspace/Cargo.lock:410:1
[21:38:52]     â”‚  
[21:38:52] 410 â”‚ â•­ thiserror 1.0.69 registry+https://github.com/rust-lang/crates.io-index
[21:38:52] 411 â”‚ â”‚ thiserror 2.0.18 registry+https://github.com/rust-lang/crates.io-index
[21:38:52]     â”‚ â•°â”€â”€â”€â”€â”€â”€â”€â”€â”€â”€â”€â”€â”€â”€â”€â”€â”€â”€â”€â”€â”€â”€â”€â”€â”€â”€â”€â”€â”€â”€â”€â”€â”€â”€â”€â”€â”€â”€â”€â”€â”€â”€â”€â”€â”€â”€â”€â”€â”€â”€â”€â”€â”€â”€â”€â”€â”€â”€â”€â”€â”€â”€â”€â”€â”€â”€â”€â”€â”€â”€â”˜ lock entries
[21:38:52]     â”‚  
[21:38:52]     â”œ thiserror v1.0.69
[21:38:52]       â”œâ”€â”€ calloop v0.13.0
[21:38:52]       â”‚   â”œâ”€â”€ calloop-wayland-source v0.3.0
[21:38:52]       â”‚   â”‚   â””â”€â”€ smithay-client-toolkit v0.19.2
[21:38:52]       â”‚   â”‚       â”œâ”€â”€ sctk-adwaita v0.10.1
[21:38:52]       â”‚   â”‚       â”‚   â””â”€â”€ winit v0.30.13
[21:38:52]       â”‚   â”‚       â”‚       â”œâ”€â”€ egui-winit v0.33.3
[21:38:52]       â”‚   â”‚       â”‚       â”‚   â””â”€â”€ kataglyphis_rustprojecttemplate v0.1.0
[21:38:52]       â”‚   â”‚       â”‚       â””â”€â”€ kataglyphis_rustprojecttemplate v0.1.0 (*)
[21:38:52]       â”‚   â”‚       â””â”€â”€ winit v0.30.13 (*)
[21:38:52]       â”‚   â”œâ”€â”€ smithay-client-toolkit v0.19.2 (*)
[21:38:52]       â”‚   â””â”€â”€ winit v0.30.13 (*)
[21:38:52]       â””â”€â”€ smithay-client-toolkit v0.19.2 (*)
[21:38:52]     â”œ thiserror v2.0.18
[21:38:52]       â”œâ”€â”€ burn-backend v0.20.1
[21:38:52]       â”‚   â”œâ”€â”€ burn-autodiff v0.20.1
[21:38:52]       â”‚   â”‚   â”œâ”€â”€ burn v0.20.1
[21:38:53]       â”‚   â”‚   â”‚   â””â”€â”€ kataglyphis_rustprojecttemplate v0.1.0
[21:38:53]       â”‚   â”‚   â”œâ”€â”€ burn-ndarray v0.20.1
[21:38:53]       â”‚   â”‚   â”‚   â”œâ”€â”€ burn v0.20.1 (*)
[21:38:53]       â”‚   â”‚   â”‚   â””â”€â”€ kataglyphis_rustprojecttemplate v0.1.0 (*)
[21:38:53]       â”‚   â”‚   â””â”€â”€ kataglyphis_rustprojecttemplate v0.1.0 (*)
[21:38:53]       â”‚   â”œâ”€â”€ burn-ir v0.20.1
[21:38:53]       â”‚   â”‚   â””â”€â”€ burn-ndarray v0.20.1 (*)
[21:38:53]       â”‚   â”œâ”€â”€ burn-ndarray v0.20.1 (*)
[21:38:53]       â”‚   â””â”€â”€ burn-tensor v0.20.1
[21:38:53]       â”‚       â””â”€â”€ burn-core v0.20.1
[21:38:53]       â”‚           â”œâ”€â”€ burn v0.20.1 (*)
[21:38:53]       â”‚           â”œâ”€â”€ burn-nn v0.20.1
[21:38:53]       â”‚           â”‚   â””â”€â”€ burn v0.20.1 (*)
[21:38:53]       â”‚           â””â”€â”€ burn-optim v0.20.1
[21:38:53]       â”‚               â””â”€â”€ burn v0.20.1 (*)
[21:38:53]       â”œâ”€â”€ cubecl-runtime v0.9.0
[21:38:53]       â”‚   â”œâ”€â”€ cubecl v0.9.0
[21:38:53]       â”‚   â”‚   â””â”€â”€ burn-backend v0.20.1 (*)
[21:38:53]       â”‚   â””â”€â”€ cubecl-core v0.9.0
[21:38:53]       â”‚       â””â”€â”€ cubecl v0.9.0 (*)
[21:38:53]       â”œâ”€â”€ egui-wgpu v0.33.3
[21:38:53]       â”‚   â””â”€â”€ kataglyphis_rustprojecttemplate v0.1.0 (*)
[21:38:53]       â”œâ”€â”€ gstreamer v0.25.1
[21:38:53]       â”‚   â”œâ”€â”€ gstreamer-app v0.25.0
[21:38:53]       â”‚   â”‚   â””â”€â”€ kataglyphis_rustprojecttemplate v0.1.0 (*)
[21:38:53]       â”‚   â”œâ”€â”€ gstreamer-base v0.25.0
[21:38:53]       â”‚   â”‚   â””â”€â”€ gstreamer-app v0.25.0 (*)
[21:38:53]       â”‚   â””â”€â”€ kataglyphis_rustprojecttemplate v0.1.0 (*)
[21:38:53]       â”œâ”€â”€ naga v27.0.3
[21:38:53]       â”‚   â”œâ”€â”€ wgpu-core v27.0.3
[21:38:53]       â”‚   â”‚   â””â”€â”€ wgpu v27.0.1
[21:38:53]       â”‚   â”‚       â”œâ”€â”€ egui-wgpu v0.33.3 (*)
[21:38:53]       â”‚   â”‚       â””â”€â”€ kataglyphis_rustprojecttemplate v0.1.0 (*)
[21:38:53]       â”‚   â””â”€â”€ wgpu-hal v27.0.4
[21:38:53]       â”‚       â”œâ”€â”€ wgpu v27.0.1 (*)
[21:38:53]       â”‚       â”œâ”€â”€ wgpu-core v27.0.3 (*)
[21:38:53]       â”‚       â””â”€â”€ wgpu-core-deps-windows-linux-android v27.0.0
[21:38:53]       â”‚           â””â”€â”€ wgpu-core v27.0.3 (*)
[21:38:53]       â”œâ”€â”€ smithay-client-toolkit v0.20.0
[21:38:53]       â”‚   â””â”€â”€ smithay-clipboard v0.7.3
[21:38:53]       â”‚       â””â”€â”€ egui-winit v0.33.3
[21:38:53]       â”‚           â””â”€â”€ kataglyphis_rustprojecttemplate v0.1.0 (*)
[21:38:53]       â”œâ”€â”€ wgpu-core v27.0.3 (*)
[21:38:53]       â”œâ”€â”€ wgpu-hal v27.0.4 (*)
[21:38:53]       â””â”€â”€ wgpu-types v27.0.1
[21:38:53]           â”œâ”€â”€ wgpu v27.0.1 (*)
[21:38:53]           â”œâ”€â”€ wgpu-core v27.0.3 (*)
[21:38:53]           â””â”€â”€ wgpu-hal v27.0.4 (*)
[21:38:53] warning[duplicate]: found 2 duplicate entries for crate 'thiserror-impl'
[21:38:53]     â”Œâ”€ C:\workspace/Cargo.lock:412:1
[21:38:53]     â”‚  
[21:38:53] 412 â”‚ â•­ thiserror-impl 1.0.69 registry+https://github.com/rust-lang/crates.io-index
[21:38:53] 413 â”‚ â”‚ thiserror-impl 2.0.18 registry+https://github.com/rust-lang/crates.io-index
[21:38:53]     â”‚ â•°â”€â”€â”€â”€â”€â”€â”€â”€â”€â”€â”€â”€â”€â”€â”€â”€â”€â”€â”€â”€â”€â”€â”€â”€â”€â”€â”€â”€â”€â”€â”€â”€â”€â”€â”€â”€â”€â”€â”€â”€â”€â”€â”€â”€â”€â”€â”€â”€â”€â”€â”€â”€â”€â”€â”€â”€â”€â”€â”€â”€â”€â”€â”€â”€â”€â”€â”€â”€â”€â”€â”€â”€â”€â”€â”€â”˜ lock entries
[21:38:53]     â”‚  
[21:38:53]     â”œ thiserror-impl v1.0.69
[21:38:53]       â””â”€â”€ thiserror v1.0.69
[21:38:53]           â”œâ”€â”€ calloop v0.13.0
[21:38:53]           â”‚   â”œâ”€â”€ calloop-wayland-source v0.3.0
[21:38:53]           â”‚   â”‚   â””â”€â”€ smithay-client-toolkit v0.19.2
[21:38:53]           â”‚   â”‚       â”œâ”€â”€ sctk-adwaita v0.10.1
[21:38:53]           â”‚   â”‚       â”‚   â””â”€â”€ winit v0.30.13
[21:38:53]           â”‚   â”‚       â”‚       â”œâ”€â”€ egui-winit v0.33.3
[21:38:53]           â”‚   â”‚       â”‚       â”‚   â””â”€â”€ kataglyphis_rustprojecttemplate v0.1.0
[21:38:53]           â”‚   â”‚       â”‚       â””â”€â”€ kataglyphis_rustprojecttemplate v0.1.0 (*)
[21:38:53]           â”‚   â”‚       â””â”€â”€ winit v0.30.13 (*)
[21:38:53]           â”‚   â”œâ”€â”€ smithay-client-toolkit v0.19.2 (*)
[21:38:53]           â”‚   â””â”€â”€ winit v0.30.13 (*)
[21:38:53]           â””â”€â”€ smithay-client-toolkit v0.19.2 (*)
[21:38:53]     â”œ thiserror-impl v2.0.18
[21:38:53]       â””â”€â”€ thiserror v2.0.18
[21:38:53]           â”œâ”€â”€ burn-backend v0.20.1
[21:38:53]           â”‚   â”œâ”€â”€ burn-autodiff v0.20.1
[21:38:53]           â”‚   â”‚   â”œâ”€â”€ burn v0.20.1
[21:38:53]           â”‚   â”‚   â”‚   â””â”€â”€ kataglyphis_rustprojecttemplate v0.1.0
[21:38:53]           â”‚   â”‚   â”œâ”€â”€ burn-ndarray v0.20.1
[21:38:53]           â”‚   â”‚   â”‚   â”œâ”€â”€ burn v0.20.1 (*)
[21:38:53]           â”‚   â”‚   â”‚   â””â”€â”€ kataglyphis_rustprojecttemplate v0.1.0 (*)
[21:38:53]           â”‚   â”‚   â””â”€â”€ kataglyphis_rustprojecttemplate v0.1.0 (*)
[21:38:53]           â”‚   â”œâ”€â”€ burn-ir v0.20.1
[21:38:53]           â”‚   â”‚   â””â”€â”€ burn-ndarray v0.20.1 (*)
[21:38:53]           â”‚   â”œâ”€â”€ burn-ndarray v0.20.1 (*)
[21:38:53]           â”‚   â””â”€â”€ burn-tensor v0.20.1
[21:38:53]           â”‚       â””â”€â”€ burn-core v0.20.1
[21:38:53]           â”‚           â”œâ”€â”€ burn v0.20.1 (*)
[21:38:53]           â”‚           â”œâ”€â”€ burn-nn v0.20.1
[21:38:53]           â”‚           â”‚   â””â”€â”€ burn v0.20.1 (*)
[21:38:53]           â”‚           â””â”€â”€ burn-optim v0.20.1
[21:38:53]           â”‚               â””â”€â”€ burn v0.20.1 (*)
[21:38:53]           â”œâ”€â”€ cubecl-runtime v0.9.0
[21:38:53]           â”‚   â”œâ”€â”€ cubecl v0.9.0
[21:38:53]           â”‚   â”‚   â””â”€â”€ burn-backend v0.20.1 (*)
[21:38:53]           â”‚   â””â”€â”€ cubecl-core v0.9.0
[21:38:53]           â”‚       â””â”€â”€ cubecl v0.9.0 (*)
[21:38:53]           â”œâ”€â”€ egui-wgpu v0.33.3
[21:38:53]           â”‚   â””â”€â”€ kataglyphis_rustprojecttemplate v0.1.0 (*)
[21:38:53]           â”œâ”€â”€ gstreamer v0.25.1
[21:38:53]           â”‚   â”œâ”€â”€ gstreamer-app v0.25.0
[21:38:53]           â”‚   â”‚   â””â”€â”€ kataglyphis_rustprojecttemplate v0.1.0 (*)
[21:38:53]           â”‚   â”œâ”€â”€ gstreamer-base v0.25.0
[21:38:53]           â”‚   â”‚   â””â”€â”€ gstreamer-app v0.25.0 (*)
[21:38:53]           â”‚   â””â”€â”€ kataglyphis_rustprojecttemplate v0.1.0 (*)
[21:38:53]           â”œâ”€â”€ naga v27.0.3
[21:38:53]           â”‚   â”œâ”€â”€ wgpu-core v27.0.3
[21:38:53]           â”‚   â”‚   â””â”€â”€ wgpu v27.0.1
[21:38:53]           â”‚   â”‚       â”œâ”€â”€ egui-wgpu v0.33.3 (*)
[21:38:53]           â”‚   â”‚       â””â”€â”€ kataglyphis_rustprojecttemplate v0.1.0 (*)
[21:38:53]           â”‚   â””â”€â”€ wgpu-hal v27.0.4
[21:38:53]           â”‚       â”œâ”€â”€ wgpu v27.0.1 (*)
[21:38:53]           â”‚       â”œâ”€â”€ wgpu-core v27.0.3 (*)
[21:38:53]           â”‚       â””â”€â”€ wgpu-core-deps-windows-linux-android v27.0.0
[21:38:53]           â”‚           â””â”€â”€ wgpu-core v27.0.3 (*)
[21:38:53]           â”œâ”€â”€ smithay-client-toolkit v0.20.0
[21:38:53]           â”‚   â””â”€â”€ smithay-clipboard v0.7.3
[21:38:53]           â”‚       â””â”€â”€ egui-winit v0.33.3
[21:38:53]           â”‚           â””â”€â”€ kataglyphis_rustprojecttemplate v0.1.0 (*)
[21:38:53]           â”œâ”€â”€ wgpu-core v27.0.3 (*)
[21:38:53]           â”œâ”€â”€ wgpu-hal v27.0.4 (*)
[21:38:53]           â””â”€â”€ wgpu-types v27.0.1
[21:38:53]               â”œâ”€â”€ wgpu v27.0.1 (*)
[21:38:53]               â”œâ”€â”€ wgpu-core v27.0.3 (*)
[21:38:53]               â””â”€â”€ wgpu-hal v27.0.4 (*)
[21:38:53] warning[duplicate]: found 2 duplicate entries for crate 'toml_datetime'
[21:38:53]     â”Œâ”€ C:\workspace/Cargo.lock:428:1
[21:38:53]     â”‚  
[21:38:53] 428 â”‚ â•­ toml_datetime 0.7.5+spec-1.1.0 registry+https://github.com/rust-lang/crates.io-index
[21:38:53] 429 â”‚ â”‚ toml_datetime 1.0.0+spec-1.1.0 registry+https://github.com/rust-lang/crates.io-index
[21:38:53]     â”‚ â•°â”€â”€â”€â”€â”€â”€â”€â”€â”€â”€â”€â”€â”€â”€â”€â”€â”€â”€â”€â”€â”€â”€â”€â”€â”€â”€â”€â”€â”€â”€â”€â”€â”€â”€â”€â”€â”€â”€â”€â”€â”€â”€â”€â”€â”€â”€â”€â”€â”€â”€â”€â”€â”€â”€â”€â”€â”€â”€â”€â”€â”€â”€â”€â”€â”€â”€â”€â”€â”€â”€â”€â”€â”€â”€â”€â”€â”€â”€â”€â”€â”€â”€â”€â”€â”˜ lock entries
[21:38:53]     â”‚  
[21:38:53]     â”œ toml_datetime v0.7.5+spec-1.1.0
[21:38:53]       â””â”€â”€ toml v0.9.12+spec-1.1.0
[21:38:53]           â”œâ”€â”€ cubecl-runtime v0.9.0
[21:38:53]           â”‚   â”œâ”€â”€ cubecl v0.9.0
[21:38:53]           â”‚   â”‚   â””â”€â”€ burn-backend v0.20.1
[21:38:53]           â”‚   â”‚       â”œâ”€â”€ burn-autodiff v0.20.1
[21:38:53]           â”‚   â”‚       â”‚   â”œâ”€â”€ burn v0.20.1
[21:38:53]           â”‚   â”‚       â”‚   â”‚   â””â”€â”€ kataglyphis_rustprojecttemplate v0.1.0
[21:38:53]           â”‚   â”‚       â”‚   â”œâ”€â”€ burn-ndarray v0.20.1
[21:38:53]           â”‚   â”‚       â”‚   â”‚   â”œâ”€â”€ burn v0.20.1 (*)
[21:38:53]           â”‚   â”‚       â”‚   â”‚   â””â”€â”€ kataglyphis_rustprojecttemplate v0.1.0 (*)
[21:38:53]           â”‚   â”‚       â”‚   â””â”€â”€ kataglyphis_rustprojecttemplate v0.1.0 (*)
[21:38:53]           â”‚   â”‚       â”œâ”€â”€ burn-ir v0.20.1
[21:38:53]           â”‚   â”‚       â”‚   â””â”€â”€ burn-ndarray v0.20.1 (*)
[21:38:53]           â”‚   â”‚       â”œâ”€â”€ burn-ndarray v0.20.1 (*)
[21:38:53]           â”‚   â”‚       â””â”€â”€ burn-tensor v0.20.1
[21:38:53]           â”‚   â”‚           â””â”€â”€ burn-core v0.20.1
[21:38:53]           â”‚   â”‚               â”œâ”€â”€ burn v0.20.1 (*)
[21:38:53]           â”‚   â”‚               â”œâ”€â”€ burn-nn v0.20.1
[21:38:53]           â”‚   â”‚               â”‚   â””â”€â”€ burn v0.20.1 (*)
[21:38:53]           â”‚   â”‚               â””â”€â”€ burn-optim v0.20.1
[21:38:53]           â”‚   â”‚                   â””â”€â”€ burn v0.20.1 (*)
[21:38:53]           â”‚   â””â”€â”€ cubecl-core v0.9.0
[21:38:53]           â”‚       â””â”€â”€ cubecl v0.9.0 (*)
[21:38:53]           â””â”€â”€ system-deps v7.0.7
[21:38:53]               â”œâ”€â”€ (build) cairo-sys-rs v0.22.0
[21:38:53]               â”‚   â”œâ”€â”€ cairo-rs v0.22.0
[21:38:53]               â”‚   â”‚   â”œâ”€â”€ gdk4 v0.11.0
[21:38:53]               â”‚   â”‚   â”‚   â”œâ”€â”€ gsk4 v0.11.0
[21:38:53]               â”‚   â”‚   â”‚   â”‚   â””â”€â”€ gtk4 v0.11.0
[21:38:53]               â”‚   â”‚   â”‚   â”‚       â””â”€â”€ kataglyphis_rustprojecttemplate v0.1.0 (*)
[21:38:53]               â”‚   â”‚   â”‚   â””â”€â”€ gtk4 v0.11.0 (*)
[21:38:53]               â”‚   â”‚   â”œâ”€â”€ gsk4 v0.11.0 (*)
[21:38:53]               â”‚   â”‚   â””â”€â”€ gtk4 v0.11.0 (*)
[21:38:53]               â”‚   â”œâ”€â”€ gdk4-sys v0.11.0
[21:38:53]               â”‚   â”‚   â”œâ”€â”€ gdk4 v0.11.0 (*)
[21:38:53]               â”‚   â”‚   â”œâ”€â”€ gsk4-sys v0.11.0
[21:38:53]               â”‚   â”‚   â”‚   â”œâ”€â”€ gsk4 v0.11.0 (*)
[21:38:53]               â”‚   â”‚   â”‚   â””â”€â”€ gtk4-sys v0.11.0
[21:38:53]               â”‚   â”‚   â”‚       â””â”€â”€ gtk4 v0.11.0 (*)
[21:38:53]               â”‚   â”‚   â””â”€â”€ gtk4-sys v0.11.0 (*)
[21:38:53]               â”‚   â”œâ”€â”€ gsk4-sys v0.11.0 (*)
[21:38:53]               â”‚   â””â”€â”€ gtk4-sys v0.11.0 (*)
[21:38:53]               â”œâ”€â”€ (build) gdk-pixbuf-sys v0.22.0
[21:38:53]               â”‚   â”œâ”€â”€ gdk-pixbuf v0.22.0
[21:38:53]               â”‚   â”‚   â”œâ”€â”€ gdk4 v0.11.0 (*)
[21:38:53]               â”‚   â”‚   â””â”€â”€ gtk4 v0.11.0 (*)
[21:38:53]               â”‚   â”œâ”€â”€ gdk4-sys v0.11.0 (*)
[21:38:53]               â”‚   â””â”€â”€ gtk4-sys v0.11.0 (*)
[21:38:53]               â”œâ”€â”€ (build) gdk4-sys v0.11.0 (*)
[21:38:53]               â”œâ”€â”€ (build) gio-sys v0.22.0
[21:38:53]               â”‚   â”œâ”€â”€ gdk-pixbuf-sys v0.22.0 (*)
[21:38:53]               â”‚   â”œâ”€â”€ gdk4-sys v0.11.0 (*)
[21:38:53]               â”‚   â”œâ”€â”€ gio v0.22.2
[21:38:53]               â”‚   â”‚   â”œâ”€â”€ gdk-pixbuf v0.22.0 (*)
[21:38:53]               â”‚   â”‚   â”œâ”€â”€ gdk4 v0.11.0 (*)
[21:38:53]               â”‚   â”‚   â”œâ”€â”€ gtk4 v0.11.0 (*)
[21:38:53]               â”‚   â”‚   â””â”€â”€ pango v0.22.0
[21:38:53]               â”‚   â”‚       â”œâ”€â”€ gdk4 v0.11.0 (*)
[21:38:53]               â”‚   â”‚       â”œâ”€â”€ gsk4 v0.11.0 (*)
[21:38:53]               â”‚   â”‚       â””â”€â”€ gtk4 v0.11.0 (*)
[21:38:53]               â”‚   â”œâ”€â”€ glib v0.22.2
[21:38:53]               â”‚   â”‚   â”œâ”€â”€ cairo-rs v0.22.0 (*)
[21:38:53]               â”‚   â”‚   â”œâ”€â”€ gdk-pixbuf v0.22.0 (*)
[21:38:53]               â”‚   â”‚   â”œâ”€â”€ gdk4 v0.11.0 (*)
[21:38:53]               â”‚   â”‚   â”œâ”€â”€ gio v0.22.2 (*)
[21:38:53]               â”‚   â”‚   â”œâ”€â”€ graphene-rs v0.22.0
[21:38:53]               â”‚   â”‚   â”‚   â”œâ”€â”€ gsk4 v0.11.0 (*)
[21:38:53]               â”‚   â”‚   â”‚   â””â”€â”€ gtk4 v0.11.0 (*)
[21:38:53]               â”‚   â”‚   â”œâ”€â”€ gsk4 v0.11.0 (*)
[21:38:53]               â”‚   â”‚   â”œâ”€â”€ gstreamer v0.25.1
[21:38:53]               â”‚   â”‚   â”‚   â”œâ”€â”€ gstreamer-app v0.25.0
[21:38:53]               â”‚   â”‚   â”‚   â”‚   â””â”€â”€ kataglyphis_rustprojecttemplate v0.1.0 (*)
[21:38:53]               â”‚   â”‚   â”‚   â”œâ”€â”€ gstreamer-base v0.25.0
[21:38:53]               â”‚   â”‚   â”‚   â”‚   â””â”€â”€ gstreamer-app v0.25.0 (*)
[21:38:53]               â”‚   â”‚   â”‚   â””â”€â”€ kataglyphis_rustprojecttemplate v0.1.0 (*)
[21:38:53]               â”‚   â”‚   â”œâ”€â”€ gstreamer-app v0.25.0 (*)
[21:38:53]               â”‚   â”‚   â”œâ”€â”€ gstreamer-base v0.25.0 (*)
[21:38:53]               â”‚   â”‚   â”œâ”€â”€ gtk4 v0.11.0 (*)
[21:38:53]               â”‚   â”‚   â””â”€â”€ pango v0.22.0 (*)
[21:38:53]               â”‚   â””â”€â”€ gtk4-sys v0.11.0 (*)
[21:38:53]               â”œâ”€â”€ (build) glib-sys v0.22.0
[21:38:53]               â”‚   â”œâ”€â”€ gdk-pixbuf-sys v0.22.0 (*)
[21:38:53]               â”‚   â”œâ”€â”€ gdk4-sys v0.11.0 (*)
[21:38:53]               â”‚   â”œâ”€â”€ gio-sys v0.22.0 (*)
[21:38:53]               â”‚   â”œâ”€â”€ glib v0.22.2 (*)
[21:38:53]               â”‚   â”œâ”€â”€ gobject-sys v0.22.0
[21:38:53]               â”‚   â”‚   â”œâ”€â”€ gdk-pixbuf-sys v0.22.0 (*)
[21:38:53]               â”‚   â”‚   â”œâ”€â”€ gdk4-sys v0.11.0 (*)
[21:38:53]               â”‚   â”‚   â”œâ”€â”€ gio-sys v0.22.0 (*)
[21:38:53]               â”‚   â”‚   â”œâ”€â”€ glib v0.22.2 (*)
[21:38:53]               â”‚   â”‚   â”œâ”€â”€ gsk4-sys v0.11.0 (*)
[21:38:53]               â”‚   â”‚   â”œâ”€â”€ gstreamer-base-sys v0.25.0
[21:38:53]               â”‚   â”‚   â”‚   â”œâ”€â”€ gstreamer-app-sys v0.25.0
[21:38:53]               â”‚   â”‚   â”‚   â”‚   â””â”€â”€ gstreamer-app v0.25.0 (*)
[21:38:53]               â”‚   â”‚   â”‚   â””â”€â”€ gstreamer-base v0.25.0 (*)
[21:38:53]               â”‚   â”‚   â”œâ”€â”€ gstreamer-sys v0.25.0
[21:38:53]               â”‚   â”‚   â”‚   â”œâ”€â”€ gstreamer v0.25.1 (*)
[21:38:53]               â”‚   â”‚   â”‚   â”œâ”€â”€ gstreamer-app-sys v0.25.0 (*)
[21:38:53]               â”‚   â”‚   â”‚   â””â”€â”€ gstreamer-base-sys v0.25.0 (*)
[21:38:53]               â”‚   â”‚   â”œâ”€â”€ gtk4-sys v0.11.0 (*)
[21:38:53]               â”‚   â”‚   â””â”€â”€ pango-sys v0.22.0
[21:38:53]               â”‚   â”‚       â”œâ”€â”€ gdk4-sys v0.11.0 (*)
[21:38:53]               â”‚   â”‚       â”œâ”€â”€ gsk4-sys v0.11.0 (*)
[21:38:53]               â”‚   â”‚       â”œâ”€â”€ gtk4-sys v0.11.0 (*)
[21:38:53]               â”‚   â”‚       â””â”€â”€ pango v0.22.0 (*)
[21:38:53]               â”‚   â”œâ”€â”€ graphene-sys v0.22.0
[21:38:53]               â”‚   â”‚   â”œâ”€â”€ graphene-rs v0.22.0 (*)
[21:38:53]               â”‚   â”‚   â”œâ”€â”€ gsk4-sys v0.11.0 (*)
[21:38:53]               â”‚   â”‚   â””â”€â”€ gtk4-sys v0.11.0 (*)
[21:38:53]               â”‚   â”œâ”€â”€ gsk4-sys v0.11.0 (*)
[21:38:53]               â”‚   â”œâ”€â”€ gstreamer-app-sys v0.25.0 (*)
[21:38:53]               â”‚   â”œâ”€â”€ gstreamer-base-sys v0.25.0 (*)
[21:38:53]               â”‚   â”œâ”€â”€ gstreamer-sys v0.25.0 (*)
[21:38:53]               â”‚   â”œâ”€â”€ gtk4-sys v0.11.0 (*)
[21:38:53]               â”‚   â””â”€â”€ pango-sys v0.22.0 (*)
[21:38:53]               â”œâ”€â”€ (build) gobject-sys v0.22.0 (*)
[21:38:53]               â”œâ”€â”€ (build) graphene-sys v0.22.0 (*)
[21:38:53]               â”œâ”€â”€ (build) gsk4-sys v0.11.0 (*)
[21:38:53]               â”œâ”€â”€ (build) gstreamer-app-sys v0.25.0 (*)
[21:38:53]               â”œâ”€â”€ (build) gstreamer-base-sys v0.25.0 (*)
[21:38:53]               â”œâ”€â”€ (build) gstreamer-sys v0.25.0 (*)
[21:38:53]               â”œâ”€â”€ (build) gtk4-sys v0.11.0 (*)
[21:38:53]               â””â”€â”€ (build) pango-sys v0.22.0 (*)
[21:38:53]     â”œ toml_datetime v1.0.0+spec-1.1.0
[21:38:53]       â””â”€â”€ toml_edit v0.25.4+spec-1.1.0
[21:38:53]           â””â”€â”€ proc-macro-crate v3.5.0
[21:38:53]               â””â”€â”€ gtk4-macros v0.11.0
[21:38:53]                   â””â”€â”€ gtk4 v0.11.0
[21:38:53]                       â””â”€â”€ kataglyphis_rustprojecttemplate v0.1.0
[21:38:53] warning[duplicate]: found 2 duplicate entries for crate 'ttf-parser'
[21:38:53]     â”Œâ”€ C:\workspace/Cargo.lock:444:1
[21:38:53]     â”‚  
[21:38:53] 444 â”‚ â•­ ttf-parser 0.20.0 registry+https://github.com/rust-lang/crates.io-index
[21:38:53] 445 â”‚ â”‚ ttf-parser 0.25.1 registry+https://github.com/rust-lang/crates.io-index
[21:38:53]     â”‚ â•°â”€â”€â”€â”€â”€â”€â”€â”€â”€â”€â”€â”€â”€â”€â”€â”€â”€â”€â”€â”€â”€â”€â”€â”€â”€â”€â”€â”€â”€â”€â”€â”€â”€â”€â”€â”€â”€â”€â”€â”€â”€â”€â”€â”€â”€â”€â”€â”€â”€â”€â”€â”€â”€â”€â”€â”€â”€â”€â”€â”€â”€â”€â”€â”€â”€â”€â”€â”€â”€â”€â”€â”˜ lock entries
[21:38:53]     â”‚  
[21:38:53]     â”œ ttf-parser v0.20.0
[21:38:53]       â””â”€â”€ plotters v0.3.7
[21:38:53]           â””â”€â”€ kataglyphis_rustprojecttemplate v0.1.0
[21:38:53]     â”œ ttf-parser v0.25.1
[21:38:53]       â””â”€â”€ owned_ttf_parser v0.25.1
[21:38:53]           â””â”€â”€ ab_glyph v0.2.32
[21:38:53]               â”œâ”€â”€ epaint v0.33.3
[21:38:53]               â”‚   â”œâ”€â”€ egui v0.33.3
[21:38:53]               â”‚   â”‚   â”œâ”€â”€ egui-wgpu v0.33.3
[21:38:53]               â”‚   â”‚   â”‚   â””â”€â”€ kataglyphis_rustprojecttemplate v0.1.0
[21:38:53]               â”‚   â”‚   â”œâ”€â”€ egui-winit v0.33.3
[21:38:53]               â”‚   â”‚   â”‚   â””â”€â”€ kataglyphis_rustprojecttemplate v0.1.0 (*)
[21:38:53]               â”‚   â”‚   â””â”€â”€ kataglyphis_rustprojecttemplate v0.1.0 (*)
[21:38:53]               â”‚   â””â”€â”€ egui-wgpu v0.33.3 (*)
[21:38:53]               â””â”€â”€ sctk-adwaita v0.10.1
[21:38:53]                   â””â”€â”€ winit v0.30.13
[21:38:53]                       â”œâ”€â”€ egui-winit v0.33.3 (*)
[21:38:53]                       â””â”€â”€ kataglyphis_rustprojecttemplate v0.1.0 (*)
[21:38:53] warning[no-license-field]: license expression was not specified in manifest for crate 'allo-isolate = 0.1.27'
[21:38:53]  â”œ allo-isolate v0.1.27
[21:38:53]    â””â”€â”€ flutter_rust_bridge v2.11.1
[21:38:53]        â””â”€â”€ kataglyphis_rustprojecttemplate v0.1.0
[21:38:53] WARNING: cargo deny checks failed or not available: Command failed with exit code 1: cargo deny check advisories licenses bans sources
[21:38:53] SUCCESS: <<< Completed: Security Checks (audit & deny) (Duration: 27:13.893)

[21:38:53] >>> Starting: Format Check
[21:38:53] ============================================================
[21:38:53] CMD: rustup component add rustfmt
[21:38:54] info: component rustfmt is up to date
[21:38:54] CMD: cargo fmt --all -- --check
[21:38:55] Diff in \\?\C:\workspace\src\lib.rs:12:
[21:38:55]  pub mod config;
[21:38:55]  pub mod detection;
[21:38:55]  pub mod logging;
[21:38:55] [31m-pub mod resource_monitor;
[21:38:55] [0m pub mod platform;
[21:38:55] [32m+pub mod resource_monitor;
[21:38:55] [0m pub mod utils;
[21:38:55]  #[cfg(target_os = "windows")]
[21:38:55] Diff in \\?\C:\workspace\src\platform\mod.rs:1:
[21:38:55]  // Platform-agnostic re-exports for wasm vs native implementations.
[21:38:55] [31m-#[cfg(target_arch = "wasm32")]
[21:38:55] [0m[31m-mod wasm;
[21:38:55] [0m #[cfg(not(target_arch = "wasm32"))]
[21:38:55]  mod native;
[21:38:55] [31m-
[21:38:55] [0m #[cfg(target_arch = "wasm32")]
[21:38:55] [31m-pub use wasm::*;
[21:38:55] [0m[32m+mod wasm;
[21:38:55] [0m[32m+
[21:38:55] [0m #[cfg(not(target_arch = "wasm32"))]
[21:38:55]  pub use native::*;
[21:38:55] [32m+#[cfg(target_arch = "wasm32")]
[21:38:55] [0m[32m+pub use wasm::*;
[21:38:55] [0m 
[21:38:55] ERROR: <<< FAILED: Format Check (Duration: 00:02.064)
[21:38:55] ERROR:     Error: Command failed with exit code 1: cargo fmt --all -- --check
[21:38:55]     Stack: at Invoke-BuildExternal, C:\workspace\third_party\ANTfrastructure\windows\scripts\modules\WindowsBuild.Common.psm1: line 171
at <ScriptBlock>, C:\workspace\Scripts\Windows\Build-Windows.ps1: line 168
at Invoke-BuildStep, C:\workspace\third_party\ANTfrastructure\windows\scripts\modules\WindowsBuild.Common.psm1: line 220
at <ScriptBlock>, C:\workspace\Scripts\Windows\Build-Windows.ps1: line 166

[21:38:55] ============================================================
[21:38:55] === BUILD PIPELINE SUMMARY ===
[21:38:55] ============================================================

[21:38:55] SUCCESS: SUCCEEDED (2):
[21:38:55] SUCCESS:   [OK] Verify Toolchain
[21:38:55] SUCCESS:   [OK] Security Checks (audit & deny)

[21:38:55] ERROR: FAILED (1):
[21:38:55] ERROR:   [X] Format Check
[21:38:55] ERROR:       Error: Command failed with exit code 1: cargo fmt --all -- --check

[21:38:55] Total: 3 steps, 2 succeeded, 1 failed (66.7% success rate)

[21:38:55] ============================================================
[21:38:55] ERROR: === ERROR DETAILS ===
[21:38:55] ============================================================

[21:38:55] ERROR: [1/1] Format Check
[21:38:55] ERROR:     Command failed with exit code 1: cargo fmt --all -- --check

[21:38:55] Full log available at: C:\workspace\logs\windows\build-windows-20260328-211137.log
[21:38:55] WARNING: Pipeline completed with errors!
[21:38:55] Machine-readable summary available at: C:\workspace\logs\windows\build-summary-20260328-211137.json
