[17:07:21] Workspace: C:\workspace
[17:07:21] Binary: kataglyphis_rustprojecttemplate
[17:07:21] MSIX: Kataglyphis.RustProjectTemplate

[17:07:21] >>> Starting: Verify Toolchain
[17:07:21] ============================================================
[17:07:21] CMD: rustup --version
[17:07:22] rustup 1.29.0 (28d1352db 2026-03-05)
[17:07:22] info: This is the version for the rustup toolchain manager, not the rustc compiler.
[17:07:22] info: the currently active `rustc` version is `rustc 1.94.1 (e408947bf 2026-03-25)`
[17:07:22] CMD: cargo --version
[17:07:23] cargo 1.94.1 (29ea6fb6a 2026-03-24)
[17:07:23] SUCCESS: <<< Completed: Verify Toolchain (Duration: 00:02.156)

[17:07:23] >>> Starting: Security Checks (audit & deny)
[17:07:23] ============================================================
[17:07:23] CMD: cargo install --locked cargo-audit cargo-deny
[18:34:05]     Updating crates.io index
[18:34:05]  Downloading crates ...
[18:34:05]   Downloaded cargo-audit v0.22.1
[18:34:05]     Updating crates.io index
[18:34:05]  Downloading crates ...
[18:34:05]   Downloaded cargo-deny v0.19.0
[18:34:05]   Installing cargo-audit v0.22.1
[18:34:05]     Updating crates.io index
[18:34:05]     Updating crates.io index
[18:34:05]  Downloading crates ...
[18:34:05]   Downloaded abscissa_derive v0.9.0
[18:34:05]   Downloaded auditable-serde v0.9.0
[18:34:05]   Downloaded auditable-extract v0.3.5
[18:34:05]   Downloaded anstyle v1.0.13
[18:34:05]   Downloaded gix-fs v0.19.0
[18:34:05]   Downloaded arrayvec v0.7.6
[18:34:05]   Downloaded gix-shallow v0.8.0
[18:34:05]   Downloaded gix-config-value v0.17.0
[18:34:05]   Downloaded gix-lock v21.0.0
[18:34:05]   Downloaded gix-quote v0.6.1
[18:34:05]   Downloaded gix-bitmap v0.2.15
[18:34:05]   Downloaded gix-hashtable v0.12.0
[18:34:05]   Downloaded gix-sec v0.13.0
[18:34:05]   Downloaded heck v0.5.0
[18:34:05]   Downloaded quitters v0.1.0
[18:34:05]   Downloaded fs-err v3.2.2
[18:34:05]   Downloaded jobserver v0.1.34
[18:34:05]   Downloaded rand_core v0.9.5
[18:34:05]   Downloaded rand_chacha v0.9.0
[18:34:05]   Downloaded rustc-hash v2.1.1
[18:34:05]   Downloaded home v0.5.11
[18:34:05]   Downloaded clap v4.5.57
[18:34:05]   Downloaded shell-words v1.1.1
[18:34:05]   Downloaded subtle v2.6.1
[18:34:05]   Downloaded time-core v0.1.7
[18:34:05]   Downloaded simd-adler32 v0.3.8
[18:34:05]   Downloaded tower-layer v0.3.3
[18:34:05]   Downloaded uluru v3.1.0
[18:34:05]   Downloaded thiserror v2.0.18
[18:34:05]   Downloaded want v0.3.1
[18:34:05]   Downloaded windows-targets v0.52.6
[18:34:05]   Downloaded yoke-derive v0.8.1
[18:34:05]   Downloaded tokio-rustls v0.26.4
[18:34:05]   Downloaded zerofrom-derive v0.1.6
[18:34:05]   Downloaded tracing-attributes v0.1.31
[18:34:05]   Downloaded yoke v0.8.1
[18:34:05]   Downloaded zeroize v1.8.2
[18:34:05]   Downloaded topological-sort v0.2.2
[18:34:05]   Downloaded utf8parse v0.2.2
[18:34:05]   Downloaded aho-corasick v1.1.4
[18:34:05]   Downloaded zmij v1.0.19
[18:34:05]   Downloaded windows-link v0.2.1
[18:34:05]   Downloaded zerofrom v0.1.6
[18:34:05]   Downloaded url v2.5.8
[18:34:05]   Downloaded thread_local v1.1.9
[18:34:05]   Downloaded tower v0.5.3
[18:34:05]   Downloaded toml_writer v1.0.6+spec-1.1.0
[18:34:05]   Downloaded unicode-normalization v0.1.25
[18:34:05]   Downloaded zerotrie v0.2.3
[18:34:05]   Downloaded ppv-lite86 v0.2.21
[18:34:05]   Downloaded owo-colors v4.2.3
[18:34:05]   Downloaded parking_lot v0.12.5
[18:34:05]   Downloaded toml-span v0.6.0
[18:34:05]   Downloaded log v0.4.29
[18:34:05]   Downloaded toml_parser v1.0.6+spec-1.1.0
[18:34:05]   Downloaded zerovec v0.11.5
[18:34:05]   Downloaded winnow v0.7.14
[18:34:05]   Downloaded prodash v31.0.0
[18:34:05]   Downloaded quinn v0.11.9
[18:34:05]   Downloaded zlib-rs v0.5.5
[18:34:05]   Downloaded jiff-static v0.2.18
[18:34:05]   Downloaded regex-syntax v0.8.9
[18:34:05]   Downloaded hyper-util v0.1.20
[18:34:05]   Downloaded rustls v0.23.36
[18:34:05]   Downloaded hashbrown v0.16.1
[18:34:05]   Downloaded icu_properties_data v2.1.2
[18:34:05]   Downloaded platforms v3.8.0
[18:34:05]   Downloaded wasmparser v0.207.0
[18:34:05]   Downloaded tracing-subscriber v0.3.22
[18:34:05]   Downloaded tracing v0.1.44
[18:34:05]   Downloaded quinn-proto v0.11.13
[18:34:05]   Downloaded hashbrown v0.15.5
[18:34:05]   Downloaded zerocopy v0.8.38
[18:34:05]   Downloaded regex-automata v0.4.14
[18:34:05]   Downloaded color-eyre v0.6.5
[18:34:05]   Downloaded h2 v0.4.13
[18:34:05]   Downloaded hyper v1.8.1
[18:34:05]   Downloaded iri-string v0.7.10
[18:34:05]   Downloaded idna v1.1.0
[18:34:05]   Downloaded syn v2.0.114
[18:34:05]   Downloaded mio v1.1.1
[18:34:05]   Downloaded memchr v2.7.6
[18:34:05]   Downloaded indexmap v2.13.0
[18:34:05]   Downloaded sha1-checked v0.10.0
[18:34:05]   Downloaded http v1.4.0
[18:34:05]   Downloaded bstr v1.12.1
[18:34:05]   Downloaded icu_collections v2.1.1
[18:34:05]   Downloaded gix-pack v0.65.0
[18:34:05]   Downloaded gix v0.78.0
[18:34:05]   Downloaded time v0.3.45
[18:34:05]   Downloaded windows_x86_64_msvc v0.53.1
[18:34:05]   Downloaded tokio v1.49.0
[18:34:05]   Downloaded heapless v0.8.0
[18:34:05]   Downloaded gix-transport v0.53.0
[18:34:05]   Downloaded toml v0.9.11+spec-1.1.0
[18:34:05]   Downloaded proc-macro2 v1.0.106
[18:34:05]   Downloaded miniz_oxide v0.8.9
[18:34:05]   Downloaded jiff v0.2.18
[18:34:05]   Downloaded icu_properties v2.1.2
[18:34:05]   Downloaded icu_normalizer_data v2.1.1
[18:34:05]   Downloaded windows_x86_64_msvc v0.52.6
[18:34:05]   Downloaded petgraph v0.8.3
[18:34:05]   Downloaded libc v0.2.180
[18:34:05]   Downloaded icu_normalizer v2.1.1
[18:34:05]   Downloaded icu_locale_core v2.1.1
[18:34:05]   Downloaded jiff-tzdb v0.1.5
[18:34:05]   Downloaded icu_provider v2.1.1
[18:34:05]   Downloaded gix-odb v0.75.0
[18:34:05]   Downloaded once_cell v1.21.3
[18:34:05]   Downloaded memmap2 v0.9.9
[18:34:05]   Downloaded tower-http v0.6.8
[18:34:05]   Downloaded aws-lc-rs v1.15.4
[18:34:05]   Downloaded tokio-util v0.7.18
[18:34:05]   Downloaded rayon v1.11.0
[18:34:05]   Downloaded encoding_rs v0.8.35
[18:34:05]   Downloaded gix-object v0.55.0
[18:34:05]   Downloaded toml_datetime v0.7.5+spec-1.1.0
[18:34:05]   Downloaded parking_lot_core v0.9.12
[18:34:05]   Downloaded litemap v0.8.1
[18:34:05]   Downloaded hyper-rustls v0.27.7
[18:34:05]   Downloaded serde_json v1.0.149
[18:34:05]   Downloaded winapi v0.3.9
[18:34:05]   Downloaded ring v0.17.14
[18:34:05]   Downloaded reqwest v0.13.1
[18:34:05]   Downloaded regex v1.12.3
[18:34:05]   Downloaded lock_api v0.4.14
[18:34:05]   Downloaded slab v0.4.12
[18:34:05]   Downloaded gix-ref v0.58.0
[18:34:05]   Downloaded gix-protocol v0.56.0
[18:34:05]   Downloaded winapi-util v0.1.11
[18:34:05]   Downloaded tracing-core v0.1.36
[18:34:05]   Downloaded gix-traverse v0.52.0
[18:34:05]   Downloaded clap_builder v4.5.57
[18:34:05]   Downloaded zerovec-derive v0.11.2
[18:34:05]   Downloaded typenum v1.19.0
[18:34:05]   Downloaded tame-index v0.26.0
[18:34:05]   Downloaded maybe-async v0.2.10
[18:34:05]   Downloaded ipnet v2.11.0
[18:34:05]   Downloaded gix-index v0.46.0
[18:34:05]   Downloaded unicode-ident v1.0.22
[18:34:05]   Downloaded tinyvec_macros v0.1.1
[18:34:05]   Downloaded rustsec v0.32.0
[18:34:05]   Downloaded httparse v1.10.1
[18:34:05]   Downloaded writeable v0.6.2
[18:34:05]   Downloaded twox-hash v2.1.2
[18:34:05]   Downloaded time-macros v0.2.25
[18:34:05]   Downloaded socket2 v0.6.2
[18:34:05]   Downloaded serde v1.0.228
[18:34:06]   Downloaded is_terminal_polyfill v1.70.2
[18:34:06]   Downloaded http-body-util v0.1.3
[18:34:06]   Downloaded gix-worktree-state v0.25.0
[18:34:06]   Downloaded futures-util v0.3.31
[18:34:06]   Downloaded tinyvec v1.10.0
[18:34:06]   Downloaded pin-project-lite v0.2.16
[18:34:06]   Downloaded walkdir v2.5.0
[18:34:06]   Downloaded kstring v2.0.2
[18:34:06]   Downloaded idna_adapter v1.2.1
[18:34:06]   Downloaded gix-url v0.35.0
[18:34:06]   Downloaded rustls-webpki v0.103.9
[18:34:06]   Downloaded lazy_static v1.5.0
[18:34:06]   Downloaded windows-targets v0.53.5
[18:34:06]   Downloaded sharded-slab v0.1.7
[18:34:06]   Downloaded rand v0.9.2
[18:34:06]   Downloaded gix-submodule v0.25.0
[18:34:06]   Downloaded gix-revision v0.40.0
[18:34:06]   Downloaded gix-path v0.11.0
[18:34:06]   Downloaded wait-timeout v0.2.1
[18:34:06]   Downloaded version_check v0.9.5
[18:34:06]   Downloaded utf8_iter v1.0.4
[18:34:06]   Downloaded untrusted v0.9.0
[18:34:06]   Downloaded unicode-bom v2.0.3
[18:34:06]   Downloaded tracing-log v0.2.0
[18:34:06]   Downloaded tinystr v0.8.2
[18:34:06]   Downloaded stable_deref_trait v1.2.1
[18:34:06]   Downloaded windows-sys v0.59.0
[18:34:06]   Downloaded serde_derive v1.0.228
[18:34:06]   Downloaded windows-sys v0.60.2
[18:34:06]   Downloaded secrecy v0.10.3
[18:34:06]   Downloaded scopeguard v1.2.0
[18:34:06]   Downloaded same-file v1.0.6
[18:34:06]   Downloaded rayon-core v1.13.0
[18:34:06]   Downloaded powerfmt v0.2.0
[18:34:06]   Downloaded potential_utf v0.1.4
[18:34:06]   Downloaded hash32 v0.3.1
[18:34:06]   Downloaded gix-worktree v0.47.0
[18:34:06]   Downloaded windows-sys v0.61.2
[18:34:06]   Downloaded tempfile v3.24.0
[18:34:06]   Downloaded serde_core v1.0.228
[18:34:06]   Downloaded try-lock v0.2.5
[18:34:06]   Downloaded tower-service v0.3.3
[18:34:06]   Downloaded smol_str v0.3.2
[18:34:06]   Downloaded smallvec v1.15.1
[18:34:06]   Downloaded rustls-platform-verifier v0.6.2
[18:34:06]   Downloaded thiserror-impl v2.0.18
[18:34:06]   Downloaded termcolor v1.4.1
[18:34:06]   Downloaded synstructure v0.13.2
[18:34:06]   Downloaded sync_wrapper v1.0.2
[18:34:06]   Downloaded static_assertions v1.1.0
[18:34:06]   Downloaded strsim v0.11.1
[18:34:06]   Downloaded shlex v1.3.0
[18:34:06]   Downloaded semver v1.0.27
[18:34:06]   Downloaded windows-sys v0.52.0
[18:34:06]   Downloaded rustls-pki-types v1.14.0
[18:34:06]   Downloaded pin-utils v0.1.0
[18:34:06]   Downloaded percent-encoding v2.3.2
[18:34:06]   Downloaded http-body v1.0.1
[18:34:06]   Downloaded gix-refspec v0.36.0
[18:34:06]   Downloaded gix-pathspec v0.15.0
[18:34:06]   Downloaded gix-config v0.51.0
[18:34:06]   Downloaded flate2 v1.1.9
[18:34:06]   Downloaded crossbeam-epoch v0.9.18
[18:34:06]   Downloaded cc v1.2.55
[18:34:06]   Downloaded backtrace v0.3.76
[18:34:06]   Downloaded sha1 v0.10.6
[18:34:06]   Downloaded serde_spanned v1.0.4
[18:34:06]   Downloaded rustversion v1.0.22
[18:34:06]   Downloaded rustc-stable-hash v0.1.2
[18:34:06]   Downloaded rustc-demangle v0.1.27
[18:34:06]   Downloaded num-conv v0.1.0
[18:34:06]   Downloaded nu-ansi-term v0.50.3
[18:34:06]   Downloaded jiff-tzdb-platform v0.1.3
[18:34:06]   Downloaded itoa v1.0.17
[18:34:06]   Downloaded io-close v0.3.7
[18:34:06]   Downloaded ident_case v1.0.1
[18:34:06]   Downloaded bytes v1.11.1
[18:34:06]   Downloaded base64 v0.22.1
[18:34:06]   Downloaded cargo-lock v11.0.1
[18:34:06]   Downloaded quote v1.0.44
[18:34:06]   Downloaded lru-slab v0.1.2
[18:34:06]   Downloaded gix-hash v0.22.0
[18:34:06]   Downloaded crossbeam-channel v0.5.15
[18:34:06]   Downloaded borsh v1.6.0
[18:34:06]   Downloaded quinn-udp v0.5.14
[18:34:06]   Downloaded once_cell_polyfill v1.70.2
[18:34:06]   Downloaded gix-filter v0.25.0
[18:34:06]   Downloaded getrandom v0.3.4
[18:34:06]   Downloaded bitflags v2.10.0
[18:34:06]   Downloaded mime v0.3.17
[18:34:06]   Downloaded matchers v0.2.0
[18:34:06]   Downloaded indenter v0.3.4
[18:34:06]   Downloaded gix-utils v0.3.1
[18:34:06]   Downloaded gix-packetline v0.21.0
[18:34:06]   Downloaded gix-diff v0.58.0
[18:34:06]   Downloaded futures-channel v0.3.31
[18:34:06]   Downloaded async-compression v0.4.37
[18:34:06]   Downloaded gix-features v0.46.0
[18:34:06]   Downloaded getrandom v0.2.17
[18:34:06]   Downloaded eyre v0.6.12
[18:34:06]   Downloaded displaydoc v0.2.5
[18:34:06]   Downloaded cvss v2.2.0
[18:34:06]   Downloaded crc32fast v1.5.0
[18:34:06]   Downloaded crossbeam-utils v0.8.21
[18:34:06]   Downloaded cmake v0.1.57
[18:34:06]   Downloaded allocator-api2 v0.2.21
[18:34:06]   Downloaded gix-validate v0.11.0
[18:34:06]   Downloaded gix-error v0.0.0
[18:34:06]   Downloaded gix-discover v0.46.0
[18:34:06]   Downloaded gix-credentials v0.35.0
[18:34:06]   Downloaded gix-commitgraph v0.32.0
[18:34:06]   Downloaded gix-attributes v0.30.0
[18:34:06]   Downloaded futures-task v0.3.31
[18:34:06]   Downloaded fixedbitset v0.5.7
[18:34:06]   Downloaded gix-trace v0.1.17
[18:34:06]   Downloaded gix-tempfile v21.0.0
[18:34:06]   Downloaded gix-revwalk v0.26.0
[18:34:06]   Downloaded gix-prompt v0.13.0
[18:34:06]   Downloaded gix-glob v0.24.0
[18:34:06]   Downloaded fs_extra v1.3.0
[18:34:06]   Downloaded foldhash v0.1.5
[18:34:06]   Downloaded byteorder v1.5.0
[18:34:06]   Downloaded find-msvc-tools v0.1.9
[18:34:06]   Downloaded filetime v0.2.27
[18:34:06]   Downloaded compression-codecs v0.4.36
[18:34:06]   Downloaded clru v0.6.2
[18:34:06]   Downloaded binfarce v0.2.1
[18:34:06]   Downloaded either v1.15.0
[18:34:06]   Downloaded clap_derive v4.5.55
[18:34:06]   Downloaded generic-array v0.14.7
[18:34:06]   Downloaded futures-sink v0.3.31
[18:34:06]   Downloaded form_urlencoded v1.2.2
[18:34:06]   Downloaded fastrand v2.3.0
[18:34:06]   Downloaded equivalent v1.0.2
[18:34:06]   Downloaded canonical-path v2.0.2
[18:34:06]   Downloaded block-buffer v0.10.4
[18:34:06]   Downloaded anstyle-parse v0.2.7
[18:34:06]   Downloaded futures-core v0.3.31
[18:34:06]   Downloaded compression-core v0.4.31
[18:34:06]   Downloaded cfg-if v1.0.4
[18:34:06]   Downloaded gix-date v0.13.0
[18:34:06]   Downloaded foldhash v0.2.0
[18:34:06]   Downloaded deranged v0.5.5
[18:34:06]   Downloaded clap_lex v0.7.7
[18:34:06]   Downloaded gix-command v0.7.0
[18:34:06]   Downloaded gix-chunk v0.5.0
[18:34:06]   Downloaded futures-io v0.3.31
[18:34:06]   Downloaded fnv v1.0.7
[18:34:06]   Downloaded dunce v1.0.5
[18:34:06]   Downloaded crossbeam-deque v0.8.6
[18:34:06]   Downloaded colorchoice v1.0.4
[18:34:06]   Downloaded gix-negotiate v0.26.0
[18:34:06]   Downloaded gix-ignore v0.19.0
[18:34:06]   Downloaded faster-hex v0.10.0
[18:34:06]   Downloaded display-error-chain v0.2.2
[18:34:06]   Downloaded crypto-common v0.1.7
[18:34:06]   Downloaded cpufeatures v0.2.17
[18:34:06]   Downloaded autocfg v1.5.0
[18:34:06]   Downloaded atomic-waker v1.1.2
[18:34:06]   Downloaded anstyle-query v1.1.5
[18:34:06]   Downloaded anstream v0.6.21
[18:34:06]   Downloaded adler2 v2.0.1
[18:34:06]   Downloaded abscissa_core v0.9.0
[18:34:06]   Downloaded arc-swap v1.8.1
[18:34:06]   Downloaded anstyle-wincon v3.0.11
[18:34:06]   Downloaded gix-actor v0.38.0
[18:34:06]   Downloaded digest v0.10.7
[18:34:06]   Downloaded cfg_aliases v0.2.1
[18:34:06]   Downloaded camino v1.2.2
[18:34:06]   Downloaded auditable-info v0.10.0
[18:34:06]   Downloaded aws-lc-sys v0.37.0
[18:34:06]    Compiling proc-macro2 v1.0.106
[18:34:06]    Compiling unicode-ident v1.0.22
[18:34:06]    Compiling quote v1.0.44
[18:34:06]    Compiling memchr v2.7.6
[18:34:06]    Compiling syn v2.0.114
[18:34:06]    Compiling windows-link v0.2.1
[18:34:06]    Compiling aho-corasick v1.1.4
[18:34:06]    Compiling cfg-if v1.0.4
[18:34:06]    Compiling windows_x86_64_msvc v0.52.6
[18:34:06]    Compiling regex-syntax v0.8.9
[18:34:06]    Compiling smallvec v1.15.1
[18:34:06]    Compiling windows-targets v0.52.6
[18:34:06]    Compiling once_cell v1.21.3
[18:34:06]    Compiling regex-automata v0.4.14
[18:34:06]    Compiling bytes v1.11.1
[18:34:06]    Compiling bstr v1.12.1
[18:34:06]    Compiling thiserror v2.0.18
[18:34:06]    Compiling windows-sys v0.52.0
[18:34:06]    Compiling thiserror-impl v2.0.18
[18:34:06]    Compiling stable_deref_trait v1.2.1
[18:34:06]    Compiling gix-trace v0.1.17
[18:34:06]    Compiling tinyvec_macros v0.1.1
[18:34:06]    Compiling crc32fast v1.5.0
[18:34:06]    Compiling crossbeam-utils v0.8.21
[18:34:06]    Compiling tinyvec v1.10.0
[18:34:06]    Compiling gix-validate v0.11.0
[18:34:06]    Compiling fastrand v2.3.0
[18:34:06]    Compiling gix-path v0.11.0
[18:34:06]    Compiling unicode-normalization v0.1.25
[18:34:06]    Compiling gix-utils v0.3.1
[18:34:06]    Compiling itoa v1.0.17
[18:34:06]    Compiling winapi-util v0.1.11
[18:34:06]    Compiling parking_lot_core v0.9.12
[18:34:06]    Compiling scopeguard v1.2.0
[18:34:06]    Compiling lock_api v0.4.14
[18:34:06]    Compiling same-file v1.0.6
[18:34:06]    Compiling parking_lot v0.12.5
[18:34:06]    Compiling crossbeam-channel v0.5.15
[18:34:06]    Compiling prodash v31.0.0
[18:34:06]    Compiling walkdir v2.5.0
[18:34:06]    Compiling zlib-rs v0.5.5
[18:34:06]    Compiling allocator-api2 v0.2.21
[18:34:06]    Compiling typenum v1.19.0
[18:34:06]    Compiling equivalent v1.0.2
[18:34:06]    Compiling foldhash v0.2.0
[18:34:06]    Compiling version_check v0.9.5
[18:34:06]    Compiling gix-features v0.46.0
[18:34:06]    Compiling generic-array v0.14.7
[18:34:06]    Compiling hashbrown v0.16.1
[18:34:06]    Compiling bitflags v2.10.0
[18:34:06]    Compiling heapless v0.8.0
[18:34:06]    Compiling byteorder v1.5.0
[18:34:06]    Compiling crypto-common v0.1.7
[18:34:06]    Compiling hash32 v0.3.1
[18:34:06]    Compiling block-buffer v0.10.4
[18:34:06]    Compiling windows_x86_64_msvc v0.53.1
[18:34:06]    Compiling digest v0.10.7
[18:34:06]    Compiling gix-error v0.0.0
[18:34:06]    Compiling faster-hex v0.10.0
[18:34:06]    Compiling serde_core v1.0.228
[18:34:06]    Compiling cpufeatures v0.2.17
[18:34:06]    Compiling jiff-tzdb v0.1.5
[18:34:06]    Compiling jiff-tzdb-platform v0.1.3
[18:34:06]    Compiling sha1 v0.10.6
[18:34:06]    Compiling synstructure v0.13.2
[18:34:06]    Compiling winnow v0.7.14
[18:34:06]    Compiling sha1-checked v0.10.0
[18:34:06]    Compiling windows-targets v0.53.5
[18:34:06]    Compiling jiff v0.2.18
[18:34:06]    Compiling windows-sys v0.60.2
[18:34:06]    Compiling gix-date v0.13.0
[18:34:06]    Compiling gix-hash v0.22.0
[18:34:06]    Compiling windows-sys v0.61.2
[18:34:06]    Compiling getrandom v0.3.4
[18:34:06]    Compiling zerofrom-derive v0.1.6
[18:34:06]    Compiling pin-project-lite v0.2.16
[18:34:06]    Compiling zerofrom v0.1.6
[18:34:06]    Compiling gix-hashtable v0.12.0
[18:34:06]    Compiling gix-actor v0.38.0
[18:34:06]    Compiling yoke-derive v0.8.1
[18:34:06]    Compiling yoke v0.8.1
[18:34:06]    Compiling gix-object v0.55.0
[18:34:06]    Compiling jobserver v0.1.34
[18:34:06]    Compiling shlex v1.3.0
[18:34:06]    Compiling find-msvc-tools v0.1.9
[18:34:06]    Compiling cc v1.2.55
[18:34:06]    Compiling zerovec-derive v0.11.2
[18:34:06]    Compiling memmap2 v0.9.9
[18:34:06]    Compiling zerovec v0.11.5
[18:34:06]    Compiling cmake v0.1.57
[18:34:06]    Compiling displaydoc v0.2.5
[18:34:06]    Compiling dunce v1.0.5
[18:34:06]    Compiling fs_extra v1.3.0
[18:34:06]    Compiling futures-core v0.3.31
[18:34:06]    Compiling serde v1.0.228
[18:34:06]    Compiling aws-lc-sys v0.37.0
[18:34:06]    Compiling mio v1.1.1
[18:34:06]    Compiling socket2 v0.6.2
[18:34:06]    Compiling serde_derive v1.0.228
[18:34:06]    Compiling tokio v1.49.0
[18:34:06]    Compiling tempfile v3.24.0
[18:34:06]    Compiling gix-chunk v0.5.0
[18:34:06]    Compiling gix-fs v0.19.0
[18:34:06]    Compiling futures-sink v0.3.31
[18:34:06]    Compiling zeroize v1.8.2
[18:34:06]    Compiling gix-tempfile v21.0.0
[18:34:06]    Compiling tinystr v0.8.2
[18:34:06]    Compiling gix-quote v0.6.1
[18:34:06]    Compiling tracing-core v0.1.36
[18:34:06]    Compiling aws-lc-rs v1.15.4
[18:34:06]    Compiling litemap v0.8.1
[18:34:06]    Compiling percent-encoding v2.3.2
[18:34:06]    Compiling writeable v0.6.2
[18:34:06]    Compiling icu_locale_core v2.1.1
[18:34:06]    Compiling zerotrie v0.2.3
[18:34:06]    Compiling potential_utf v0.1.4
[18:34:06]    Compiling http v1.4.0
[18:34:06]    Compiling tracing-attributes v0.1.31
[18:34:06]    Compiling icu_properties_data v2.1.2
[18:34:06]    Compiling slab v0.4.12
[18:34:06]    Compiling fnv v1.0.7
[18:34:06]    Compiling icu_normalizer_data v2.1.1
[18:34:06]    Compiling tracing v0.1.44
[18:34:06]    Compiling icu_collections v2.1.1
[18:34:06]    Compiling icu_provider v2.1.1
[18:34:06]    Compiling gix-commitgraph v0.32.0
[18:34:06]    Compiling gix-glob v0.24.0
[18:34:06]    Compiling indexmap v2.13.0
[18:34:06]    Compiling simd-adler32 v0.3.8
[18:34:06]    Compiling pin-utils v0.1.0
[18:34:06]    Compiling adler2 v2.0.1
[18:34:06]    Compiling miniz_oxide v0.8.9
[18:34:06]    Compiling gix-revwalk v0.26.0
[18:34:06]    Compiling http-body v1.0.1
[18:34:06]    Compiling gix-lock v21.0.0
[18:34:06]    Compiling rustls-pki-types v1.14.0
[18:34:06]    Compiling tokio-util v0.7.18
[18:34:06]    Compiling rustls v0.23.36
[18:34:06]    Compiling futures-io v0.3.31
[18:34:06]    Compiling httparse v1.10.1
[18:34:06]    Compiling untrusted v0.9.0
[18:34:06]    Compiling futures-task v0.3.31
[18:34:06]    Compiling futures-util v0.3.31
[18:34:06]    Compiling icu_normalizer v2.1.1
[18:34:06]    Compiling icu_properties v2.1.2
[18:34:06]    Compiling try-lock v0.2.5
[18:34:06]    Compiling subtle v2.6.1
[18:34:06]    Compiling unicode-bom v2.0.3
[18:34:06]    Compiling atomic-waker v1.1.2
[18:34:06]    Compiling tower-service v0.3.3
[18:34:06]    Compiling libc v0.2.180
[18:34:06]    Compiling log v0.4.29
[18:34:06]    Compiling h2 v0.4.13
[18:34:06]    Compiling want v0.3.1
[18:34:06]    Compiling idna_adapter v1.2.1
[18:34:06]    Compiling flate2 v1.1.9
[18:34:06]    Compiling futures-channel v0.3.31
[18:34:06]    Compiling gix-config-value v0.17.0
[18:34:06]    Compiling static_assertions v1.1.0
[18:34:06]    Compiling compression-core v0.4.31
[18:34:06]    Compiling utf8_iter v1.0.4
[18:34:06]    Compiling shell-words v1.1.1
[18:34:06]    Compiling gix-command v0.7.0
[18:34:06]    Compiling idna v1.1.0
[18:34:06]    Compiling compression-codecs v0.4.36
[18:34:06]    Compiling kstring v2.0.2
[18:34:06]    Compiling hyper v1.8.1
[18:34:06]    Compiling form_urlencoded v1.2.2
[18:34:06]    Compiling sync_wrapper v1.0.2
[18:34:06]    Compiling gix-sec v0.13.0
[18:34:06]    Compiling encoding_rs v0.8.35
[18:34:06]    Compiling ipnet v2.11.0
[18:34:06]    Compiling base64 v0.22.1
[18:34:06]    Compiling tower-layer v0.3.3
[18:34:06]    Compiling tower v0.5.3
[18:34:06]    Compiling hyper-util v0.1.20
[18:34:06]    Compiling url v2.5.8
[18:34:06]    Compiling gix-attributes v0.30.0
[18:34:06]    Compiling async-compression v0.4.37
[18:34:06]    Compiling http-body-util v0.1.3
[18:34:06]    Compiling semver v1.0.27
[18:34:06]    Compiling iri-string v0.7.10
[18:34:06]    Compiling zmij v1.0.19
[18:34:06]    Compiling rustversion v1.0.22
[18:34:06]    Compiling tower-http v0.6.8
[18:34:06]    Compiling gix-ref v0.58.0
[18:34:06]    Compiling rustls-webpki v0.103.9
[18:34:06]    Compiling gix-url v0.35.0
[18:34:06]    Compiling gix-packetline v0.21.0
[18:34:06]    Compiling windows-sys v0.59.0
[18:34:06]    Compiling tokio-rustls v0.26.4
[18:34:06]    Compiling hyper-rustls v0.27.7
[18:34:06]    Compiling rustls-platform-verifier v0.6.2
[18:34:06]    Compiling serde_json v1.0.149
[18:34:06]    Compiling mime v0.3.17
[18:34:06]    Compiling winapi v0.3.9
[18:34:06]    Compiling reqwest v0.13.1
[18:34:06]    Compiling gix-prompt v0.13.0
[18:34:06]    Compiling gix-traverse v0.52.0
[18:34:06]    Compiling gix-revision v0.40.0
[18:34:06]    Compiling crossbeam-epoch v0.9.18
[18:34:06]    Compiling gix-bitmap v0.2.15
[18:34:06]    Compiling filetime v0.2.27
[18:34:06]    Compiling utf8parse v0.2.2
[18:34:06]    Compiling arrayvec v0.7.6
[18:34:06]    Compiling rayon-core v1.13.0
[18:34:06]    Compiling once_cell_polyfill v1.70.2
[18:34:06]    Compiling autocfg v1.5.0
[18:34:06]    Compiling anstyle v1.0.13
[18:34:06]    Compiling anstyle-wincon v3.0.11
[18:34:06]    Compiling fs-err v3.2.2
[18:34:06]    Compiling uluru v3.1.0
[18:34:06]    Compiling anstyle-parse v0.2.7
[18:34:06]    Compiling gix-index v0.46.0
[18:34:06]    Compiling crossbeam-deque v0.8.6
[18:34:06]    Compiling gix-refspec v0.36.0
[18:34:06]    Compiling gix-credentials v0.35.0
[18:34:06]    Compiling arc-swap v1.8.1
[18:34:06]    Compiling gix-ignore v0.19.0
[18:34:06]    Compiling anstyle-query v1.1.5
[18:34:06]    Compiling toml_datetime v0.7.5+spec-1.1.0
[18:34:06]    Compiling serde_spanned v1.0.4
[18:34:06]    Compiling toml_parser v1.0.6+spec-1.1.0
[18:34:06]    Compiling camino v1.2.2
[18:34:06]    Compiling foldhash v0.1.5
[18:34:06]    Compiling toml_writer v1.0.6+spec-1.1.0
[18:34:06]    Compiling clru v0.6.2
[18:34:06]    Compiling eyre v0.6.12
[18:34:06]    Compiling colorchoice v1.0.4
[18:34:06]    Compiling owo-colors v4.2.3
[18:34:06]    Compiling is_terminal_polyfill v1.70.2
[18:34:06]    Compiling anstream v0.6.21
[18:34:06]    Compiling gix-pack v0.65.0
[18:34:06]    Compiling toml v0.9.11+spec-1.1.0
[18:34:06]    Compiling hashbrown v0.15.5
[18:34:06]    Compiling gix-worktree v0.47.0
[18:34:06]    Compiling io-close v0.3.7
[18:34:06]    Compiling gix-transport v0.53.0
[18:34:06]    Compiling gix-filter v0.25.0
[18:34:06]    Compiling gix-config v0.51.0
[18:34:06]    Compiling gix-pathspec v0.15.0
[18:34:06]    Compiling gix-shallow v0.8.0
[18:34:06]    Compiling gix-negotiate v0.26.0
[18:34:06]    Compiling wasmparser v0.207.0
[18:34:06]    Compiling regex v1.12.3
[18:34:06]    Compiling maybe-async v0.2.10
[18:34:06]    Compiling clap_lex v0.7.7
[18:34:06]    Compiling heck v0.5.0
[18:34:06]    Compiling binfarce v0.2.1
[18:34:06]    Compiling indenter v0.3.4
[18:34:06]    Compiling fixedbitset v0.5.7
[18:34:06]    Compiling topological-sort v0.2.2
[18:34:06]    Compiling powerfmt v0.2.0
[18:34:06]    Compiling rustc-demangle v0.1.27
[18:34:06]    Compiling either v1.15.0
[18:34:06]    Compiling strsim v0.11.1
[18:34:06]    Compiling lazy_static v1.5.0
[18:34:06]    Compiling sharded-slab v0.1.7
[18:34:06]    Compiling clap_builder v4.5.57
[18:34:06]    Compiling rayon v1.11.0
[18:34:06]    Compiling backtrace v0.3.76
[18:34:06]    Compiling deranged v0.5.5
[18:34:06]    Compiling gix-discover v0.46.0
[18:34:06]    Compiling auditable-serde v0.9.0
[18:34:06]    Compiling petgraph v0.8.3
[18:34:06]    Compiling auditable-extract v0.3.5
[18:34:06]    Compiling clap_derive v4.5.55
[18:34:06]    Compiling gix-protocol v0.56.0
[18:34:06]    Compiling gix-submodule v0.25.0
[18:34:06]    Compiling gix-worktree-state v0.25.0
[18:34:06]    Compiling gix-odb v0.75.0
[18:34:06]    Compiling nu-ansi-term v0.50.3
[18:34:06]    Compiling home v0.5.11
[18:34:06]    Compiling tracing-log v0.2.0
[18:34:06]    Compiling smol_str v0.3.2
[18:34:06]    Compiling gix-diff v0.58.0
[18:34:06]    Compiling matchers v0.2.0
[18:34:06]    Compiling toml-span v0.6.0
[18:34:06]    Compiling thread_local v1.1.9
[18:34:06]    Compiling rustc-stable-hash v0.1.2
[18:34:06]    Compiling time-core v0.1.7
[18:34:06]    Compiling ident_case v1.0.1
[18:34:06]    Compiling num-conv v0.1.0
[18:34:06]    Compiling twox-hash v2.1.2
[18:34:06]    Compiling time v0.3.45
[18:34:06]    Compiling tame-index v0.26.0
[18:34:06]    Compiling abscissa_derive v0.9.0
[18:34:06]    Compiling tracing-subscriber v0.3.22
[18:34:06]    Compiling gix v0.78.0
[18:34:06]    Compiling color-eyre v0.6.5
[18:34:06]    Compiling clap v4.5.57
[18:34:06]    Compiling auditable-info v0.10.0
[18:34:06]    Compiling cargo-lock v11.0.1
[18:34:06]    Compiling quitters v0.1.0
[18:34:06]    Compiling secrecy v0.10.3
[18:34:06]    Compiling cvss v2.2.0
[18:34:06]    Compiling platforms v3.8.0
[18:34:06]    Compiling termcolor v1.4.1
[18:34:06]    Compiling canonical-path v2.0.2
[18:34:06]    Compiling wait-timeout v0.2.1
[18:34:06]    Compiling abscissa_core v0.9.0
[18:34:06]    Compiling rustsec v0.32.0
[18:34:06]    Compiling display-error-chain v0.2.2
[18:34:06]    Compiling cargo-audit v0.22.1
[18:34:06]     Finished `release` profile [optimized] target(s) in 4m 50s
[18:34:06]   Installing C:\Users\ContainerAdministrator\scoop\persist\rustup\.cargo\bin\cargo-audit.exe
[18:34:06]    Installed package `cargo-audit v0.22.1` (executable `cargo-audit.exe`)
[18:34:06]   Installing cargo-deny v0.19.0
[18:34:06]     Updating crates.io index
[18:34:06]     Updating crates.io index
[18:34:06]  Downloading crates ...
[18:34:06]   Downloaded zstd v0.13.3
[18:34:06]   Downloaded toml v0.9.10+spec-1.1.0
[18:34:06]   Downloaded time-core v0.1.6
[18:34:06]   Downloaded thiserror-impl v2.0.17
[18:34:06]   Downloaded zstd-safe v7.2.4
[18:34:06]   Downloaded time-macros v0.2.24
[18:34:06]   Downloaded strum v0.27.2
[18:34:06]   Downloaded plain v0.2.3
[18:34:06]   Downloaded gix-tempfile v20.0.1
[18:34:06]   Downloaded strum_macros v0.27.2
[18:34:06]   Downloaded tower v0.5.2
[18:34:06]   Downloaded slab v0.4.11
[18:34:06]   Downloaded socket2 v0.6.1
[18:34:06]   Downloaded time v0.3.44
[18:34:06]   Downloaded gix-odb v0.74.0
[18:34:06]   Downloaded rustsec v0.31.0
[18:34:06]   Downloaded hyper-util v0.1.19
[18:34:06]   Downloaded gix-pack v0.64.1
[18:34:06]   Downloaded flate2 v1.1.5
[18:34:06]   Downloaded regex v1.12.2
[18:34:06]   Downloaded unicode-width v0.2.2
[18:34:06]   Downloaded clap_builder v4.5.54
[18:34:06]   Downloaded cc v1.2.51
[18:34:06]   Downloaded bitvec v1.0.1
[18:34:06]   Downloaded goblin v0.10.4
[18:34:06]   Downloaded gix v0.77.0
[18:34:06]   Downloaded fern v0.7.1
[18:34:06]   Downloaded rustls-webpki v0.103.8
[18:34:06]   Downloaded prodash v30.0.1
[18:34:06]   Downloaded regex-syntax v0.8.8
[18:34:06]   Downloaded proc-macro2 v1.0.105
[18:34:06]   Downloaded krates v0.20.0
[18:34:06]   Downloaded indexmap v2.12.1
[18:34:06]   Downloaded gix-config v0.50.0
[18:34:06]   Downloaded async-compression v0.4.36
[18:34:06]   Downloaded gix-transport v0.52.1
[18:34:06]   Downloaded gix-protocol v0.55.0
[18:34:06]   Downloaded gix-diff v0.57.1
[18:34:06]   Downloaded codespan-reporting v0.13.1
[18:34:06]   Downloaded clap v4.5.54
[18:34:06]   Downloaded signal-hook v0.4.1
[18:34:06]   Downloaded signal-hook v0.3.18
[18:34:06]   Downloaded platforms v3.7.0
[18:34:06]   Downloaded regex-automata v0.4.13
[18:34:06]   Downloaded gix-traverse v0.51.1
[18:34:06]   Downloaded gix-ref v0.57.0
[18:34:06]   Downloaded gix-packetline v0.20.0
[18:34:06]   Downloaded gix-object v0.54.1
[18:34:06]   Downloaded zstd-sys v2.0.16+zstd.1.5.7
[18:34:06]   Downloaded gix-index v0.45.1
[18:34:06]   Downloaded gix-filter v0.24.1
[18:34:06]   Downloaded gix-features v0.45.2
[18:34:06]   Downloaded getrandom v0.2.16
[18:34:06]   Downloaded clap_derive v4.5.49
[18:34:06]   Downloaded libc v0.2.179
[18:34:06]   Downloaded cfg-expr v0.20.5
[18:34:06]   Downloaded bytes v1.11.0
[18:34:06]   Downloaded scroll v0.13.0
[18:34:06]   Downloaded rustls-pki-types v1.13.2
[18:34:06]   Downloaded quote v1.0.43
[18:34:06]   Downloaded gix-worktree-state v0.24.0
[18:34:06]   Downloaded gix-url v0.34.0
[18:34:06]   Downloaded gix-shallow v0.7.0
[18:34:06]   Downloaded gix-path v0.10.22
[18:34:06]   Downloaded gix-hash v0.21.2
[18:34:06]   Downloaded gix-date v0.12.1
[18:34:06]   Downloaded gix-commitgraph v0.31.0
[18:34:06]   Downloaded gix-attributes v0.29.0
[18:34:06]   Downloaded find-msvc-tools v0.1.6
[18:34:06]   Downloaded signal-hook-registry v1.4.8
[18:34:06]   Downloaded sha2 v0.10.9
[18:34:06]   Downloaded pkg-config v0.3.32
[18:34:06]   Downloaded globset v0.4.18
[18:34:06]   Downloaded gix-worktree v0.46.0
[18:34:06]   Downloaded gix-fs v0.18.2
[18:34:06]   Downloaded gix-discover v0.45.0
[18:34:06]   Downloaded compression-codecs v0.4.35
[18:34:06]   Downloaded arc-swap v1.8.0
[18:34:06]   Downloaded gix-revwalk v0.25.0
[18:34:06]   Downloaded cargo-lock v11.0.0
[18:34:06]   Downloaded gix-submodule v0.24.0
[18:34:06]   Downloaded gix-revision v0.39.0
[18:34:06]   Downloaded gix-refspec v0.35.0
[18:34:06]   Downloaded gix-pathspec v0.14.0
[18:34:06]   Downloaded gix-credentials v0.34.1
[18:34:06]   Downloaded filetime v0.2.26
[18:34:06]   Downloaded scroll_derive v0.13.1
[18:34:06]   Downloaded radium v0.7.0
[18:34:06]   Downloaded home v0.5.12
[18:34:06]   Downloaded thiserror v2.0.17
[18:34:06]   Downloaded target-lexicon v0.13.3
[18:34:06]   Downloaded tap v1.0.1
[18:34:06]   Downloaded gix-sec v0.12.2
[18:34:06]   Downloaded gix-prompt v0.12.0
[18:34:06]   Downloaded gix-ignore v0.18.0
[18:34:06]   Downloaded gix-hashtable v0.11.0
[18:34:06]   Downloaded gix-chunk v0.4.12
[18:34:06]   Downloaded gix-actor v0.37.1
[18:34:06]   Downloaded zmij v1.0.12
[18:34:06]   Downloaded wyz v0.5.1
[18:34:06]   Downloaded gix-glob v0.23.0
[18:34:06]   Downloaded funty v2.0.0
[18:34:06]   Downloaded crossbeam-queue v0.3.12
[18:34:06]   Downloaded gix-validate v0.10.1
[18:34:06]   Downloaded gix-config-value v0.16.0
[18:34:06]   Downloaded gix-command v0.6.5
[18:34:06]   Downloaded clap_lex v0.7.6
[18:34:06]   Downloaded anyhow v1.0.100
[18:34:06]   Downloaded gix-negotiate v0.25.0
[18:34:06]   Downloaded gix-lock v20.0.1
[18:34:06]   Downloaded errno v0.3.14
[18:34:06]   Downloaded crossbeam v0.8.4
[18:34:06]   Downloaded codespan v0.13.1
[18:34:06]   Downloaded spdx v0.13.3
[18:34:06]    Compiling proc-macro2 v1.0.105
[18:34:06]    Compiling unicode-ident v1.0.22
[18:34:06]    Compiling quote v1.0.43
[18:34:06]    Compiling windows-link v0.2.1
[18:34:06]    Compiling windows-sys v0.61.2
[18:34:06]    Compiling syn v2.0.114
[18:34:06]    Compiling memchr v2.7.6
[18:34:06]    Compiling cfg-if v1.0.4
[18:34:06]    Compiling smallvec v1.15.1
[18:34:06]    Compiling thiserror v2.0.17
[18:34:06]    Compiling aho-corasick v1.1.4
[18:34:06]    Compiling thiserror-impl v2.0.17
[18:34:06]    Compiling bytes v1.11.0
[18:34:06]    Compiling regex-syntax v0.8.8
[18:34:06]    Compiling once_cell v1.21.3
[18:34:06]    Compiling stable_deref_trait v1.2.1
[18:34:06]    Compiling tinyvec_macros v0.1.1
[18:34:06]    Compiling crc32fast v1.5.0
[18:34:06]    Compiling regex-automata v0.4.13
[18:34:06]    Compiling bstr v1.12.1
[18:34:06]    Compiling tinyvec v1.10.0
[18:34:06]    Compiling winapi-util v0.1.11
[18:34:06]    Compiling unicode-normalization v0.1.25
[18:34:06]    Compiling fastrand v2.3.0
[18:34:06]    Compiling gix-trace v0.1.17
[18:34:06]    Compiling gix-validate v0.10.1
[18:34:06]    Compiling gix-path v0.10.22
[18:34:06]    Compiling gix-utils v0.3.1
[18:34:06]    Compiling parking_lot_core v0.9.12
[18:34:06]    Compiling scopeguard v1.2.0
[18:34:06]    Compiling lock_api v0.4.14
[18:34:06]    Compiling itoa v1.0.17
[18:34:06]    Compiling parking_lot v0.12.5
[18:34:06]    Compiling same-file v1.0.6
[18:34:06]    Compiling walkdir v2.5.0
[18:34:06]    Compiling prodash v30.0.1
[18:34:06]    Compiling zlib-rs v0.5.5
[18:34:06]    Compiling typenum v1.19.0
[18:34:06]    Compiling version_check v0.9.5
[18:34:06]    Compiling generic-array v0.14.7
[18:34:06]    Compiling gix-features v0.45.2
[18:34:06]    Compiling equivalent v1.0.2
[18:34:06]    Compiling allocator-api2 v0.2.21
[18:34:06]    Compiling foldhash v0.2.0
[18:34:06]    Compiling hashbrown v0.16.1
[18:34:06]    Compiling block-buffer v0.10.4
[18:34:06]    Compiling crypto-common v0.1.7
[18:34:06]    Compiling byteorder v1.5.0
[18:34:06]    Compiling heapless v0.8.0
[18:34:06]    Compiling hash32 v0.3.1
[18:34:06]    Compiling digest v0.10.7
[18:34:06]    Compiling cpufeatures v0.2.17
[18:34:06]    Compiling jiff-tzdb v0.1.5
[18:34:06]    Compiling getrandom v0.3.4
[18:34:06]    Compiling jiff-tzdb-platform v0.1.3
[18:34:06]    Compiling faster-hex v0.10.0
[18:34:06]    Compiling sha1 v0.10.6
[18:34:06]    Compiling winnow v0.7.14
[18:34:06]    Compiling serde_core v1.0.228
[18:34:06]    Compiling libc v0.2.179
[18:34:06]    Compiling bitflags v2.10.0
[18:34:06]    Compiling windows_x86_64_msvc v0.53.1
[18:34:06]    Compiling sha1-checked v0.10.0
[18:34:06]    Compiling jiff v0.2.18
[18:34:06]    Compiling synstructure v0.13.2
[18:34:06]    Compiling gix-hash v0.21.2
[18:34:06]    Compiling jobserver v0.1.34
[18:34:06]    Compiling find-msvc-tools v0.1.6
[18:34:06]    Compiling gix-date v0.12.1
[18:34:06]    Compiling shlex v1.3.0
[18:34:06]    Compiling cc v1.2.51
[18:34:06]    Compiling windows-targets v0.53.5
[18:34:06]    Compiling zerofrom-derive v0.1.6
[18:34:06]    Compiling windows-sys v0.60.2
[18:34:06]    Compiling zerofrom v0.1.6
[18:34:06]    Compiling yoke-derive v0.8.1
[18:34:06]    Compiling yoke v0.8.1
[18:34:06]    Compiling gix-actor v0.37.1
[18:34:06]    Compiling gix-hashtable v0.11.0
[18:34:06]    Compiling zerovec-derive v0.11.2
[18:34:06]    Compiling gix-object v0.54.1
[18:34:06]    Compiling pin-project-lite v0.2.16
[18:34:06]    Compiling zerovec v0.11.5
[18:34:06]    Compiling errno v0.3.14
[18:34:06]    Compiling displaydoc v0.2.5
[18:34:06]    Compiling serde v1.0.228
[18:34:06]    Compiling memmap2 v0.9.9
[18:34:06]    Compiling futures-core v0.3.31
[18:34:06]    Compiling signal-hook-registry v1.4.8
[18:34:06]    Compiling serde_derive v1.0.228
[18:34:06]    Compiling signal-hook v0.4.1
[18:34:06]    Compiling socket2 v0.6.1
[18:34:06]    Compiling mio v1.1.1
[18:34:06]    Compiling tokio v1.49.0
[18:34:06]    Compiling tempfile v3.24.0
[18:34:06]    Compiling tinystr v0.8.2
[18:34:06]    Compiling gix-fs v0.18.2
[18:34:06]    Compiling gix-chunk v0.4.12
[18:34:06]    Compiling futures-sink v0.3.31
[18:34:06]    Compiling litemap v0.8.1
[18:34:06]    Compiling writeable v0.6.2
[18:34:06]    Compiling percent-encoding v2.3.2
[18:34:06]    Compiling icu_locale_core v2.1.1
[18:34:06]    Compiling gix-tempfile v20.0.1
[18:34:06]    Compiling zerotrie v0.2.3
[18:34:06]    Compiling potential_utf v0.1.4
[18:34:06]    Compiling ring v0.17.14
[18:34:06]    Compiling gix-quote v0.6.1
[18:34:06]    Compiling icu_normalizer_data v2.1.1
[18:34:06]    Compiling icu_properties_data v2.1.2
[18:34:06]    Compiling icu_collections v2.1.1
[18:34:06]    Compiling icu_provider v2.1.1
[18:34:06]    Compiling http v1.4.0
[18:34:06]    Compiling slab v0.4.11
[18:34:06]    Compiling fnv v1.0.7
[18:34:06]    Compiling gix-commitgraph v0.31.0
[18:34:06]    Compiling gix-glob v0.23.0
[18:34:06]    Compiling indexmap v2.12.1
[18:34:06]    Compiling getrandom v0.2.16
[18:34:06]    Compiling zeroize v1.8.2
[18:34:06]    Compiling pin-utils v0.1.0
[18:34:06]    Compiling crossbeam-utils v0.8.21
[18:34:06]    Compiling untrusted v0.9.0
[18:34:06]    Compiling rustls-pki-types v1.13.2
[18:34:06]    Compiling gix-revwalk v0.25.0
[18:34:06]    Compiling icu_normalizer v2.1.1
[18:34:06]    Compiling icu_properties v2.1.2
[18:34:06]    Compiling http-body v1.0.1
[18:34:06]    Compiling gix-lock v20.0.1
[18:34:06]    Compiling tokio-util v0.7.18
[18:34:06]    Compiling tracing-core v0.1.36
[18:34:06]    Compiling httparse v1.10.1
[18:34:06]    Compiling adler2 v2.0.1
[18:34:06]    Compiling futures-io v0.3.31
[18:34:06]    Compiling futures-task v0.3.31
[18:34:06]    Compiling simd-adler32 v0.3.8
[18:34:06]    Compiling rustls v0.23.36
[18:34:06]    Compiling miniz_oxide v0.8.9
[18:34:06]    Compiling futures-util v0.3.31
[18:34:06]    Compiling tracing v0.1.44
[18:34:06]    Compiling idna_adapter v1.2.1
[18:34:06]    Compiling rustls-webpki v0.103.8
[18:34:06]    Compiling subtle v2.6.1
[18:34:06]    Compiling log v0.4.29
[18:34:06]    Compiling utf8_iter v1.0.4
[18:34:06]    Compiling atomic-waker v1.1.2
[18:34:06]    Compiling try-lock v0.2.5
[18:34:06]    Compiling tower-service v0.3.3
[18:34:06]    Compiling unicode-bom v2.0.3
[18:34:06]    Compiling want v0.3.1
[18:34:06]    Compiling h2 v0.4.13
[18:34:06]    Compiling idna v1.1.0
[18:34:06]    Compiling flate2 v1.1.5
[18:34:06]    Compiling form_urlencoded v1.2.2
[18:34:06]    Compiling futures-channel v0.3.31
[18:34:06]    Compiling gix-config-value v0.16.0
[18:34:06]    Compiling compression-core v0.4.31
[18:34:06]    Compiling shell-words v1.1.1
[18:34:06]    Compiling static_assertions v1.1.0
[18:34:06]    Compiling kstring v2.0.2
[18:34:06]    Compiling gix-command v0.6.5
[18:34:06]    Compiling compression-codecs v0.4.35
[18:34:06]    Compiling hyper v1.8.1
[18:34:06]    Compiling url v2.5.8
[18:34:06]    Compiling sync_wrapper v1.0.2
[18:34:06]    Compiling gix-sec v0.12.2
[18:34:06]    Compiling encoding_rs v0.8.35
[18:34:06]    Compiling ipnet v2.11.0
[18:34:06]    Compiling base64 v0.22.1
[18:34:06]    Compiling pkg-config v0.3.32
[18:34:06]    Compiling tower-layer v0.3.3
[18:34:06]    Compiling tower v0.5.2
[18:34:06]    Compiling zstd-sys v2.0.16+zstd.1.5.7
[18:34:06]    Compiling hyper-util v0.1.19
[18:34:06]    Compiling async-compression v0.4.36
[18:34:06]    Compiling gix-attributes v0.29.0
[18:34:06]    Compiling tokio-rustls v0.26.4
[18:34:06]    Compiling crossbeam-epoch v0.9.18
[18:34:06]    Compiling http-body-util v0.1.3
[18:34:06]    Compiling iri-string v0.7.10
[18:34:06]    Compiling crossbeam-deque v0.8.6
[18:34:06]    Compiling hyper-rustls v0.27.7
[18:34:06]    Compiling tower-http v0.6.8
[18:34:06]    Compiling rustls-platform-verifier v0.6.2
[18:34:06]    Compiling gix-ref v0.57.0
[18:34:06]    Compiling gix-url v0.34.0
[18:34:06]    Compiling gix-packetline v0.20.0
[18:34:06]    Compiling mime v0.3.17
[18:34:06]    Compiling rayon-core v1.13.0
[18:34:06]    Compiling zmij v1.0.12
[18:34:06]    Compiling rustversion v1.0.22
[18:34:06]    Compiling winapi v0.3.9
[18:34:06]    Compiling reqwest v0.13.1
[18:34:06]    Compiling gix-prompt v0.12.0
[18:34:06]    Compiling gix-traverse v0.51.1
[18:34:06]    Compiling gix-revision v0.39.0
[18:34:06]    Compiling filetime v0.2.26
[18:34:06]    Compiling semver v1.0.27
[18:34:06]    Compiling termcolor v1.4.1
[18:34:06]    Compiling gix-bitmap v0.2.15
[18:34:06]    Compiling serde_json v1.0.149
[18:34:06]    Compiling zstd-safe v7.2.4
[18:34:06]    Compiling target-lexicon v0.13.3
[18:34:06]    Compiling utf8parse v0.2.2
[18:34:06]    Compiling once_cell_polyfill v1.70.2
[18:34:06]    Compiling heck v0.5.0
[18:34:06]    Compiling autocfg v1.5.0
[18:34:06]    Compiling unicode-width v0.2.2
[18:34:06]    Compiling camino v1.2.2
[18:34:06]    Compiling anstyle v1.0.13
[18:34:06]    Compiling anstyle-wincon v3.0.11
[18:34:06]    Compiling codespan-reporting v0.13.1
[18:34:06]    Compiling fs-err v3.2.2
[18:34:06]    Compiling anstyle-parse v0.2.7
[18:34:06]    Compiling gix-index v0.45.1
[18:34:06]    Compiling gix-refspec v0.35.0
[18:34:06]    Compiling gix-credentials v0.34.1
[18:34:06]    Compiling gix-ignore v0.18.0
[18:34:06]    Compiling serde_spanned v1.0.4
[18:34:06]    Compiling toml_datetime v0.7.5+spec-1.1.0
[18:34:06]    Compiling toml_parser v1.0.6+spec-1.1.0
[18:34:06]    Compiling anstyle-query v1.1.5
[18:34:06]    Compiling clru v0.6.2
[18:34:06]    Compiling either v1.15.0
[18:34:06]    Compiling radium v0.7.0
[18:34:06]    Compiling toml_writer v1.0.6+spec-1.1.0
[18:34:06]    Compiling colorchoice v1.0.4
[18:34:06]    Compiling foldhash v0.1.5
[18:34:06]    Compiling is_terminal_polyfill v1.70.2
[18:34:06]    Compiling signal-hook v0.3.18
[18:34:06]    Compiling hashbrown v0.15.5
[18:34:06]    Compiling anstream v0.6.21
[18:34:06]    Compiling toml v0.9.10+spec-1.1.0
[18:34:06]    Compiling rayon v1.11.0
[18:34:06]    Compiling gix-pack v0.64.1
[18:34:07]    Compiling io-close v0.3.7
[18:34:07]    Compiling gix-worktree v0.46.0
[18:34:07]    Compiling arc-swap v1.8.0
[18:34:07]    Compiling gix-transport v0.52.1
[18:34:07]    Compiling gix-filter v0.24.1
[18:34:07]    Compiling gix-config v0.50.0
[18:34:07]    Compiling gix-pathspec v0.14.0
[18:34:07]    Compiling crossbeam-channel v0.5.15
[18:34:07]    Compiling gix-shallow v0.7.0
[18:34:07]    Compiling gix-negotiate v0.25.0
[18:34:07]    Compiling maybe-async v0.2.10
[18:34:07]    Compiling scroll_derive v0.13.1
[18:34:07]    Compiling tap v1.0.1
[18:34:07]    Compiling clap_lex v0.7.6
[18:34:07]    Compiling anyhow v1.0.100
[18:34:07]    Compiling num-conv v0.1.0
[18:34:07]    Compiling strsim v0.11.1
[18:34:07]    Compiling powerfmt v0.2.0
[18:34:07]    Compiling time-core v0.1.6
[18:34:07]    Compiling dunce v1.0.5
[18:34:07]    Compiling fixedbitset v0.5.7
[18:34:07]    Compiling gix-discover v0.45.0
[18:34:07]    Compiling petgraph v0.8.3
[18:34:07]    Compiling time-macros v0.2.24
[18:34:07]    Compiling clap_builder v4.5.54
[18:34:07]    Compiling deranged v0.5.5
[18:34:07]    Compiling scroll v0.13.0
[18:34:07]    Compiling wyz v0.5.1
[18:34:07]    Compiling gix-protocol v0.55.0
[18:34:07]    Compiling gix-submodule v0.24.0
[18:34:07]    Compiling gix-worktree-state v0.24.0
[18:34:07]    Compiling cfg-expr v0.20.5
[18:34:07]    Compiling zstd v0.13.3
[18:34:07]    Compiling gix-odb v0.74.0
[18:34:07]    Compiling cargo-lock v11.0.0
[18:34:07]    Compiling toml-span v0.6.0
[18:34:07]    Compiling strum_macros v0.27.2
[18:34:07]    Compiling clap_derive v4.5.49
[18:34:07]    Compiling crossbeam-queue v0.3.12
[18:34:07]    Compiling smol_str v0.3.2
[18:34:07]    Compiling platforms v3.7.0
[18:34:07]    Compiling cvss v2.2.0
[18:34:07]    Compiling gix-diff v0.57.1
[18:34:07]    Compiling sha2 v0.10.9
[18:34:07]    Compiling regex v1.12.2
[18:34:07]    Compiling home v0.5.12
[18:34:07]    Compiling rustc-stable-hash v0.1.2
[18:34:07]    Compiling plain v0.2.3
[18:34:07]    Compiling funty v2.0.0
[18:34:07]    Compiling twox-hash v2.1.2
[18:34:07]    Compiling time v0.3.44
[18:34:07]    Compiling bitvec v1.0.1
[18:34:07]    Compiling tame-index v0.26.0
[18:34:07]    Compiling goblin v0.10.4
[18:34:07]    Compiling spdx v0.13.3
[18:34:07]    Compiling gix v0.77.0
[18:34:07]    Compiling clap v4.5.54
[18:34:07]    Compiling rustsec v0.31.0
[18:34:07]    Compiling crossbeam v0.8.4
[18:34:07]    Compiling strum v0.27.2
[18:34:07]    Compiling krates v0.20.0
[18:34:07]    Compiling codespan v0.13.1
[18:34:07]    Compiling fern v0.7.1
[18:34:07]    Compiling globset v0.4.18
[18:34:07]    Compiling nu-ansi-term v0.50.3
[18:34:07]    Compiling cargo-deny v0.19.0
[18:34:07]     Finished `release` profile [optimized] target(s) in 11m 37s
[18:34:07]   Installing C:\Users\ContainerAdministrator\scoop\persist\rustup\.cargo\bin\cargo-deny.exe
[18:34:07]    Installed package `cargo-deny v0.19.0` (executable `cargo-deny.exe`)
[18:34:07]      Summary Successfully installed cargo-audit, cargo-deny!
[18:34:07] CMD: cargo audit
[18:34:14] Crate:     rustls-webpki
[18:34:14] Version:   0.103.9
[18:34:14] Title:     CRLs not considered authoritative by Distribution Point due to faulty matching logic
[18:34:14] Date:      2026-03-20
[18:34:14] ID:        RUSTSEC-2026-0049
[18:34:14] URL:       https://rustsec.org/advisories/RUSTSEC-2026-0049
[18:34:14] Solution:  Upgrade to >=0.103.10
[18:34:14] Dependency tree:
[18:34:14] rustls-webpki 0.103.9
[18:34:14] â””â”€â”€ rustls 0.23.37
[18:34:14]     â”œâ”€â”€ tokio-rustls 0.26.4
[18:34:14]     â”‚   â”œâ”€â”€ reqwest 0.12.28
[18:34:14]     â”‚   â”‚   â””â”€â”€ tracel-llvm-bundler 20.1.4-7
[18:34:14]     â”‚   â”‚       â”œâ”€â”€ tracel-tblgen-rs 20.1.4-7
[18:34:14]     â”‚   â”‚       â”‚   â””â”€â”€ tracel-mlir-rs-macros 20.1.4-7
[18:34:14]     â”‚   â”‚       â”‚       â””â”€â”€ tracel-mlir-rs 20.1.4-7
[18:34:14]     â”‚   â”‚       â”‚           â””â”€â”€ tracel-llvm 20.1.4-7
[18:34:14]     â”‚   â”‚       â”‚               â””â”€â”€ cubecl-cpu 0.9.0
[18:34:14]     â”‚   â”‚       â”‚                   â””â”€â”€ cubecl 0.9.0
[18:34:14]     â”‚   â”‚       â”‚                       â”œâ”€â”€ cubek-reduce 0.1.1
[18:34:14]     â”‚   â”‚       â”‚                       â”‚   â””â”€â”€ cubek 0.1.1
[18:34:14]     â”‚   â”‚       â”‚                       â”‚       â”œâ”€â”€ burn-cubecl-fusion 0.20.1
[18:34:14]     â”‚   â”‚       â”‚                       â”‚       â”‚   â””â”€â”€ burn-cubecl 0.20.1
[18:34:14]     â”‚   â”‚       â”‚                       â”‚       â”‚       â”œâ”€â”€ burn-wgpu 0.20.1
[18:34:14]     â”‚   â”‚       â”‚                       â”‚       â”‚       â”‚   â””â”€â”€ burn 0.20.1
[18:34:14]     â”‚   â”‚       â”‚                       â”‚       â”‚       â”‚       â””â”€â”€ kataglyphis_rustprojecttemplate 0.1.0
[18:34:14]     â”‚   â”‚       â”‚                       â”‚       â”‚       â”œâ”€â”€ burn-rocm 0.20.1
[18:34:14]     â”‚   â”‚       â”‚                       â”‚       â”‚       â”‚   â””â”€â”€ burn 0.20.1
[18:34:14]     â”‚   â”‚       â”‚                       â”‚       â”‚       â”œâ”€â”€ burn-cuda 0.20.1
[18:34:14]     â”‚   â”‚       â”‚                       â”‚       â”‚       â”‚   â””â”€â”€ burn 0.20.1
[18:34:14]     â”‚   â”‚       â”‚                       â”‚       â”‚       â””â”€â”€ burn-cpu 0.20.1
[18:34:14]     â”‚   â”‚       â”‚                       â”‚       â”‚           â””â”€â”€ burn 0.20.1
[18:34:14]     â”‚   â”‚       â”‚                       â”‚       â””â”€â”€ burn-cubecl 0.20.1
[18:34:14]     â”‚   â”‚       â”‚                       â”œâ”€â”€ cubek-random 0.1.1
[18:34:14]     â”‚   â”‚       â”‚                       â”‚   â”œâ”€â”€ cubek-attention 0.1.1
[18:34:14]     â”‚   â”‚       â”‚                       â”‚   â”‚   â””â”€â”€ cubek 0.1.1
[18:34:14]     â”‚   â”‚       â”‚                       â”‚   â””â”€â”€ cubek 0.1.1
[18:34:14]     â”‚   â”‚       â”‚                       â”œâ”€â”€ cubek-quant 0.1.1
[18:34:14]     â”‚   â”‚       â”‚                       â”‚   â””â”€â”€ cubek 0.1.1
[18:34:14]     â”‚   â”‚       â”‚                       â”œâ”€â”€ cubek-matmul 0.1.1
[18:34:14]     â”‚   â”‚       â”‚                       â”‚   â”œâ”€â”€ cubek-convolution 0.1.1
[18:34:14]     â”‚   â”‚       â”‚                       â”‚   â”‚   â””â”€â”€ cubek 0.1.1
[18:34:14]     â”‚   â”‚       â”‚                       â”‚   â”œâ”€â”€ cubek-attention 0.1.1
[18:34:14]     â”‚   â”‚       â”‚                       â”‚   â””â”€â”€ cubek 0.1.1
[18:34:14]     â”‚   â”‚       â”‚                       â”œâ”€â”€ cubek-convolution 0.1.1
[18:34:14]     â”‚   â”‚       â”‚                       â”œâ”€â”€ cubek-attention 0.1.1
[18:34:14]     â”‚   â”‚       â”‚                       â”œâ”€â”€ cubek 0.1.1
[18:34:14]     â”‚   â”‚       â”‚                       â”œâ”€â”€ burn-wgpu 0.20.1
[18:34:14]     â”‚   â”‚       â”‚                       â”œâ”€â”€ burn-std 0.20.1
[18:34:14]     â”‚   â”‚       â”‚                       â”‚   â”œâ”€â”€ burn-tensor 0.20.1
[18:34:14]     â”‚   â”‚       â”‚                       â”‚   â”‚   â”œâ”€â”€ burn-store 0.20.1
[18:34:14]     â”‚   â”‚       â”‚                       â”‚   â”‚   â”‚   â””â”€â”€ burn 0.20.1
[18:34:14]     â”‚   â”‚       â”‚                       â”‚   â”‚   â””â”€â”€ burn-core 0.20.1
[18:34:14]     â”‚   â”‚       â”‚                       â”‚   â”‚       â”œâ”€â”€ burn-store 0.20.1
[18:34:14]     â”‚   â”‚       â”‚                       â”‚   â”‚       â”œâ”€â”€ burn-optim 0.20.1
[18:34:14]     â”‚   â”‚       â”‚                       â”‚   â”‚       â”‚   â””â”€â”€ burn 0.20.1
[18:34:14]     â”‚   â”‚       â”‚                       â”‚   â”‚       â”œâ”€â”€ burn-nn 0.20.1
[18:34:14]     â”‚   â”‚       â”‚                       â”‚   â”‚       â”‚   â”œâ”€â”€ burn-store 0.20.1
[18:34:14]     â”‚   â”‚       â”‚                       â”‚   â”‚       â”‚   â””â”€â”€ burn 0.20.1
[18:34:14]     â”‚   â”‚       â”‚                       â”‚   â”‚       â””â”€â”€ burn 0.20.1
[18:34:14]     â”‚   â”‚       â”‚                       â”‚   â”œâ”€â”€ burn-router 0.20.1
[18:34:14]     â”‚   â”‚       â”‚                       â”‚   â”‚   â””â”€â”€ burn 0.20.1
[18:34:14]     â”‚   â”‚       â”‚                       â”‚   â”œâ”€â”€ burn-ndarray 0.20.1
[18:34:14]     â”‚   â”‚       â”‚                       â”‚   â”‚   â”œâ”€â”€ kataglyphis_rustprojecttemplate 0.1.0
[18:34:14]     â”‚   â”‚       â”‚                       â”‚   â”‚   â””â”€â”€ burn 0.20.1
[18:34:14]     â”‚   â”‚       â”‚                       â”‚   â”œâ”€â”€ burn-cubecl-fusion 0.20.1
[18:34:14]     â”‚   â”‚       â”‚                       â”‚   â”œâ”€â”€ burn-cubecl 0.20.1
[18:34:14]     â”‚   â”‚       â”‚                       â”‚   â”œâ”€â”€ burn-core 0.20.1
[18:34:14]     â”‚   â”‚       â”‚                       â”‚   â”œâ”€â”€ burn-candle 0.20.1
[18:34:14]     â”‚   â”‚       â”‚                       â”‚   â”‚   â””â”€â”€ burn 0.20.1
[18:34:14]     â”‚   â”‚       â”‚                       â”‚   â”œâ”€â”€ burn-backend 0.20.1
[18:34:14]     â”‚   â”‚       â”‚                       â”‚   â”‚   â”œâ”€â”€ burn-wgpu 0.20.1
[18:34:14]     â”‚   â”‚       â”‚                       â”‚   â”‚   â”œâ”€â”€ burn-tensor 0.20.1
[18:34:14]     â”‚   â”‚       â”‚                       â”‚   â”‚   â”œâ”€â”€ burn-router 0.20.1
[18:34:14]     â”‚   â”‚       â”‚                       â”‚   â”‚   â”œâ”€â”€ burn-rocm 0.20.1
[18:34:14]     â”‚   â”‚       â”‚                       â”‚   â”‚   â”œâ”€â”€ burn-ndarray 0.20.1
[18:34:14]     â”‚   â”‚       â”‚                       â”‚   â”‚   â”œâ”€â”€ burn-ir 0.20.1
[18:34:14]     â”‚   â”‚       â”‚                       â”‚   â”‚   â”‚   â”œâ”€â”€ burn-router 0.20.1
[18:34:14]     â”‚   â”‚       â”‚                       â”‚   â”‚   â”‚   â”œâ”€â”€ burn-ndarray 0.20.1
[18:34:14]     â”‚   â”‚       â”‚                       â”‚   â”‚   â”‚   â”œâ”€â”€ burn-fusion 0.20.1
[18:34:14]     â”‚   â”‚       â”‚                       â”‚   â”‚   â”‚   â”‚   â”œâ”€â”€ burn-cubecl-fusion 0.20.1
[18:34:14]     â”‚   â”‚       â”‚                       â”‚   â”‚   â”‚   â”‚   â””â”€â”€ burn-cubecl 0.20.1
[18:34:14]     â”‚   â”‚       â”‚                       â”‚   â”‚   â”‚   â”œâ”€â”€ burn-cubecl-fusion 0.20.1
[18:34:14]     â”‚   â”‚       â”‚                       â”‚   â”‚   â”‚   â””â”€â”€ burn-cubecl 0.20.1
[18:34:14]     â”‚   â”‚       â”‚                       â”‚   â”‚   â”œâ”€â”€ burn-fusion 0.20.1
[18:34:14]     â”‚   â”‚       â”‚                       â”‚   â”‚   â”œâ”€â”€ burn-cuda 0.20.1
[18:34:14]     â”‚   â”‚       â”‚                       â”‚   â”‚   â”œâ”€â”€ burn-cubecl-fusion 0.20.1
[18:34:14]     â”‚   â”‚       â”‚                       â”‚   â”‚   â”œâ”€â”€ burn-cubecl 0.20.1
[18:34:14]     â”‚   â”‚       â”‚                       â”‚   â”‚   â”œâ”€â”€ burn-cpu 0.20.1
[18:34:14]     â”‚   â”‚       â”‚                       â”‚   â”‚   â”œâ”€â”€ burn-candle 0.20.1
[18:34:14]     â”‚   â”‚       â”‚                       â”‚   â”‚   â””â”€â”€ burn-autodiff 0.20.1
[18:34:14]     â”‚   â”‚       â”‚                       â”‚   â”‚       â”œâ”€â”€ kataglyphis_rustprojecttemplate 0.1.0
[18:34:14]     â”‚   â”‚       â”‚                       â”‚   â”‚       â”œâ”€â”€ burn-ndarray 0.20.1
[18:34:14]     â”‚   â”‚       â”‚                       â”‚   â”‚       â””â”€â”€ burn 0.20.1
[18:34:14]     â”‚   â”‚       â”‚                       â”‚   â””â”€â”€ burn-autodiff 0.20.1
[18:34:14]     â”‚   â”‚       â”‚                       â”œâ”€â”€ burn-rocm 0.20.1
[18:34:14]     â”‚   â”‚       â”‚                       â”œâ”€â”€ burn-cuda 0.20.1
[18:34:14]     â”‚   â”‚       â”‚                       â”œâ”€â”€ burn-cubecl-fusion 0.20.1
[18:34:14]     â”‚   â”‚       â”‚                       â”œâ”€â”€ burn-cubecl 0.20.1
[18:34:14]     â”‚   â”‚       â”‚                       â”œâ”€â”€ burn-cpu 0.20.1
[18:34:14]     â”‚   â”‚       â”‚                       â””â”€â”€ burn-backend 0.20.1
[18:34:14]     â”‚   â”‚       â”œâ”€â”€ tracel-mlir-sys 20.1.4-7
[18:34:14]     â”‚   â”‚       â”‚   â”œâ”€â”€ tracel-mlir-rs 20.1.4-7
[18:34:14]     â”‚   â”‚       â”‚   â””â”€â”€ tracel-llvm 20.1.4-7
[18:34:14]     â”‚   â”‚       â”œâ”€â”€ tracel-mlir-rs-macros 20.1.4-7
[18:34:14]     â”‚   â”‚       â””â”€â”€ cubecl-cpu 0.9.0
[18:34:14]     â”‚   â””â”€â”€ hyper-rustls 0.27.7
[18:34:14]     â”‚       â””â”€â”€ reqwest 0.12.28
[18:34:14]     â”œâ”€â”€ reqwest 0.12.28
[18:34:14]     â”œâ”€â”€ quinn-proto 0.11.14
[18:34:14]     â”‚   â””â”€â”€ quinn 0.11.9
[18:34:14]     â”‚       â””â”€â”€ reqwest 0.12.28
[18:34:14]     â”œâ”€â”€ quinn 0.11.9
[18:34:14]     â””â”€â”€ hyper-rustls 0.27.7
[18:34:14] Crate:     tar
[18:34:14] Version:   0.4.44
[18:34:14] Title:     `unpack_in` can chmod arbitrary directories by following symlinks
[18:34:14] Date:      2026-03-19
[18:34:14] ID:        RUSTSEC-2026-0067
[18:34:14] URL:       https://rustsec.org/advisories/RUSTSEC-2026-0067
[18:34:14] Severity:  5.1 (medium)
[18:34:14] Solution:  Upgrade to >=0.4.45
[18:34:14] Dependency tree:
[18:34:14] tar 0.4.44
[18:34:14] â”œâ”€â”€ tract-nnef 0.22.1
[18:34:14] â”‚   â”œâ”€â”€ tract-onnx-opl 0.22.1
[18:34:14] â”‚   â”‚   â””â”€â”€ tract-onnx 0.22.1
[18:34:14] â”‚   â”‚       â””â”€â”€ kataglyphis_rustprojecttemplate 0.1.0
[18:34:14] â”‚   â””â”€â”€ tract-onnx 0.22.1
[18:34:14] â””â”€â”€ tracel-llvm-bundler 20.1.4-7
[18:34:14]     â”œâ”€â”€ tracel-tblgen-rs 20.1.4-7
[18:34:14]     â”‚   â””â”€â”€ tracel-mlir-rs-macros 20.1.4-7
[18:34:14]     â”‚       â””â”€â”€ tracel-mlir-rs 20.1.4-7
[18:34:14]     â”‚           â””â”€â”€ tracel-llvm 20.1.4-7
[18:34:14]     â”‚               â””â”€â”€ cubecl-cpu 0.9.0
[18:34:14]     â”‚                   â””â”€â”€ cubecl 0.9.0
[18:34:14]     â”‚                       â”œâ”€â”€ cubek-reduce 0.1.1
[18:34:14]     â”‚                       â”‚   â””â”€â”€ cubek 0.1.1
[18:34:14]     â”‚                       â”‚       â”œâ”€â”€ burn-cubecl-fusion 0.20.1
[18:34:14]     â”‚                       â”‚       â”‚   â””â”€â”€ burn-cubecl 0.20.1
[18:34:14]     â”‚                       â”‚       â”‚       â”œâ”€â”€ burn-wgpu 0.20.1
[18:34:14]     â”‚                       â”‚       â”‚       â”‚   â””â”€â”€ burn 0.20.1
[18:34:14]     â”‚                       â”‚       â”‚       â”‚       â””â”€â”€ kataglyphis_rustprojecttemplate 0.1.0
[18:34:14]     â”‚                       â”‚       â”‚       â”œâ”€â”€ burn-rocm 0.20.1
[18:34:14]     â”‚                       â”‚       â”‚       â”‚   â””â”€â”€ burn 0.20.1
[18:34:14]     â”‚                       â”‚       â”‚       â”œâ”€â”€ burn-cuda 0.20.1
[18:34:14]     â”‚                       â”‚       â”‚       â”‚   â””â”€â”€ burn 0.20.1
[18:34:14]     â”‚                       â”‚       â”‚       â””â”€â”€ burn-cpu 0.20.1
[18:34:14]     â”‚                       â”‚       â”‚           â””â”€â”€ burn 0.20.1
[18:34:14]     â”‚                       â”‚       â””â”€â”€ burn-cubecl 0.20.1
[18:34:14]     â”‚                       â”œâ”€â”€ cubek-random 0.1.1
[18:34:14]     â”‚                       â”‚   â”œâ”€â”€ cubek-attention 0.1.1
[18:34:14]     â”‚                       â”‚   â”‚   â””â”€â”€ cubek 0.1.1
[18:34:14]     â”‚                       â”‚   â””â”€â”€ cubek 0.1.1
[18:34:14]     â”‚                       â”œâ”€â”€ cubek-quant 0.1.1
[18:34:14]     â”‚                       â”‚   â””â”€â”€ cubek 0.1.1
[18:34:14]     â”‚                       â”œâ”€â”€ cubek-matmul 0.1.1
[18:34:14]     â”‚                       â”‚   â”œâ”€â”€ cubek-convolution 0.1.1
[18:34:14]     â”‚                       â”‚   â”‚   â””â”€â”€ cubek 0.1.1
[18:34:14]     â”‚                       â”‚   â”œâ”€â”€ cubek-attention 0.1.1
[18:34:14]     â”‚                       â”‚   â””â”€â”€ cubek 0.1.1
[18:34:14]     â”‚                       â”œâ”€â”€ cubek-convolution 0.1.1
[18:34:14]     â”‚                       â”œâ”€â”€ cubek-attention 0.1.1
[18:34:14]     â”‚                       â”œâ”€â”€ cubek 0.1.1
[18:34:14]     â”‚                       â”œâ”€â”€ burn-wgpu 0.20.1
[18:34:14]     â”‚                       â”œâ”€â”€ burn-std 0.20.1
[18:34:14]     â”‚                       â”‚   â”œâ”€â”€ burn-tensor 0.20.1
[18:34:14]     â”‚                       â”‚   â”‚   â”œâ”€â”€ burn-store 0.20.1
[18:34:14]     â”‚                       â”‚   â”‚   â”‚   â””â”€â”€ burn 0.20.1
[18:34:14]     â”‚                       â”‚   â”‚   â””â”€â”€ burn-core 0.20.1
[18:34:14]     â”‚                       â”‚   â”‚       â”œâ”€â”€ burn-store 0.20.1
[18:34:14]     â”‚                       â”‚   â”‚       â”œâ”€â”€ burn-optim 0.20.1
[18:34:14]     â”‚                       â”‚   â”‚       â”‚   â””â”€â”€ burn 0.20.1
[18:34:14]     â”‚                       â”‚   â”‚       â”œâ”€â”€ burn-nn 0.20.1
[18:34:14]     â”‚                       â”‚   â”‚       â”‚   â”œâ”€â”€ burn-store 0.20.1
[18:34:14]     â”‚                       â”‚   â”‚       â”‚   â””â”€â”€ burn 0.20.1
[18:34:14]     â”‚                       â”‚   â”‚       â””â”€â”€ burn 0.20.1
[18:34:14]     â”‚                       â”‚   â”œâ”€â”€ burn-router 0.20.1
[18:34:14]     â”‚                       â”‚   â”‚   â””â”€â”€ burn 0.20.1
[18:34:14]     â”‚                       â”‚   â”œâ”€â”€ burn-ndarray 0.20.1
[18:34:14]     â”‚                       â”‚   â”‚   â”œâ”€â”€ kataglyphis_rustprojecttemplate 0.1.0
[18:34:14]     â”‚                       â”‚   â”‚   â””â”€â”€ burn 0.20.1
[18:34:14]     â”‚                       â”‚   â”œâ”€â”€ burn-cubecl-fusion 0.20.1
[18:34:14]     â”‚                       â”‚   â”œâ”€â”€ burn-cubecl 0.20.1
[18:34:14]     â”‚                       â”‚   â”œâ”€â”€ burn-core 0.20.1
[18:34:14]     â”‚                       â”‚   â”œâ”€â”€ burn-candle 0.20.1
[18:34:14]     â”‚                       â”‚   â”‚   â””â”€â”€ burn 0.20.1
[18:34:14]     â”‚                       â”‚   â”œâ”€â”€ burn-backend 0.20.1
[18:34:14]     â”‚                       â”‚   â”‚   â”œâ”€â”€ burn-wgpu 0.20.1
[18:34:14]     â”‚                       â”‚   â”‚   â”œâ”€â”€ burn-tensor 0.20.1
[18:34:14]     â”‚                       â”‚   â”‚   â”œâ”€â”€ burn-router 0.20.1
[18:34:14]     â”‚                       â”‚   â”‚   â”œâ”€â”€ burn-rocm 0.20.1
[18:34:14]     â”‚                       â”‚   â”‚   â”œâ”€â”€ burn-ndarray 0.20.1
[18:34:14]     â”‚                       â”‚   â”‚   â”œâ”€â”€ burn-ir 0.20.1
[18:34:14]     â”‚                       â”‚   â”‚   â”‚   â”œâ”€â”€ burn-router 0.20.1
[18:34:14]     â”‚                       â”‚   â”‚   â”‚   â”œâ”€â”€ burn-ndarray 0.20.1
[18:34:14]     â”‚                       â”‚   â”‚   â”‚   â”œâ”€â”€ burn-fusion 0.20.1
[18:34:14]     â”‚                       â”‚   â”‚   â”‚   â”‚   â”œâ”€â”€ burn-cubecl-fusion 0.20.1
[18:34:14]     â”‚                       â”‚   â”‚   â”‚   â”‚   â””â”€â”€ burn-cubecl 0.20.1
[18:34:14]     â”‚                       â”‚   â”‚   â”‚   â”œâ”€â”€ burn-cubecl-fusion 0.20.1
[18:34:14]     â”‚                       â”‚   â”‚   â”‚   â””â”€â”€ burn-cubecl 0.20.1
[18:34:14]     â”‚                       â”‚   â”‚   â”œâ”€â”€ burn-fusion 0.20.1
[18:34:14]     â”‚                       â”‚   â”‚   â”œâ”€â”€ burn-cuda 0.20.1
[18:34:14]     â”‚                       â”‚   â”‚   â”œâ”€â”€ burn-cubecl-fusion 0.20.1
[18:34:14]     â”‚                       â”‚   â”‚   â”œâ”€â”€ burn-cubecl 0.20.1
[18:34:14]     â”‚                       â”‚   â”‚   â”œâ”€â”€ burn-cpu 0.20.1
[18:34:14]     â”‚                       â”‚   â”‚   â”œâ”€â”€ burn-candle 0.20.1
[18:34:14]     â”‚                       â”‚   â”‚   â””â”€â”€ burn-autodiff 0.20.1
[18:34:14]     â”‚                       â”‚   â”‚       â”œâ”€â”€ kataglyphis_rustprojecttemplate 0.1.0
[18:34:14]     â”‚                       â”‚   â”‚       â”œâ”€â”€ burn-ndarray 0.20.1
[18:34:14]     â”‚                       â”‚   â”‚       â””â”€â”€ burn 0.20.1
[18:34:14]     â”‚                       â”‚   â””â”€â”€ burn-autodiff 0.20.1
[18:34:14]     â”‚                       â”œâ”€â”€ burn-rocm 0.20.1
[18:34:14]     â”‚                       â”œâ”€â”€ burn-cuda 0.20.1
[18:34:14]     â”‚                       â”œâ”€â”€ burn-cubecl-fusion 0.20.1
[18:34:14]     â”‚                       â”œâ”€â”€ burn-cubecl 0.20.1
[18:34:14]     â”‚                       â”œâ”€â”€ burn-cpu 0.20.1
[18:34:14]     â”‚                       â””â”€â”€ burn-backend 0.20.1
[18:34:14]     â”œâ”€â”€ tracel-mlir-sys 20.1.4-7
[18:34:14]     â”‚   â”œâ”€â”€ tracel-mlir-rs 20.1.4-7
[18:34:14]     â”‚   â””â”€â”€ tracel-llvm 20.1.4-7
[18:34:14]     â”œâ”€â”€ tracel-mlir-rs-macros 20.1.4-7
[18:34:14]     â””â”€â”€ cubecl-cpu 0.9.0
[18:34:14] Crate:     tar
[18:34:14] Version:   0.4.44
[18:34:14] Title:     tar-rs incorrectly ignores PAX size headers if header size is nonzero
[18:34:14] Date:      2026-03-19
[18:34:14] ID:        RUSTSEC-2026-0068
[18:34:14] URL:       https://rustsec.org/advisories/RUSTSEC-2026-0068
[18:34:14] Severity:  5.1 (medium)
[18:34:14] Solution:  Upgrade to >=0.4.45
[18:34:14]     Fetching advisory database from `https://github.com/RustSec/advisory-db.git`
[18:34:14]       Loaded 1017 security advisories (from C:\Users\ContainerAdministrator\scoop\persist\rustup\.cargo\advisory-db)
[18:34:14]     Updating crates.io index
[18:34:14]     Scanning Cargo.lock for vulnerabilities (836 crate dependencies)
[18:34:14] error: 3 vulnerabilities found!
[18:34:14] WARNING: cargo audit failed or not available: Command failed with exit code 1: cargo audit
[18:34:14] CMD: cargo deny check advisories licenses bans sources
[18:34:39] advisories FAILED, bans ok, licenses ok, sources ok
[18:34:39] error[vulnerability]: `unpack_in` can chmod arbitrary directories by following symlinks
[18:34:39]     â”Œâ”€ C:\workspace/Cargo.lock:405:1
[18:34:39]     â”‚
[18:34:39] 405 â”‚ tar 0.4.44 registry+https://github.com/rust-lang/crates.io-index
[18:34:39]     â”‚ â”â”â”â”â”â”â”â”â”â”â”â”â”â”â”â”â”â”â”â”â”â”â”â”â”â”â”â”â”â”â”â”â”â”â”â”â”â”â”â”â”â”â”â”â”â”â”â”â”â”â”â”â”â”â”â”â”â”â”â”â”â”â”â” security vulnerability detected
[18:34:39]     â”‚
[18:34:39]     â”œ ID: RUSTSEC-2026-0067
[18:34:39]     â”œ Advisory: https://rustsec.org/advisories/RUSTSEC-2026-0067
[18:34:39]     â”œ In versions 0.4.44 and below of tar-rs, when unpacking a tar archive, the tar
[18:34:39]       crate's `unpack_dir` function uses [`fs::metadata()`][fs-metadata] to check
[18:34:39]       whether a path that already exists is a directory. Because `fs::metadata()`
[18:34:39]       follows symbolic links, a crafted tarball containing a symlink entry followed
[18:34:39]       by a directory entry with the same name causes the crate to treat the symlink
[18:34:39]       target as a valid existing directory â€” and subsequently apply chmod to it. This
[18:34:39]       allows an attacker to modify the permissions of arbitrary directories outside
[18:34:39]       the extraction root.
[18:34:39]       This issue has been fixed in version 0.4.45.
[18:34:39]       [fs-metadata]: https://doc.rust-lang.org/std/fs/fn.metadata.html
[18:34:39]     â”œ Solution: Upgrade to >=0.4.45 (try `cargo update -p tar`)
[18:34:39]     â”œ tar v0.4.44
[18:34:39]       â””â”€â”€ tract-nnef v0.22.1
[18:34:39]           â”œâ”€â”€ tract-onnx v0.22.1
[18:34:39]           â”‚   â””â”€â”€ kataglyphis_rustprojecttemplate v0.1.0
[18:34:39]           â””â”€â”€ tract-onnx-opl v0.22.1
[18:34:39]               â””â”€â”€ tract-onnx v0.22.1 (*)
[18:34:39] error[vulnerability]: tar-rs incorrectly ignores PAX size headers if header size is nonzero
[18:34:39]     â”Œâ”€ C:\workspace/Cargo.lock:405:1
[18:34:39]     â”‚
[18:34:39] 405 â”‚ tar 0.4.44 registry+https://github.com/rust-lang/crates.io-index
[18:34:39]     â”‚ â”â”â”â”â”â”â”â”â”â”â”â”â”â”â”â”â”â”â”â”â”â”â”â”â”â”â”â”â”â”â”â”â”â”â”â”â”â”â”â”â”â”â”â”â”â”â”â”â”â”â”â”â”â”â”â”â”â”â”â”â”â”â”â” security vulnerability detected
[18:34:39]     â”‚
[18:34:39]     â”œ ID: RUSTSEC-2026-0068
[18:34:39]     â”œ Advisory: https://rustsec.org/advisories/RUSTSEC-2026-0068
[18:34:39]     â”œ Versions 0.4.44 and below of tar-rs have conditional logic that skips the PAX
[18:34:39]       size header in cases where the base header size is nonzero.
[18:34:39]       As part of [CVE-2025-62518][astral-cve], the [astral-tokio-tar]
[18:34:39]       project was changed to correctly honor PAX size headers in the case where it
[18:34:39]       was different from the base header. This is almost the inverse of the
[18:34:39]       astral-tokio-tar issue.
[18:34:39]       Any discrepancy in how tar parsers honor file size can be used to create
[18:34:39]       archives that appear differently when unpacked by different archivers. In this
[18:34:39]       case, the tar-rs (Rust tar) crate is an outlier in checking for the header size
[18:34:39]       â€” other tar parsers (including e.g. Go [`archive/tar`][go-tar]) unconditionally
[18:34:39]       use the PAX size override. This can affect anything that uses the tar crate to
[18:34:39]       parse archives and expects to have a consistent view with other parsers.
[18:34:39]       This issue has been fixed in version 0.4.45.
[18:34:39]       [astral-cve]: https://www.cve.org/CVERecord?id=CVE-2025-62518
[18:34:39]       [astral-tokio-tar]: https://github.com/astral-sh/tokio-tar
[18:34:39]       [go-tar]: https://pkg.go.dev/archive/tar
[18:34:39]     â”œ Solution: Upgrade to >=0.4.45 (try `cargo update -p tar`)
[18:34:39]     â”œ tar v0.4.44
[18:34:39]       â””â”€â”€ tract-nnef v0.22.1
[18:34:39]           â”œâ”€â”€ tract-onnx v0.22.1
[18:34:39]           â”‚   â””â”€â”€ kataglyphis_rustprojecttemplate v0.1.0
[18:34:39]           â””â”€â”€ tract-onnx-opl v0.22.1
[18:34:39]               â””â”€â”€ tract-onnx v0.22.1 (*)
[18:34:39] warning[unmatched-source]: allowed source was not encountered
[18:34:39]    â”Œâ”€ C:\workspace\deny.toml:41:4
[18:34:39]    â”‚
[18:34:39] 41 â”‚   "https://github.com/Traverse-Research/gpu-allocator",
[18:34:39]    â”‚    â”â”â”â”â”â”â”â”â”â”â”â”â”â”â”â”â”â”â”â”â”â”â”â”â”â”â”â”â”â”â”â”â”â”â”â”â”â”â”â”â”â”â”â”â”â”â”â”â”â” no crate source matched these criteria
[18:34:39] warning[duplicate]: found 2 duplicate entries for crate 'bit-set'
[18:34:39]    â”Œâ”€ C:\workspace/Cargo.lock:31:1
[18:34:39]    â”‚  
[18:34:39] 31 â”‚ â•­ bit-set 0.5.3 registry+https://github.com/rust-lang/crates.io-index
[18:34:39] 32 â”‚ â”‚ bit-set 0.8.0 registry+https://github.com/rust-lang/crates.io-index
[18:34:39]    â”‚ â•°â”€â”€â”€â”€â”€â”€â”€â”€â”€â”€â”€â”€â”€â”€â”€â”€â”€â”€â”€â”€â”€â”€â”€â”€â”€â”€â”€â”€â”€â”€â”€â”€â”€â”€â”€â”€â”€â”€â”€â”€â”€â”€â”€â”€â”€â”€â”€â”€â”€â”€â”€â”€â”€â”€â”€â”€â”€â”€â”€â”€â”€â”€â”€â”€â”€â”€â”€â”˜ lock entries
[18:34:39]    â”‚  
[18:34:39]    â”œ bit-set v0.5.3
[18:34:39]      â””â”€â”€ tract-core v0.22.1
[18:34:39]          â”œâ”€â”€ tract-hir v0.22.1
[18:34:39]          â”‚   â””â”€â”€ tract-onnx v0.22.1
[18:34:39]          â”‚       â””â”€â”€ kataglyphis_rustprojecttemplate v0.1.0
[18:34:39]          â””â”€â”€ tract-nnef v0.22.1
[18:34:39]              â”œâ”€â”€ tract-onnx v0.22.1 (*)
[18:34:39]              â””â”€â”€ tract-onnx-opl v0.22.1
[18:34:39]                  â””â”€â”€ tract-onnx v0.22.1 (*)
[18:34:39]    â”œ bit-set v0.8.0
[18:34:39]      â”œâ”€â”€ naga v27.0.3
[18:34:39]      â”‚   â”œâ”€â”€ wgpu-core v27.0.3
[18:34:39]      â”‚   â”‚   â””â”€â”€ wgpu v27.0.1
[18:34:39]      â”‚   â”‚       â”œâ”€â”€ egui-wgpu v0.33.3
[18:34:39]      â”‚   â”‚       â”‚   â””â”€â”€ kataglyphis_rustprojecttemplate v0.1.0
[18:34:39]      â”‚   â”‚       â””â”€â”€ kataglyphis_rustprojecttemplate v0.1.0 (*)
[18:34:39]      â”‚   â””â”€â”€ wgpu-hal v27.0.4
[18:34:39]      â”‚       â”œâ”€â”€ wgpu v27.0.1 (*)
[18:34:39]      â”‚       â”œâ”€â”€ wgpu-core v27.0.3 (*)
[18:34:39]      â”‚       â””â”€â”€ wgpu-core-deps-windows-linux-android v27.0.0
[18:34:39]      â”‚           â””â”€â”€ wgpu-core v27.0.3 (*)
[18:34:39]      â””â”€â”€ wgpu-core v27.0.3 (*)
[18:34:39] warning[duplicate]: found 2 duplicate entries for crate 'bit-vec'
[18:34:39]    â”Œâ”€ C:\workspace/Cargo.lock:33:1
[18:34:39]    â”‚  
[18:34:39] 33 â”‚ â•­ bit-vec 0.6.3 registry+https://github.com/rust-lang/crates.io-index
[18:34:39] 34 â”‚ â”‚ bit-vec 0.8.0 registry+https://github.com/rust-lang/crates.io-index
[18:34:39]    â”‚ â•°â”€â”€â”€â”€â”€â”€â”€â”€â”€â”€â”€â”€â”€â”€â”€â”€â”€â”€â”€â”€â”€â”€â”€â”€â”€â”€â”€â”€â”€â”€â”€â”€â”€â”€â”€â”€â”€â”€â”€â”€â”€â”€â”€â”€â”€â”€â”€â”€â”€â”€â”€â”€â”€â”€â”€â”€â”€â”€â”€â”€â”€â”€â”€â”€â”€â”€â”€â”˜ lock entries
[18:34:39]    â”‚  
[18:34:39]    â”œ bit-vec v0.6.3
[18:34:39]      â””â”€â”€ bit-set v0.5.3
[18:34:39]          â””â”€â”€ tract-core v0.22.1
[18:34:39]              â”œâ”€â”€ tract-hir v0.22.1
[18:34:39]              â”‚   â””â”€â”€ tract-onnx v0.22.1
[18:34:39]              â”‚       â””â”€â”€ kataglyphis_rustprojecttemplate v0.1.0
[18:34:39]              â””â”€â”€ tract-nnef v0.22.1
[18:34:39]                  â”œâ”€â”€ tract-onnx v0.22.1 (*)
[18:34:39]                  â””â”€â”€ tract-onnx-opl v0.22.1
[18:34:39]                      â””â”€â”€ tract-onnx v0.22.1 (*)
[18:34:39]    â”œ bit-vec v0.8.0
[18:34:39]      â”œâ”€â”€ bit-set v0.8.0
[18:34:39]      â”‚   â”œâ”€â”€ naga v27.0.3
[18:34:39]      â”‚   â”‚   â”œâ”€â”€ wgpu-core v27.0.3
[18:34:39]      â”‚   â”‚   â”‚   â””â”€â”€ wgpu v27.0.1
[18:34:39]      â”‚   â”‚   â”‚       â”œâ”€â”€ egui-wgpu v0.33.3
[18:34:39]      â”‚   â”‚   â”‚       â”‚   â””â”€â”€ kataglyphis_rustprojecttemplate v0.1.0
[18:34:39]      â”‚   â”‚   â”‚       â””â”€â”€ kataglyphis_rustprojecttemplate v0.1.0 (*)
[18:34:39]      â”‚   â”‚   â””â”€â”€ wgpu-hal v27.0.4
[18:34:39]      â”‚   â”‚       â”œâ”€â”€ wgpu v27.0.1 (*)
[18:34:39]      â”‚   â”‚       â”œâ”€â”€ wgpu-core v27.0.3 (*)
[18:34:39]      â”‚   â”‚       â””â”€â”€ wgpu-core-deps-windows-linux-android v27.0.0
[18:34:39]      â”‚   â”‚           â””â”€â”€ wgpu-core v27.0.3 (*)
[18:34:39]      â”‚   â””â”€â”€ wgpu-core v27.0.3 (*)
[18:34:39]      â””â”€â”€ wgpu-core v27.0.3 (*)
[18:34:39] warning[duplicate]: found 2 duplicate entries for crate 'bitflags'
[18:34:39]    â”Œâ”€ C:\workspace/Cargo.lock:35:1
[18:34:39]    â”‚  
[18:34:39] 35 â”‚ â•­ bitflags 1.3.2 registry+https://github.com/rust-lang/crates.io-index
[18:34:39] 36 â”‚ â”‚ bitflags 2.11.0 registry+https://github.com/rust-lang/crates.io-index
[18:34:39]    â”‚ â•°â”€â”€â”€â”€â”€â”€â”€â”€â”€â”€â”€â”€â”€â”€â”€â”€â”€â”€â”€â”€â”€â”€â”€â”€â”€â”€â”€â”€â”€â”€â”€â”€â”€â”€â”€â”€â”€â”€â”€â”€â”€â”€â”€â”€â”€â”€â”€â”€â”€â”€â”€â”€â”€â”€â”€â”€â”€â”€â”€â”€â”€â”€â”€â”€â”€â”€â”€â”€â”€â”˜ lock entries
[18:34:39]    â”‚  
[18:34:39]    â”œ bitflags v1.3.2
[18:34:39]      â””â”€â”€ png v0.17.16
[18:34:39]          â””â”€â”€ image v0.24.9
[18:34:39]              â”œâ”€â”€ plotters v0.3.7
[18:34:39]              â”‚   â””â”€â”€ kataglyphis_rustprojecttemplate v0.1.0
[18:34:39]              â””â”€â”€ plotters-bitmap v0.3.7
[18:34:39]                  â””â”€â”€ plotters v0.3.7 (*)
[18:34:39]    â”œ bitflags v2.11.0
[18:34:39]      â”œâ”€â”€ cairo-rs v0.22.0
[18:34:39]      â”‚   â”œâ”€â”€ gdk4 v0.11.0
[18:34:39]      â”‚   â”‚   â”œâ”€â”€ gsk4 v0.11.0
[18:34:39]      â”‚   â”‚   â”‚   â””â”€â”€ gtk4 v0.11.0
[18:34:39]      â”‚   â”‚   â”‚       â””â”€â”€ kataglyphis_rustprojecttemplate v0.1.0
[18:34:40]      â”‚   â”‚   â””â”€â”€ gtk4 v0.11.0 (*)
[18:34:40]      â”‚   â”œâ”€â”€ gsk4 v0.11.0 (*)
[18:34:40]      â”‚   â””â”€â”€ gtk4 v0.11.0 (*)
[18:34:40]      â”œâ”€â”€ calloop v0.13.0
[18:34:40]      â”‚   â”œâ”€â”€ calloop-wayland-source v0.3.0
[18:34:40]      â”‚   â”‚   â””â”€â”€ smithay-client-toolkit v0.19.2
[18:34:40]      â”‚   â”‚       â”œâ”€â”€ sctk-adwaita v0.10.1
[18:34:40]      â”‚   â”‚       â”‚   â””â”€â”€ winit v0.30.13
[18:34:40]      â”‚   â”‚       â”‚       â”œâ”€â”€ egui-winit v0.33.3
[18:34:40]      â”‚   â”‚       â”‚       â”‚   â””â”€â”€ kataglyphis_rustprojecttemplate v0.1.0 (*)
[18:34:40]      â”‚   â”‚       â”‚       â””â”€â”€ kataglyphis_rustprojecttemplate v0.1.0 (*)
[18:34:40]      â”‚   â”‚       â””â”€â”€ winit v0.30.13 (*)
[18:34:40]      â”‚   â”œâ”€â”€ smithay-client-toolkit v0.19.2 (*)
[18:34:40]      â”‚   â””â”€â”€ winit v0.30.13 (*)
[18:34:40]      â”œâ”€â”€ calloop v0.14.4
[18:34:40]      â”‚   â”œâ”€â”€ calloop-wayland-source v0.4.1
[18:34:40]      â”‚   â”‚   â””â”€â”€ smithay-client-toolkit v0.20.0
[18:34:40]      â”‚   â”‚       â””â”€â”€ smithay-clipboard v0.7.3
[18:34:40]      â”‚   â”‚           â””â”€â”€ egui-winit v0.33.3 (*)
[18:34:40]      â”‚   â””â”€â”€ smithay-client-toolkit v0.20.0 (*)
[18:34:40]      â”œâ”€â”€ cubecl-core v0.9.0
[18:34:40]      â”‚   â””â”€â”€ cubecl v0.9.0
[18:34:40]      â”‚       â””â”€â”€ burn-backend v0.20.1
[18:34:40]      â”‚           â”œâ”€â”€ burn-autodiff v0.20.1
[18:34:40]      â”‚           â”‚   â”œâ”€â”€ burn v0.20.1
[18:34:40]      â”‚           â”‚   â”‚   â””â”€â”€ kataglyphis_rustprojecttemplate v0.1.0 (*)
[18:34:40]      â”‚           â”‚   â”œâ”€â”€ burn-ndarray v0.20.1
[18:34:40]      â”‚           â”‚   â”‚   â”œâ”€â”€ burn v0.20.1 (*)
[18:34:40]      â”‚           â”‚   â”‚   â””â”€â”€ kataglyphis_rustprojecttemplate v0.1.0 (*)
[18:34:40]      â”‚           â”‚   â””â”€â”€ kataglyphis_rustprojecttemplate v0.1.0 (*)
[18:34:40]      â”‚           â”œâ”€â”€ burn-ir v0.20.1
[18:34:40]      â”‚           â”‚   â””â”€â”€ burn-ndarray v0.20.1 (*)
[18:34:40]      â”‚           â”œâ”€â”€ burn-ndarray v0.20.1 (*)
[18:34:40]      â”‚           â””â”€â”€ burn-tensor v0.20.1
[18:34:40]      â”‚               â””â”€â”€ burn-core v0.20.1
[18:34:40]      â”‚                   â”œâ”€â”€ burn v0.20.1 (*)
[18:34:40]      â”‚                   â”œâ”€â”€ burn-nn v0.20.1
[18:34:40]      â”‚                   â”‚   â””â”€â”€ burn v0.20.1 (*)
[18:34:40]      â”‚                   â””â”€â”€ burn-optim v0.20.1
[18:34:40]      â”‚                       â””â”€â”€ burn v0.20.1 (*)
[18:34:40]      â”œâ”€â”€ egui v0.33.3
[18:34:40]      â”‚   â”œâ”€â”€ egui-wgpu v0.33.3
[18:34:40]      â”‚   â”‚   â””â”€â”€ kataglyphis_rustprojecttemplate v0.1.0 (*)
[18:34:40]      â”‚   â”œâ”€â”€ egui-winit v0.33.3 (*)
[18:34:40]      â”‚   â””â”€â”€ kataglyphis_rustprojecttemplate v0.1.0 (*)
[18:34:40]      â”œâ”€â”€ font-kit v0.14.3
[18:34:40]      â”‚   â””â”€â”€ plotters v0.3.7
[18:34:40]      â”‚       â””â”€â”€ kataglyphis_rustprojecttemplate v0.1.0 (*)
[18:34:40]      â”œâ”€â”€ glib v0.22.2
[18:34:40]      â”‚   â”œâ”€â”€ cairo-rs v0.22.0 (*)
[18:34:40]      â”‚   â”œâ”€â”€ gdk-pixbuf v0.22.0
[18:34:40]      â”‚   â”‚   â”œâ”€â”€ gdk4 v0.11.0 (*)
[18:34:40]      â”‚   â”‚   â””â”€â”€ gtk4 v0.11.0 (*)
[18:34:40]      â”‚   â”œâ”€â”€ gdk4 v0.11.0 (*)
[18:34:40]      â”‚   â”œâ”€â”€ gio v0.22.2
[18:34:40]      â”‚   â”‚   â”œâ”€â”€ gdk-pixbuf v0.22.0 (*)
[18:34:40]      â”‚   â”‚   â”œâ”€â”€ gdk4 v0.11.0 (*)
[18:34:40]      â”‚   â”‚   â”œâ”€â”€ gtk4 v0.11.0 (*)
[18:34:40]      â”‚   â”‚   â””â”€â”€ pango v0.22.0
[18:34:40]      â”‚   â”‚       â”œâ”€â”€ gdk4 v0.11.0 (*)
[18:34:40]      â”‚   â”‚       â”œâ”€â”€ gsk4 v0.11.0 (*)
[18:34:40]      â”‚   â”‚       â””â”€â”€ gtk4 v0.11.0 (*)
[18:34:40]      â”‚   â”œâ”€â”€ graphene-rs v0.22.0
[18:34:40]      â”‚   â”‚   â”œâ”€â”€ gsk4 v0.11.0 (*)
[18:34:40]      â”‚   â”‚   â””â”€â”€ gtk4 v0.11.0 (*)
[18:34:40]      â”‚   â”œâ”€â”€ gsk4 v0.11.0 (*)
[18:34:40]      â”‚   â”œâ”€â”€ gstreamer v0.25.1
[18:34:40]      â”‚   â”‚   â”œâ”€â”€ gstreamer-app v0.25.0
[18:34:40]      â”‚   â”‚   â”‚   â””â”€â”€ kataglyphis_rustprojecttemplate v0.1.0 (*)
[18:34:40]      â”‚   â”‚   â”œâ”€â”€ gstreamer-base v0.25.0
[18:34:40]      â”‚   â”‚   â”‚   â””â”€â”€ gstreamer-app v0.25.0 (*)
[18:34:40]      â”‚   â”‚   â””â”€â”€ kataglyphis_rustprojecttemplate v0.1.0 (*)
[18:34:40]      â”‚   â”œâ”€â”€ gstreamer-app v0.25.0 (*)
[18:34:40]      â”‚   â”œâ”€â”€ gstreamer-base v0.25.0 (*)
[18:34:40]      â”‚   â”œâ”€â”€ gtk4 v0.11.0 (*)
[18:34:40]      â”‚   â””â”€â”€ pango v0.22.0 (*)
[18:34:40]      â”œâ”€â”€ gpu-alloc v0.6.0
[18:34:40]      â”‚   â””â”€â”€ wgpu-hal v27.0.4
[18:34:40]      â”‚       â”œâ”€â”€ wgpu v27.0.1
[18:34:40]      â”‚       â”‚   â”œâ”€â”€ egui-wgpu v0.33.3 (*)
[18:34:40]      â”‚       â”‚   â””â”€â”€ kataglyphis_rustprojecttemplate v0.1.0 (*)
[18:34:40]      â”‚       â”œâ”€â”€ wgpu-core v27.0.3
[18:34:40]      â”‚       â”‚   â””â”€â”€ wgpu v27.0.1 (*)
[18:34:40]      â”‚       â””â”€â”€ wgpu-core-deps-windows-linux-android v27.0.0
[18:34:40]      â”‚           â””â”€â”€ wgpu-core v27.0.3 (*)
[18:34:40]      â”œâ”€â”€ gpu-alloc-types v0.3.0
[18:34:40]      â”‚   â””â”€â”€ gpu-alloc v0.6.0 (*)
[18:34:40]      â”œâ”€â”€ gpu-descriptor v0.3.2
[18:34:40]      â”‚   â””â”€â”€ wgpu-hal v27.0.4 (*)
[18:34:40]      â”œâ”€â”€ gpu-descriptor-types v0.2.0
[18:34:40]      â”‚   â””â”€â”€ gpu-descriptor v0.3.2 (*)
[18:34:40]      â”œâ”€â”€ naga v27.0.3
[18:34:40]      â”‚   â”œâ”€â”€ wgpu-core v27.0.3 (*)
[18:34:40]      â”‚   â””â”€â”€ wgpu-hal v27.0.4 (*)
[18:34:40]      â”œâ”€â”€ openssl v0.10.75
[18:34:40]      â”‚   â””â”€â”€ native-tls v0.2.18
[18:34:40]      â”‚       â””â”€â”€ ureq v3.2.0
[18:34:40]      â”‚           â””â”€â”€ (build) ort-sys v2.0.0-rc.12
[18:34:40]      â”‚               â””â”€â”€ ort v2.0.0-rc.12
[18:34:40]      â”‚                   â””â”€â”€ kataglyphis_rustprojecttemplate v0.1.0 (*)
[18:34:40]      â”œâ”€â”€ png v0.18.1
[18:34:40]      â”‚   â””â”€â”€ image v0.25.10
[18:34:40]      â”‚       â””â”€â”€ arboard v3.6.1
[18:34:40]      â”‚           â””â”€â”€ egui-winit v0.33.3 (*)
[18:34:40]      â”œâ”€â”€ rustix v0.38.44
[18:34:40]      â”‚   â”œâ”€â”€ calloop v0.13.0 (*)
[18:34:40]      â”‚   â”œâ”€â”€ calloop-wayland-source v0.3.0 (*)
[18:34:40]      â”‚   â”œâ”€â”€ smithay-client-toolkit v0.19.2 (*)
[18:34:40]      â”‚   â””â”€â”€ winit v0.30.13 (*)
[18:34:40]      â”œâ”€â”€ rustix v1.1.4
[18:34:40]      â”‚   â”œâ”€â”€ calloop v0.14.4 (*)
[18:34:40]      â”‚   â”œâ”€â”€ calloop-wayland-source v0.4.1 (*)
[18:34:40]      â”‚   â”œâ”€â”€ gethostname v1.1.0
[18:34:40]      â”‚   â”‚   â””â”€â”€ x11rb v0.13.2
[18:34:40]      â”‚   â”‚       â”œâ”€â”€ arboard v3.6.1 (*)
[18:34:40]      â”‚   â”‚       â””â”€â”€ winit v0.30.13 (*)
[18:34:40]      â”‚   â”œâ”€â”€ polling v3.11.0
[18:34:40]      â”‚   â”‚   â”œâ”€â”€ calloop v0.13.0 (*)
[18:34:40]      â”‚   â”‚   â””â”€â”€ calloop v0.14.4 (*)
[18:34:40]      â”‚   â”œâ”€â”€ smithay-client-toolkit v0.20.0 (*)
[18:34:40]      â”‚   â”œâ”€â”€ tempfile v3.26.0
[18:34:40]      â”‚   â”‚   â””â”€â”€ kataglyphis_rustprojecttemplate v0.1.0 (*)
[18:34:40]      â”‚   â”œâ”€â”€ wayland-backend v0.3.14
[18:34:40]      â”‚   â”‚   â”œâ”€â”€ calloop-wayland-source v0.3.0 (*)
[18:34:40]      â”‚   â”‚   â”œâ”€â”€ calloop-wayland-source v0.4.1 (*)
[18:34:40]      â”‚   â”‚   â”œâ”€â”€ smithay-client-toolkit v0.19.2 (*)
[18:34:40]      â”‚   â”‚   â”œâ”€â”€ smithay-client-toolkit v0.20.0 (*)
[18:34:40]      â”‚   â”‚   â”œâ”€â”€ smithay-clipboard v0.7.3 (*)
[18:34:40]      â”‚   â”‚   â”œâ”€â”€ wayland-client v0.31.13
[18:34:40]      â”‚   â”‚   â”‚   â”œâ”€â”€ calloop-wayland-source v0.3.0 (*)
[18:34:40]      â”‚   â”‚   â”‚   â”œâ”€â”€ calloop-wayland-source v0.4.1 (*)
[18:34:40]      â”‚   â”‚   â”‚   â”œâ”€â”€ smithay-client-toolkit v0.19.2 (*)
[18:34:40]      â”‚   â”‚   â”‚   â”œâ”€â”€ smithay-client-toolkit v0.20.0 (*)
[18:34:40]      â”‚   â”‚   â”‚   â”œâ”€â”€ wayland-cursor v0.31.13
[18:34:40]      â”‚   â”‚   â”‚   â”‚   â”œâ”€â”€ smithay-client-toolkit v0.19.2 (*)
[18:34:40]      â”‚   â”‚   â”‚   â”‚   â””â”€â”€ smithay-client-toolkit v0.20.0 (*)
[18:34:40]      â”‚   â”‚   â”‚   â”œâ”€â”€ wayland-protocols v0.32.11
[18:34:40]      â”‚   â”‚   â”‚   â”‚   â”œâ”€â”€ smithay-client-toolkit v0.19.2 (*)
[18:34:40]      â”‚   â”‚   â”‚   â”‚   â”œâ”€â”€ smithay-client-toolkit v0.20.0 (*)
[18:34:40]      â”‚   â”‚   â”‚   â”‚   â”œâ”€â”€ wayland-protocols-experimental v20250721.0.1
[18:34:40]      â”‚   â”‚   â”‚   â”‚   â”‚   â””â”€â”€ smithay-client-toolkit v0.20.0 (*)
[18:34:40]      â”‚   â”‚   â”‚   â”‚   â”œâ”€â”€ wayland-protocols-misc v0.3.11
[18:34:40]      â”‚   â”‚   â”‚   â”‚   â”‚   â””â”€â”€ smithay-client-toolkit v0.20.0 (*)
[18:34:40]      â”‚   â”‚   â”‚   â”‚   â”œâ”€â”€ wayland-protocols-plasma v0.3.11
[18:34:40]      â”‚   â”‚   â”‚   â”‚   â”‚   â””â”€â”€ winit v0.30.13 (*)
[18:34:40]      â”‚   â”‚   â”‚   â”‚   â”œâ”€â”€ wayland-protocols-wlr v0.3.11
[18:34:40]      â”‚   â”‚   â”‚   â”‚   â”‚   â”œâ”€â”€ smithay-client-toolkit v0.19.2 (*)
[18:34:40]      â”‚   â”‚   â”‚   â”‚   â”‚   â””â”€â”€ smithay-client-toolkit v0.20.0 (*)
[18:34:40]      â”‚   â”‚   â”‚   â”‚   â””â”€â”€ winit v0.30.13 (*)
[18:34:40]      â”‚   â”‚   â”‚   â”œâ”€â”€ wayland-protocols-experimental v20250721.0.1 (*)
[18:34:40]      â”‚   â”‚   â”‚   â”œâ”€â”€ wayland-protocols-misc v0.3.11 (*)
[18:34:40]      â”‚   â”‚   â”‚   â”œâ”€â”€ wayland-protocols-plasma v0.3.11 (*)
[18:34:40]      â”‚   â”‚   â”‚   â”œâ”€â”€ wayland-protocols-wlr v0.3.11 (*)
[18:34:40]      â”‚   â”‚   â”‚   â””â”€â”€ winit v0.30.13 (*)
[18:34:40]      â”‚   â”‚   â”œâ”€â”€ wayland-csd-frame v0.3.0
[18:34:40]      â”‚   â”‚   â”‚   â”œâ”€â”€ smithay-client-toolkit v0.19.2 (*)
[18:34:40]      â”‚   â”‚   â”‚   â””â”€â”€ smithay-client-toolkit v0.20.0 (*)
[18:34:40]      â”‚   â”‚   â”œâ”€â”€ wayland-protocols v0.32.11 (*)
[18:34:40]      â”‚   â”‚   â”œâ”€â”€ wayland-protocols-experimental v20250721.0.1 (*)
[18:34:40]      â”‚   â”‚   â”œâ”€â”€ wayland-protocols-misc v0.3.11 (*)
[18:34:40]      â”‚   â”‚   â”œâ”€â”€ wayland-protocols-plasma v0.3.11 (*)
[18:34:40]      â”‚   â”‚   â”œâ”€â”€ wayland-protocols-wlr v0.3.11 (*)
[18:34:40]      â”‚   â”‚   â””â”€â”€ winit v0.30.13 (*)
[18:34:40]      â”‚   â”œâ”€â”€ wayland-client v0.31.13 (*)
[18:34:40]      â”‚   â”œâ”€â”€ wayland-cursor v0.31.13 (*)
[18:34:40]      â”‚   â”œâ”€â”€ x11rb v0.13.2 (*)
[18:34:40]      â”‚   â””â”€â”€ xattr v1.6.1
[18:34:40]      â”‚       â””â”€â”€ tar v0.4.44
[18:34:40]      â”‚           â””â”€â”€ tract-nnef v0.22.1
[18:34:40]      â”‚               â”œâ”€â”€ tract-onnx v0.22.1
[18:34:40]      â”‚               â”‚   â””â”€â”€ kataglyphis_rustprojecttemplate v0.1.0 (*)
[18:34:40]      â”‚               â””â”€â”€ tract-onnx-opl v0.22.1
[18:34:40]      â”‚                   â””â”€â”€ tract-onnx v0.22.1 (*)
[18:34:40]      â”œâ”€â”€ smithay-client-toolkit v0.19.2 (*)
[18:34:40]      â”œâ”€â”€ smithay-client-toolkit v0.20.0 (*)
[18:34:40]      â”œâ”€â”€ spirv v0.3.0+sdk-1.3.268.0
[18:34:40]      â”‚   â””â”€â”€ naga v27.0.3 (*)
[18:34:40]      â”œâ”€â”€ wayland-client v0.31.13 (*)
[18:34:40]      â”œâ”€â”€ wayland-csd-frame v0.3.0 (*)
[18:34:40]      â”œâ”€â”€ wayland-protocols v0.32.11 (*)
[18:34:40]      â”œâ”€â”€ wayland-protocols-experimental v20250721.0.1 (*)
[18:34:40]      â”œâ”€â”€ wayland-protocols-misc v0.3.11 (*)
[18:34:40]      â”œâ”€â”€ wayland-protocols-plasma v0.3.11 (*)
[18:34:40]      â”œâ”€â”€ wayland-protocols-wlr v0.3.11 (*)
[18:34:40]      â”œâ”€â”€ wgpu v27.0.1 (*)
[18:34:40]      â”œâ”€â”€ wgpu-core v27.0.3 (*)
[18:34:40]      â”œâ”€â”€ wgpu-hal v27.0.4 (*)
[18:34:40]      â”œâ”€â”€ wgpu-types v27.0.1
[18:34:40]      â”‚   â”œâ”€â”€ wgpu v27.0.1 (*)
[18:34:40]      â”‚   â”œâ”€â”€ wgpu-core v27.0.3 (*)
[18:34:40]      â”‚   â””â”€â”€ wgpu-hal v27.0.4 (*)
[18:34:40]      â”œâ”€â”€ winit v0.30.13 (*)
[18:34:40]      â””â”€â”€ xkbcommon-dl v0.4.2
[18:34:40]          â””â”€â”€ winit v0.30.13 (*)
[18:34:40] warning[duplicate]: found 2 duplicate entries for crate 'calloop'
[18:34:40]    â”Œâ”€ C:\workspace/Cargo.lock:58:1
[18:34:40]    â”‚  
[18:34:40] 58 â”‚ â•­ calloop 0.13.0 registry+https://github.com/rust-lang/crates.io-index
[18:34:40] 59 â”‚ â”‚ calloop 0.14.4 registry+https://github.com/rust-lang/crates.io-index
[18:34:40]    â”‚ â•°â”€â”€â”€â”€â”€â”€â”€â”€â”€â”€â”€â”€â”€â”€â”€â”€â”€â”€â”€â”€â”€â”€â”€â”€â”€â”€â”€â”€â”€â”€â”€â”€â”€â”€â”€â”€â”€â”€â”€â”€â”€â”€â”€â”€â”€â”€â”€â”€â”€â”€â”€â”€â”€â”€â”€â”€â”€â”€â”€â”€â”€â”€â”€â”€â”€â”€â”€â”€â”˜ lock entries
[18:34:40]    â”‚  
[18:34:40]    â”œ calloop v0.13.0
[18:34:40]      â”œâ”€â”€ calloop-wayland-source v0.3.0
[18:34:40]      â”‚   â””â”€â”€ smithay-client-toolkit v0.19.2
[18:34:40]      â”‚       â”œâ”€â”€ sctk-adwaita v0.10.1
[18:34:40]      â”‚       â”‚   â””â”€â”€ winit v0.30.13
[18:34:40]      â”‚       â”‚       â”œâ”€â”€ egui-winit v0.33.3
[18:34:40]      â”‚       â”‚       â”‚   â””â”€â”€ kataglyphis_rustprojecttemplate v0.1.0
[18:34:40]      â”‚       â”‚       â””â”€â”€ kataglyphis_rustprojecttemplate v0.1.0 (*)
[18:34:40]      â”‚       â””â”€â”€ winit v0.30.13 (*)
[18:34:40]      â”œâ”€â”€ smithay-client-toolkit v0.19.2 (*)
[18:34:40]      â””â”€â”€ winit v0.30.13 (*)
[18:34:40]    â”œ calloop v0.14.4
[18:34:40]      â”œâ”€â”€ calloop-wayland-source v0.4.1
[18:34:40]      â”‚   â””â”€â”€ smithay-client-toolkit v0.20.0
[18:34:40]      â”‚       â””â”€â”€ smithay-clipboard v0.7.3
[18:34:40]      â”‚           â””â”€â”€ egui-winit v0.33.3
[18:34:40]      â”‚               â””â”€â”€ kataglyphis_rustprojecttemplate v0.1.0
[18:34:40]      â””â”€â”€ smithay-client-toolkit v0.20.0 (*)
[18:34:40] warning[duplicate]: found 2 duplicate entries for crate 'calloop-wayland-source'
[18:34:40]    â”Œâ”€ C:\workspace/Cargo.lock:60:1
[18:34:40]    â”‚  
[18:34:40] 60 â”‚ â•­ calloop-wayland-source 0.3.0 registry+https://github.com/rust-lang/crates.io-index
[18:34:40] 61 â”‚ â”‚ calloop-wayland-source 0.4.1 registry+https://github.com/rust-lang/crates.io-index
[18:34:40]    â”‚ â•°â”€â”€â”€â”€â”€â”€â”€â”€â”€â”€â”€â”€â”€â”€â”€â”€â”€â”€â”€â”€â”€â”€â”€â”€â”€â”€â”€â”€â”€â”€â”€â”€â”€â”€â”€â”€â”€â”€â”€â”€â”€â”€â”€â”€â”€â”€â”€â”€â”€â”€â”€â”€â”€â”€â”€â”€â”€â”€â”€â”€â”€â”€â”€â”€â”€â”€â”€â”€â”€â”€â”€â”€â”€â”€â”€â”€â”€â”€â”€â”€â”€â”€â”˜ lock entries
[18:34:40]    â”‚  
[18:34:40]    â”œ calloop-wayland-source v0.3.0
[18:34:40]      â””â”€â”€ smithay-client-toolkit v0.19.2
[18:34:40]          â”œâ”€â”€ sctk-adwaita v0.10.1
[18:34:40]          â”‚   â””â”€â”€ winit v0.30.13
[18:34:40]          â”‚       â”œâ”€â”€ egui-winit v0.33.3
[18:34:40]          â”‚       â”‚   â””â”€â”€ kataglyphis_rustprojecttemplate v0.1.0
[18:34:40]          â”‚       â””â”€â”€ kataglyphis_rustprojecttemplate v0.1.0 (*)
[18:34:40]          â””â”€â”€ winit v0.30.13 (*)
[18:34:40]    â”œ calloop-wayland-source v0.4.1
[18:34:40]      â””â”€â”€ smithay-client-toolkit v0.20.0
[18:34:40]          â””â”€â”€ smithay-clipboard v0.7.3
[18:34:40]              â””â”€â”€ egui-winit v0.33.3
[18:34:40]                  â””â”€â”€ kataglyphis_rustprojecttemplate v0.1.0
[18:34:40] warning[duplicate]: found 2 duplicate entries for crate 'codespan-reporting'
[18:34:40]    â”Œâ”€ C:\workspace/Cargo.lock:71:1
[18:34:40]    â”‚  
[18:34:40] 71 â”‚ â•­ codespan-reporting 0.12.0 registry+https://github.com/rust-lang/crates.io-index
[18:34:40] 72 â”‚ â”‚ codespan-reporting 0.13.1 registry+https://github.com/rust-lang/crates.io-index
[18:34:40]    â”‚ â•°â”€â”€â”€â”€â”€â”€â”€â”€â”€â”€â”€â”€â”€â”€â”€â”€â”€â”€â”€â”€â”€â”€â”€â”€â”€â”€â”€â”€â”€â”€â”€â”€â”€â”€â”€â”€â”€â”€â”€â”€â”€â”€â”€â”€â”€â”€â”€â”€â”€â”€â”€â”€â”€â”€â”€â”€â”€â”€â”€â”€â”€â”€â”€â”€â”€â”€â”€â”€â”€â”€â”€â”€â”€â”€â”€â”€â”€â”€â”€â”˜ lock entries
[18:34:40]    â”‚  
[18:34:40]    â”œ codespan-reporting v0.12.0
[18:34:40]      â””â”€â”€ naga v27.0.3
[18:34:40]          â”œâ”€â”€ wgpu-core v27.0.3
[18:34:40]          â”‚   â””â”€â”€ wgpu v27.0.1
[18:34:40]          â”‚       â”œâ”€â”€ egui-wgpu v0.33.3
[18:34:40]          â”‚       â”‚   â””â”€â”€ kataglyphis_rustprojecttemplate v0.1.0
[18:34:40]          â”‚       â””â”€â”€ kataglyphis_rustprojecttemplate v0.1.0 (*)
[18:34:40]          â””â”€â”€ wgpu-hal v27.0.4
[18:34:40]              â”œâ”€â”€ wgpu v27.0.1 (*)
[18:34:40]              â”œâ”€â”€ wgpu-core v27.0.3 (*)
[18:34:40]              â””â”€â”€ wgpu-core-deps-windows-linux-android v27.0.0
[18:34:40]                  â””â”€â”€ wgpu-core v27.0.3 (*)
[18:34:40]    â”œ codespan-reporting v0.13.1
[18:34:40]      â””â”€â”€ cxx-build v1.0.194
[18:34:40]          â””â”€â”€ (build) kataglyphis_rustprojecttemplate v0.1.0
[18:34:40] warning[duplicate]: found 2 duplicate entries for crate 'darling'
[18:34:40]     â”Œâ”€ C:\workspace/Cargo.lock:100:1
[18:34:40]     â”‚  
[18:34:40] 100 â”‚ â•­ darling 0.20.11 registry+https://github.com/rust-lang/crates.io-index
[18:34:40] 101 â”‚ â”‚ darling 0.21.3 registry+https://github.com/rust-lang/crates.io-index
[18:34:40]     â”‚ â•°â”€â”€â”€â”€â”€â”€â”€â”€â”€â”€â”€â”€â”€â”€â”€â”€â”€â”€â”€â”€â”€â”€â”€â”€â”€â”€â”€â”€â”€â”€â”€â”€â”€â”€â”€â”€â”€â”€â”€â”€â”€â”€â”€â”€â”€â”€â”€â”€â”€â”€â”€â”€â”€â”€â”€â”€â”€â”€â”€â”€â”€â”€â”€â”€â”€â”€â”€â”€â”˜ lock entries
[18:34:40]     â”‚  
[18:34:40]     â”œ darling v0.20.11
[18:34:40]       â””â”€â”€ macerator-macros v0.1.4
[18:34:40]           â””â”€â”€ macerator v0.2.10
[18:34:40]               â””â”€â”€ burn-ndarray v0.20.1
[18:34:40]                   â”œâ”€â”€ burn v0.20.1
[18:34:40]                   â”‚   â””â”€â”€ kataglyphis_rustprojecttemplate v0.1.0
[18:34:40]                   â””â”€â”€ kataglyphis_rustprojecttemplate v0.1.0 (*)
[18:34:40]     â”œ darling v0.21.3
[18:34:40]       â”œâ”€â”€ cubecl-macros v0.9.0
[18:34:40]       â”‚   â””â”€â”€ cubecl-core v0.9.0
[18:34:40]       â”‚       â””â”€â”€ cubecl v0.9.0
[18:34:40]       â”‚           â””â”€â”€ burn-backend v0.20.1
[18:34:40]       â”‚               â”œâ”€â”€ burn-autodiff v0.20.1
[18:34:40]       â”‚               â”‚   â”œâ”€â”€ burn v0.20.1
[18:34:40]       â”‚               â”‚   â”‚   â””â”€â”€ kataglyphis_rustprojecttemplate v0.1.0
[18:34:40]       â”‚               â”‚   â”œâ”€â”€ burn-ndarray v0.20.1
[18:34:40]       â”‚               â”‚   â”‚   â”œâ”€â”€ burn v0.20.1 (*)
[18:34:40]       â”‚               â”‚   â”‚   â””â”€â”€ kataglyphis_rustprojecttemplate v0.1.0 (*)
[18:34:40]       â”‚               â”‚   â””â”€â”€ kataglyphis_rustprojecttemplate v0.1.0 (*)
[18:34:40]       â”‚               â”œâ”€â”€ burn-ir v0.20.1
[18:34:40]       â”‚               â”‚   â””â”€â”€ burn-ndarray v0.20.1 (*)
[18:34:40]       â”‚               â”œâ”€â”€ burn-ndarray v0.20.1 (*)
[18:34:40]       â”‚               â””â”€â”€ burn-tensor v0.20.1
[18:34:40]       â”‚                   â””â”€â”€ burn-core v0.20.1
[18:34:40]       â”‚                       â”œâ”€â”€ burn v0.20.1 (*)
[18:34:40]       â”‚                       â”œâ”€â”€ burn-nn v0.20.1
[18:34:40]       â”‚                       â”‚   â””â”€â”€ burn v0.20.1 (*)
[18:34:40]       â”‚                       â””â”€â”€ burn-optim v0.20.1
[18:34:40]       â”‚                           â””â”€â”€ burn v0.20.1 (*)
[18:34:40]       â”œâ”€â”€ cubecl-macros-internal v0.9.0
[18:34:40]       â”‚   â””â”€â”€ cubecl-ir v0.9.0
[18:34:40]       â”‚       â”œâ”€â”€ cubecl v0.9.0 (*)
[18:34:40]       â”‚       â”œâ”€â”€ cubecl-core v0.9.0 (*)
[18:34:40]       â”‚       â””â”€â”€ cubecl-runtime v0.9.0
[18:34:40]       â”‚           â”œâ”€â”€ cubecl v0.9.0 (*)
[18:34:40]       â”‚           â””â”€â”€ cubecl-core v0.9.0 (*)
[18:34:40]       â””â”€â”€ enumset_derive v0.14.0
[18:34:40]           â””â”€â”€ enumset v1.1.10
[18:34:40]               â”œâ”€â”€ cubecl-core v0.9.0 (*)
[18:34:40]               â”œâ”€â”€ cubecl-ir v0.9.0 (*)
[18:34:40]               â””â”€â”€ cubecl-runtime v0.9.0 (*)
[18:34:40] warning[duplicate]: found 2 duplicate entries for crate 'darling_core'
[18:34:40]     â”Œâ”€ C:\workspace/Cargo.lock:102:1
[18:34:40]     â”‚  
[18:34:40] 102 â”‚ â•­ darling_core 0.20.11 registry+https://github.com/rust-lang/crates.io-index
[18:34:40] 103 â”‚ â”‚ darling_core 0.21.3 registry+https://github.com/rust-lang/crates.io-index
[18:34:40]     â”‚ â•°â”€â”€â”€â”€â”€â”€â”€â”€â”€â”€â”€â”€â”€â”€â”€â”€â”€â”€â”€â”€â”€â”€â”€â”€â”€â”€â”€â”€â”€â”€â”€â”€â”€â”€â”€â”€â”€â”€â”€â”€â”€â”€â”€â”€â”€â”€â”€â”€â”€â”€â”€â”€â”€â”€â”€â”€â”€â”€â”€â”€â”€â”€â”€â”€â”€â”€â”€â”€â”€â”€â”€â”€â”€â”˜ lock entries
[18:34:40]     â”‚  
[18:34:40]     â”œ darling_core v0.20.11
[18:34:40]       â”œâ”€â”€ darling v0.20.11
[18:34:40]       â”‚   â””â”€â”€ macerator-macros v0.1.4
[18:34:40]       â”‚       â””â”€â”€ macerator v0.2.10
[18:34:40]       â”‚           â””â”€â”€ burn-ndarray v0.20.1
[18:34:40]       â”‚               â”œâ”€â”€ burn v0.20.1
[18:34:40]       â”‚               â”‚   â””â”€â”€ kataglyphis_rustprojecttemplate v0.1.0
[18:34:40]       â”‚               â””â”€â”€ kataglyphis_rustprojecttemplate v0.1.0 (*)
[18:34:40]       â””â”€â”€ darling_macro v0.20.11
[18:34:40]           â””â”€â”€ darling v0.20.11 (*)
[18:34:40]     â”œ darling_core v0.21.3
[18:34:40]       â”œâ”€â”€ darling v0.21.3
[18:34:40]       â”‚   â”œâ”€â”€ cubecl-macros v0.9.0
[18:34:40]       â”‚   â”‚   â””â”€â”€ cubecl-core v0.9.0
[18:34:40]       â”‚   â”‚       â””â”€â”€ cubecl v0.9.0
[18:34:40]       â”‚   â”‚           â””â”€â”€ burn-backend v0.20.1
[18:34:40]       â”‚   â”‚               â”œâ”€â”€ burn-autodiff v0.20.1
[18:34:40]       â”‚   â”‚               â”‚   â”œâ”€â”€ burn v0.20.1
[18:34:40]       â”‚   â”‚               â”‚   â”‚   â””â”€â”€ kataglyphis_rustprojecttemplate v0.1.0
[18:34:40]       â”‚   â”‚               â”‚   â”œâ”€â”€ burn-ndarray v0.20.1
[18:34:40]       â”‚   â”‚               â”‚   â”‚   â”œâ”€â”€ burn v0.20.1 (*)
[18:34:40]       â”‚   â”‚               â”‚   â”‚   â””â”€â”€ kataglyphis_rustprojecttemplate v0.1.0 (*)
[18:34:40]       â”‚   â”‚               â”‚   â””â”€â”€ kataglyphis_rustprojecttemplate v0.1.0 (*)
[18:34:40]       â”‚   â”‚               â”œâ”€â”€ burn-ir v0.20.1
[18:34:40]       â”‚   â”‚               â”‚   â””â”€â”€ burn-ndarray v0.20.1 (*)
[18:34:40]       â”‚   â”‚               â”œâ”€â”€ burn-ndarray v0.20.1 (*)
[18:34:40]       â”‚   â”‚               â””â”€â”€ burn-tensor v0.20.1
[18:34:40]       â”‚   â”‚                   â””â”€â”€ burn-core v0.20.1
[18:34:40]       â”‚   â”‚                       â”œâ”€â”€ burn v0.20.1 (*)
[18:34:40]       â”‚   â”‚                       â”œâ”€â”€ burn-nn v0.20.1
[18:34:40]       â”‚   â”‚                       â”‚   â””â”€â”€ burn v0.20.1 (*)
[18:34:40]       â”‚   â”‚                       â””â”€â”€ burn-optim v0.20.1
[18:34:40]       â”‚   â”‚                           â””â”€â”€ burn v0.20.1 (*)
[18:34:40]       â”‚   â”œâ”€â”€ cubecl-macros-internal v0.9.0
[18:34:40]       â”‚   â”‚   â””â”€â”€ cubecl-ir v0.9.0
[18:34:40]       â”‚   â”‚       â”œâ”€â”€ cubecl v0.9.0 (*)
[18:34:40]       â”‚   â”‚       â”œâ”€â”€ cubecl-core v0.9.0 (*)
[18:34:40]       â”‚   â”‚       â””â”€â”€ cubecl-runtime v0.9.0
[18:34:40]       â”‚   â”‚           â”œâ”€â”€ cubecl v0.9.0 (*)
[18:34:40]       â”‚   â”‚           â””â”€â”€ cubecl-core v0.9.0 (*)
[18:34:40]       â”‚   â””â”€â”€ enumset_derive v0.14.0
[18:34:40]       â”‚       â””â”€â”€ enumset v1.1.10
[18:34:40]       â”‚           â”œâ”€â”€ cubecl-core v0.9.0 (*)
[18:34:40]       â”‚           â”œâ”€â”€ cubecl-ir v0.9.0 (*)
[18:34:40]       â”‚           â””â”€â”€ cubecl-runtime v0.9.0 (*)
[18:34:40]       â””â”€â”€ darling_macro v0.21.3
[18:34:40]           â””â”€â”€ darling v0.21.3 (*)
[18:34:40] warning[duplicate]: found 2 duplicate entries for crate 'darling_macro'
[18:34:40]     â”Œâ”€ C:\workspace/Cargo.lock:104:1
[18:34:40]     â”‚  
[18:34:40] 104 â”‚ â•­ darling_macro 0.20.11 registry+https://github.com/rust-lang/crates.io-index
[18:34:40] 105 â”‚ â”‚ darling_macro 0.21.3 registry+https://github.com/rust-lang/crates.io-index
[18:34:40]     â”‚ â•°â”€â”€â”€â”€â”€â”€â”€â”€â”€â”€â”€â”€â”€â”€â”€â”€â”€â”€â”€â”€â”€â”€â”€â”€â”€â”€â”€â”€â”€â”€â”€â”€â”€â”€â”€â”€â”€â”€â”€â”€â”€â”€â”€â”€â”€â”€â”€â”€â”€â”€â”€â”€â”€â”€â”€â”€â”€â”€â”€â”€â”€â”€â”€â”€â”€â”€â”€â”€â”€â”€â”€â”€â”€â”€â”˜ lock entries
[18:34:40]     â”‚  
[18:34:40]     â”œ darling_macro v0.20.11
[18:34:40]       â””â”€â”€ darling v0.20.11
[18:34:40]           â””â”€â”€ macerator-macros v0.1.4
[18:34:40]               â””â”€â”€ macerator v0.2.10
[18:34:40]                   â””â”€â”€ burn-ndarray v0.20.1
[18:34:40]                       â”œâ”€â”€ burn v0.20.1
[18:34:40]                       â”‚   â””â”€â”€ kataglyphis_rustprojecttemplate v0.1.0
[18:34:40]                       â””â”€â”€ kataglyphis_rustprojecttemplate v0.1.0 (*)
[18:34:40]     â”œ darling_macro v0.21.3
[18:34:40]       â””â”€â”€ darling v0.21.3
[18:34:40]           â”œâ”€â”€ cubecl-macros v0.9.0
[18:34:40]           â”‚   â””â”€â”€ cubecl-core v0.9.0
[18:34:40]           â”‚       â””â”€â”€ cubecl v0.9.0
[18:34:40]           â”‚           â””â”€â”€ burn-backend v0.20.1
[18:34:40]           â”‚               â”œâ”€â”€ burn-autodiff v0.20.1
[18:34:40]           â”‚               â”‚   â”œâ”€â”€ burn v0.20.1
[18:34:40]           â”‚               â”‚   â”‚   â””â”€â”€ kataglyphis_rustprojecttemplate v0.1.0
[18:34:40]           â”‚               â”‚   â”œâ”€â”€ burn-ndarray v0.20.1
[18:34:40]           â”‚               â”‚   â”‚   â”œâ”€â”€ burn v0.20.1 (*)
[18:34:40]           â”‚               â”‚   â”‚   â””â”€â”€ kataglyphis_rustprojecttemplate v0.1.0 (*)
[18:34:40]           â”‚               â”‚   â””â”€â”€ kataglyphis_rustprojecttemplate v0.1.0 (*)
[18:34:40]           â”‚               â”œâ”€â”€ burn-ir v0.20.1
[18:34:40]           â”‚               â”‚   â””â”€â”€ burn-ndarray v0.20.1 (*)
[18:34:40]           â”‚               â”œâ”€â”€ burn-ndarray v0.20.1 (*)
[18:34:40]           â”‚               â””â”€â”€ burn-tensor v0.20.1
[18:34:40]           â”‚                   â””â”€â”€ burn-core v0.20.1
[18:34:40]           â”‚                       â”œâ”€â”€ burn v0.20.1 (*)
[18:34:40]           â”‚                       â”œâ”€â”€ burn-nn v0.20.1
[18:34:40]           â”‚                       â”‚   â””â”€â”€ burn v0.20.1 (*)
[18:34:40]           â”‚                       â””â”€â”€ burn-optim v0.20.1
[18:34:40]           â”‚                           â””â”€â”€ burn v0.20.1 (*)
[18:34:40]           â”œâ”€â”€ cubecl-macros-internal v0.9.0
[18:34:40]           â”‚   â””â”€â”€ cubecl-ir v0.9.0
[18:34:40]           â”‚       â”œâ”€â”€ cubecl v0.9.0 (*)
[18:34:40]           â”‚       â”œâ”€â”€ cubecl-core v0.9.0 (*)
[18:34:40]           â”‚       â””â”€â”€ cubecl-runtime v0.9.0
[18:34:40]           â”‚           â”œâ”€â”€ cubecl v0.9.0 (*)
[18:34:40]           â”‚           â””â”€â”€ cubecl-core v0.9.0 (*)
[18:34:40]           â””â”€â”€ enumset_derive v0.14.0
[18:34:40]               â””â”€â”€ enumset v1.1.10
[18:34:40]                   â”œâ”€â”€ cubecl-core v0.9.0 (*)
[18:34:40]                   â”œâ”€â”€ cubecl-ir v0.9.0 (*)
[18:34:40]                   â””â”€â”€ cubecl-runtime v0.9.0 (*)
[18:34:40] warning[duplicate]: found 2 duplicate entries for crate 'derive-new'
[18:34:40]     â”Œâ”€ C:\workspace/Cargo.lock:111:1
[18:34:40]     â”‚  
[18:34:40] 111 â”‚ â•­ derive-new 0.5.9 registry+https://github.com/rust-lang/crates.io-index
[18:34:40] 112 â”‚ â”‚ derive-new 0.7.0 registry+https://github.com/rust-lang/crates.io-index
[18:34:40]     â”‚ â•°â”€â”€â”€â”€â”€â”€â”€â”€â”€â”€â”€â”€â”€â”€â”€â”€â”€â”€â”€â”€â”€â”€â”€â”€â”€â”€â”€â”€â”€â”€â”€â”€â”€â”€â”€â”€â”€â”€â”€â”€â”€â”€â”€â”€â”€â”€â”€â”€â”€â”€â”€â”€â”€â”€â”€â”€â”€â”€â”€â”€â”€â”€â”€â”€â”€â”€â”€â”€â”€â”€â”˜ lock entries
[18:34:40]     â”‚  
[18:34:40]     â”œ derive-new v0.5.9
[18:34:40]       â”œâ”€â”€ tract-core v0.22.1
[18:34:40]       â”‚   â”œâ”€â”€ tract-hir v0.22.1
[18:34:40]       â”‚   â”‚   â””â”€â”€ tract-onnx v0.22.1
[18:34:40]       â”‚   â”‚       â””â”€â”€ kataglyphis_rustprojecttemplate v0.1.0
[18:34:40]       â”‚   â””â”€â”€ tract-nnef v0.22.1
[18:34:40]       â”‚       â”œâ”€â”€ tract-onnx v0.22.1 (*)
[18:34:40]       â”‚       â””â”€â”€ tract-onnx-opl v0.22.1
[18:34:40]       â”‚           â””â”€â”€ tract-onnx v0.22.1 (*)
[18:34:40]       â”œâ”€â”€ tract-hir v0.22.1 (*)
[18:34:40]       â”œâ”€â”€ tract-linalg v0.22.1
[18:34:40]       â”‚   â””â”€â”€ tract-core v0.22.1 (*)
[18:34:40]       â””â”€â”€ tract-onnx v0.22.1 (*)
[18:34:40]     â”œ derive-new v0.7.0
[18:34:40]       â”œâ”€â”€ burn-autodiff v0.20.1
[18:34:40]       â”‚   â”œâ”€â”€ burn v0.20.1
[18:34:40]       â”‚   â”‚   â””â”€â”€ kataglyphis_rustprojecttemplate v0.1.0
[18:34:40]       â”‚   â”œâ”€â”€ burn-ndarray v0.20.1
[18:34:40]       â”‚   â”‚   â”œâ”€â”€ burn v0.20.1 (*)
[18:34:40]       â”‚   â”‚   â””â”€â”€ kataglyphis_rustprojecttemplate v0.1.0 (*)
[18:34:40]       â”‚   â””â”€â”€ kataglyphis_rustprojecttemplate v0.1.0 (*)
[18:34:40]       â”œâ”€â”€ burn-backend v0.20.1
[18:34:40]       â”‚   â”œâ”€â”€ burn-autodiff v0.20.1 (*)
[18:34:40]       â”‚   â”œâ”€â”€ burn-ir v0.20.1
[18:34:40]       â”‚   â”‚   â””â”€â”€ burn-ndarray v0.20.1 (*)
[18:34:40]       â”‚   â”œâ”€â”€ burn-ndarray v0.20.1 (*)
[18:34:40]       â”‚   â””â”€â”€ burn-tensor v0.20.1
[18:34:40]       â”‚       â””â”€â”€ burn-core v0.20.1
[18:34:40]       â”‚           â”œâ”€â”€ burn v0.20.1 (*)
[18:34:40]       â”‚           â”œâ”€â”€ burn-nn v0.20.1
[18:34:40]       â”‚           â”‚   â””â”€â”€ burn v0.20.1 (*)
[18:34:40]       â”‚           â””â”€â”€ burn-optim v0.20.1
[18:34:40]       â”‚               â””â”€â”€ burn v0.20.1 (*)
[18:34:40]       â”œâ”€â”€ burn-core v0.20.1 (*)
[18:34:40]       â”œâ”€â”€ burn-derive v0.20.1
[18:34:40]       â”‚   â””â”€â”€ burn-core v0.20.1 (*)
[18:34:40]       â”œâ”€â”€ burn-optim v0.20.1 (*)
[18:34:40]       â”œâ”€â”€ burn-tensor v0.20.1 (*)
[18:34:40]       â”œâ”€â”€ cubecl-common v0.9.0
[18:34:40]       â”‚   â”œâ”€â”€ burn-std v0.20.1
[18:34:40]       â”‚   â”‚   â”œâ”€â”€ burn-autodiff v0.20.1 (*)
[18:34:40]       â”‚   â”‚   â”œâ”€â”€ burn-backend v0.20.1 (*)
[18:34:40]       â”‚   â”‚   â”œâ”€â”€ burn-core v0.20.1 (*)
[18:34:40]       â”‚   â”‚   â”œâ”€â”€ burn-ndarray v0.20.1 (*)
[18:34:40]       â”‚   â”‚   â””â”€â”€ burn-tensor v0.20.1 (*)
[18:34:40]       â”‚   â”œâ”€â”€ cubecl-core v0.9.0
[18:34:40]       â”‚   â”‚   â””â”€â”€ cubecl v0.9.0
[18:34:40]       â”‚   â”‚       â””â”€â”€ burn-backend v0.20.1 (*)
[18:34:40]       â”‚   â”œâ”€â”€ cubecl-ir v0.9.0
[18:34:40]       â”‚   â”‚   â”œâ”€â”€ cubecl v0.9.0 (*)
[18:34:40]       â”‚   â”‚   â”œâ”€â”€ cubecl-core v0.9.0 (*)
[18:34:40]       â”‚   â”‚   â””â”€â”€ cubecl-runtime v0.9.0
[18:34:40]       â”‚   â”‚       â”œâ”€â”€ cubecl v0.9.0 (*)
[18:34:40]       â”‚   â”‚       â””â”€â”€ cubecl-core v0.9.0 (*)
[18:34:40]       â”‚   â”œâ”€â”€ cubecl-macros v0.9.0
[18:34:40]       â”‚   â”‚   â””â”€â”€ cubecl-core v0.9.0 (*)
[18:34:40]       â”‚   â””â”€â”€ cubecl-runtime v0.9.0 (*)
[18:34:40]       â”œâ”€â”€ cubecl-core v0.9.0 (*)
[18:34:40]       â”œâ”€â”€ cubecl-ir v0.9.0 (*)
[18:34:40]       â”œâ”€â”€ cubecl-macros v0.9.0 (*)
[18:34:40]       â””â”€â”€ cubecl-runtime v0.9.0 (*)
[18:34:40] warning[duplicate]: found 2 duplicate entries for crate 'foldhash'
[18:34:40]     â”Œâ”€ C:\workspace/Cargo.lock:155:1
[18:34:40]     â”‚  
[18:34:40] 155 â”‚ â•­ foldhash 0.1.5 registry+https://github.com/rust-lang/crates.io-index
[18:34:40] 156 â”‚ â”‚ foldhash 0.2.0 registry+https://github.com/rust-lang/crates.io-index
[18:34:40]     â”‚ â•°â”€â”€â”€â”€â”€â”€â”€â”€â”€â”€â”€â”€â”€â”€â”€â”€â”€â”€â”€â”€â”€â”€â”€â”€â”€â”€â”€â”€â”€â”€â”€â”€â”€â”€â”€â”€â”€â”€â”€â”€â”€â”€â”€â”€â”€â”€â”€â”€â”€â”€â”€â”€â”€â”€â”€â”€â”€â”€â”€â”€â”€â”€â”€â”€â”€â”€â”€â”€â”˜ lock entries
[18:34:40]     â”‚  
[18:34:40]     â”œ foldhash v0.1.5
[18:34:40]       â”œâ”€â”€ cubecl-runtime v0.9.0
[18:34:40]       â”‚   â”œâ”€â”€ cubecl v0.9.0
[18:34:40]       â”‚   â”‚   â””â”€â”€ burn-backend v0.20.1
[18:34:40]       â”‚   â”‚       â”œâ”€â”€ burn-autodiff v0.20.1
[18:34:40]       â”‚   â”‚       â”‚   â”œâ”€â”€ burn v0.20.1
[18:34:40]       â”‚   â”‚       â”‚   â”‚   â””â”€â”€ kataglyphis_rustprojecttemplate v0.1.0
[18:34:40]       â”‚   â”‚       â”‚   â”œâ”€â”€ burn-ndarray v0.20.1
[18:34:40]       â”‚   â”‚       â”‚   â”‚   â”œâ”€â”€ burn v0.20.1 (*)
[18:34:40]       â”‚   â”‚       â”‚   â”‚   â””â”€â”€ kataglyphis_rustprojecttemplate v0.1.0 (*)
[18:34:40]       â”‚   â”‚       â”‚   â””â”€â”€ kataglyphis_rustprojecttemplate v0.1.0 (*)
[18:34:40]       â”‚   â”‚       â”œâ”€â”€ burn-ir v0.20.1
[18:34:40]       â”‚   â”‚       â”‚   â””â”€â”€ burn-ndarray v0.20.1 (*)
[18:34:40]       â”‚   â”‚       â”œâ”€â”€ burn-ndarray v0.20.1 (*)
[18:34:40]       â”‚   â”‚       â””â”€â”€ burn-tensor v0.20.1
[18:34:40]       â”‚   â”‚           â””â”€â”€ burn-core v0.20.1
[18:34:40]       â”‚   â”‚               â”œâ”€â”€ burn v0.20.1 (*)
[18:34:40]       â”‚   â”‚               â”œâ”€â”€ burn-nn v0.20.1
[18:34:40]       â”‚   â”‚               â”‚   â””â”€â”€ burn v0.20.1 (*)
[18:34:40]       â”‚   â”‚               â””â”€â”€ burn-optim v0.20.1
[18:34:40]       â”‚   â”‚                   â””â”€â”€ burn v0.20.1 (*)
[18:34:40]       â”‚   â””â”€â”€ cubecl-core v0.9.0
[18:34:40]       â”‚       â””â”€â”€ cubecl v0.9.0 (*)
[18:34:40]       â””â”€â”€ hashbrown v0.15.5
[18:34:40]           â”œâ”€â”€ cubecl-common v0.9.0
[18:34:40]           â”‚   â”œâ”€â”€ burn-std v0.20.1
[18:34:40]           â”‚   â”‚   â”œâ”€â”€ burn-autodiff v0.20.1 (*)
[18:34:40]           â”‚   â”‚   â”œâ”€â”€ burn-backend v0.20.1 (*)
[18:34:40]           â”‚   â”‚   â”œâ”€â”€ burn-core v0.20.1 (*)
[18:34:40]           â”‚   â”‚   â”œâ”€â”€ burn-ndarray v0.20.1 (*)
[18:34:40]           â”‚   â”‚   â””â”€â”€ burn-tensor v0.20.1 (*)
[18:34:40]           â”‚   â”œâ”€â”€ cubecl-core v0.9.0 (*)
[18:34:40]           â”‚   â”œâ”€â”€ cubecl-ir v0.9.0
[18:34:40]           â”‚   â”‚   â”œâ”€â”€ cubecl v0.9.0 (*)
[18:34:40]           â”‚   â”‚   â”œâ”€â”€ cubecl-core v0.9.0 (*)
[18:34:40]           â”‚   â”‚   â””â”€â”€ cubecl-runtime v0.9.0 (*)
[18:34:40]           â”‚   â”œâ”€â”€ cubecl-macros v0.9.0
[18:34:40]           â”‚   â”‚   â””â”€â”€ cubecl-core v0.9.0 (*)
[18:34:40]           â”‚   â””â”€â”€ cubecl-runtime v0.9.0 (*)
[18:34:40]           â”œâ”€â”€ cubecl-core v0.9.0 (*)
[18:34:40]           â”œâ”€â”€ cubecl-ir v0.9.0 (*)
[18:34:40]           â”œâ”€â”€ cubecl-runtime v0.9.0 (*)
[18:34:40]           â””â”€â”€ gpu-descriptor v0.3.2
[18:34:40]               â””â”€â”€ wgpu-hal v27.0.4
[18:34:40]                   â”œâ”€â”€ wgpu v27.0.1
[18:34:40]                   â”‚   â”œâ”€â”€ egui-wgpu v0.33.3
[18:34:40]                   â”‚   â”‚   â””â”€â”€ kataglyphis_rustprojecttemplate v0.1.0 (*)
[18:34:40]                   â”‚   â””â”€â”€ kataglyphis_rustprojecttemplate v0.1.0 (*)
[18:34:40]                   â”œâ”€â”€ wgpu-core v27.0.3
[18:34:40]                   â”‚   â””â”€â”€ wgpu v27.0.1 (*)
[18:34:40]                   â””â”€â”€ wgpu-core-deps-windows-linux-android v27.0.0
[18:34:40]                       â””â”€â”€ wgpu-core v27.0.3 (*)
[18:34:40]     â”œ foldhash v0.2.0
[18:34:40]       â”œâ”€â”€ cxx v1.0.194
[18:34:40]       â”‚   â””â”€â”€ kataglyphis_rustprojecttemplate v0.1.0
[18:34:40]       â””â”€â”€ hashbrown v0.16.1
[18:34:40]           â”œâ”€â”€ burn-autodiff v0.20.1
[18:34:40]           â”‚   â”œâ”€â”€ burn v0.20.1
[18:34:40]           â”‚   â”‚   â””â”€â”€ kataglyphis_rustprojecttemplate v0.1.0 (*)
[18:34:40]           â”‚   â”œâ”€â”€ burn-ndarray v0.20.1
[18:34:40]           â”‚   â”‚   â”œâ”€â”€ burn v0.20.1 (*)
[18:34:40]           â”‚   â”‚   â””â”€â”€ kataglyphis_rustprojecttemplate v0.1.0 (*)
[18:34:40]           â”‚   â””â”€â”€ kataglyphis_rustprojecttemplate v0.1.0 (*)
[18:34:40]           â”œâ”€â”€ burn-backend v0.20.1
[18:34:40]           â”‚   â”œâ”€â”€ burn-autodiff v0.20.1 (*)
[18:34:40]           â”‚   â”œâ”€â”€ burn-ir v0.20.1
[18:34:40]           â”‚   â”‚   â””â”€â”€ burn-ndarray v0.20.1 (*)
[18:34:40]           â”‚   â”œâ”€â”€ burn-ndarray v0.20.1 (*)
[18:34:40]           â”‚   â””â”€â”€ burn-tensor v0.20.1
[18:34:40]           â”‚       â””â”€â”€ burn-core v0.20.1
[18:34:40]           â”‚           â”œâ”€â”€ burn v0.20.1 (*)
[18:34:40]           â”‚           â”œâ”€â”€ burn-nn v0.20.1
[18:34:40]           â”‚           â”‚   â””â”€â”€ burn v0.20.1 (*)
[18:34:40]           â”‚           â””â”€â”€ burn-optim v0.20.1
[18:34:40]           â”‚               â””â”€â”€ burn v0.20.1 (*)
[18:34:40]           â”œâ”€â”€ burn-core v0.20.1 (*)
[18:34:40]           â”œâ”€â”€ burn-ir v0.20.1 (*)
[18:34:40]           â”œâ”€â”€ burn-optim v0.20.1 (*)
[18:34:40]           â”œâ”€â”€ indexmap v2.13.0
[18:34:40]           â”‚   â”œâ”€â”€ cxx-build v1.0.194
[18:34:40]           â”‚   â”‚   â””â”€â”€ (build) kataglyphis_rustprojecttemplate v0.1.0 (*)
[18:34:40]           â”‚   â”œâ”€â”€ cxxbridge-macro v1.0.194
[18:34:40]           â”‚   â”‚   â””â”€â”€ cxx v1.0.194 (*)
[18:34:40]           â”‚   â”œâ”€â”€ naga v27.0.3
[18:34:40]           â”‚   â”‚   â”œâ”€â”€ wgpu-core v27.0.3
[18:34:40]           â”‚   â”‚   â”‚   â””â”€â”€ wgpu v27.0.1
[18:34:40]           â”‚   â”‚   â”‚       â”œâ”€â”€ egui-wgpu v0.33.3
[18:34:40]           â”‚   â”‚   â”‚       â”‚   â””â”€â”€ kataglyphis_rustprojecttemplate v0.1.0 (*)
[18:34:40]           â”‚   â”‚   â”‚       â””â”€â”€ kataglyphis_rustprojecttemplate v0.1.0 (*)
[18:34:40]           â”‚   â”‚   â””â”€â”€ wgpu-hal v27.0.4
[18:34:40]           â”‚   â”‚       â”œâ”€â”€ wgpu v27.0.1 (*)
[18:34:40]           â”‚   â”‚       â”œâ”€â”€ wgpu-core v27.0.3 (*)
[18:34:40]           â”‚   â”‚       â””â”€â”€ wgpu-core-deps-windows-linux-android v27.0.0
[18:34:40]           â”‚   â”‚           â””â”€â”€ wgpu-core v27.0.3 (*)
[18:34:40]           â”‚   â”œâ”€â”€ toml_edit v0.25.4+spec-1.1.0
[18:34:40]           â”‚   â”‚   â””â”€â”€ proc-macro-crate v3.5.0
[18:34:40]           â”‚   â”‚       â””â”€â”€ gtk4-macros v0.11.0
[18:34:40]           â”‚   â”‚           â””â”€â”€ gtk4 v0.11.0
[18:34:40]           â”‚   â”‚               â””â”€â”€ kataglyphis_rustprojecttemplate v0.1.0 (*)
[18:34:40]           â”‚   â””â”€â”€ wgpu-core v27.0.3 (*)
[18:34:40]           â”œâ”€â”€ naga v27.0.3 (*)
[18:34:40]           â”œâ”€â”€ wgpu v27.0.1 (*)
[18:34:40]           â”œâ”€â”€ wgpu-core v27.0.3 (*)
[18:34:40]           â””â”€â”€ wgpu-hal v27.0.4 (*)
[18:34:40] warning[duplicate]: found 3 duplicate entries for crate 'getrandom'
[18:34:40]     â”Œâ”€ C:\workspace/Cargo.lock:178:1
[18:34:40]     â”‚  
[18:34:40] 178 â”‚ â•­ getrandom 0.2.17 registry+https://github.com/rust-lang/crates.io-index
[18:34:40] 179 â”‚ â”‚ getrandom 0.3.4 registry+https://github.com/rust-lang/crates.io-index
[18:34:40] 180 â”‚ â”‚ getrandom 0.4.2 registry+https://github.com/rust-lang/crates.io-index
[18:34:40]     â”‚ â•°â”€â”€â”€â”€â”€â”€â”€â”€â”€â”€â”€â”€â”€â”€â”€â”€â”€â”€â”€â”€â”€â”€â”€â”€â”€â”€â”€â”€â”€â”€â”€â”€â”€â”€â”€â”€â”€â”€â”€â”€â”€â”€â”€â”€â”€â”€â”€â”€â”€â”€â”€â”€â”€â”€â”€â”€â”€â”€â”€â”€â”€â”€â”€â”€â”€â”€â”€â”€â”€â”˜ lock entries
[18:34:40]     â”‚  
[18:34:40]     â”œ getrandom v0.2.17
[18:34:40]       â”œâ”€â”€ const-random-macro v0.1.16
[18:34:40]       â”‚   â””â”€â”€ const-random v0.1.18
[18:34:40]       â”‚       â””â”€â”€ burn-ndarray v0.20.1
[18:34:40]       â”‚           â”œâ”€â”€ burn v0.20.1
[18:34:40]       â”‚           â”‚   â””â”€â”€ kataglyphis_rustprojecttemplate v0.1.0
[18:34:40]       â”‚           â””â”€â”€ kataglyphis_rustprojecttemplate v0.1.0 (*)
[18:34:40]       â”œâ”€â”€ rand_core v0.6.4
[18:34:40]       â”‚   â”œâ”€â”€ rand v0.8.5
[18:34:40]       â”‚   â”‚   â”œâ”€â”€ rand_distr v0.4.3
[18:34:40]       â”‚   â”‚   â”‚   â””â”€â”€ tract-onnx-opl v0.22.1
[18:34:40]       â”‚   â”‚   â”‚       â””â”€â”€ tract-onnx v0.22.1
[18:34:40]       â”‚   â”‚   â”‚           â””â”€â”€ kataglyphis_rustprojecttemplate v0.1.0 (*)
[18:34:40]       â”‚   â”‚   â””â”€â”€ tract-onnx-opl v0.22.1 (*)
[18:34:40]       â”‚   â””â”€â”€ rand_chacha v0.3.1
[18:34:40]       â”‚       â””â”€â”€ rand v0.8.5 (*)
[18:34:40]       â””â”€â”€ tract-onnx-opl v0.22.1 (*)
[18:34:40]     â”œ getrandom v0.3.4
[18:34:40]       â”œâ”€â”€ ahash v0.8.12
[18:34:40]       â”‚   â”œâ”€â”€ burn-core v0.20.1
[18:34:40]       â”‚   â”‚   â”œâ”€â”€ burn v0.20.1
[18:34:40]       â”‚   â”‚   â”‚   â””â”€â”€ kataglyphis_rustprojecttemplate v0.1.0
[18:34:40]       â”‚   â”‚   â”œâ”€â”€ burn-nn v0.20.1
[18:34:40]       â”‚   â”‚   â”‚   â””â”€â”€ burn v0.20.1 (*)
[18:34:40]       â”‚   â”‚   â””â”€â”€ burn-optim v0.20.1
[18:34:40]       â”‚   â”‚       â””â”€â”€ burn v0.20.1 (*)
[18:34:40]       â”‚   â”œâ”€â”€ egui v0.33.3
[18:34:40]       â”‚   â”‚   â”œâ”€â”€ egui-wgpu v0.33.3
[18:34:40]       â”‚   â”‚   â”‚   â””â”€â”€ kataglyphis_rustprojecttemplate v0.1.0 (*)
[18:34:40]       â”‚   â”‚   â”œâ”€â”€ egui-winit v0.33.3
[18:34:40]       â”‚   â”‚   â”‚   â””â”€â”€ kataglyphis_rustprojecttemplate v0.1.0 (*)
[18:34:40]       â”‚   â”‚   â””â”€â”€ kataglyphis_rustprojecttemplate v0.1.0 (*)
[18:34:40]       â”‚   â”œâ”€â”€ egui-wgpu v0.33.3 (*)
[18:34:40]       â”‚   â”œâ”€â”€ epaint v0.33.3
[18:34:40]       â”‚   â”‚   â”œâ”€â”€ egui v0.33.3 (*)
[18:34:40]       â”‚   â”‚   â””â”€â”€ egui-wgpu v0.33.3 (*)
[18:34:40]       â”‚   â”œâ”€â”€ hashbrown v0.14.5
[18:34:40]       â”‚   â”‚   â””â”€â”€ string-interner v0.15.0
[18:34:40]       â”‚   â”‚       â””â”€â”€ tract-data v0.22.1
[18:34:40]       â”‚   â”‚           â”œâ”€â”€ tract-core v0.22.1
[18:34:40]       â”‚   â”‚           â”‚   â”œâ”€â”€ tract-hir v0.22.1
[18:34:40]       â”‚   â”‚           â”‚   â”‚   â””â”€â”€ tract-onnx v0.22.1
[18:34:40]       â”‚   â”‚           â”‚   â”‚       â””â”€â”€ kataglyphis_rustprojecttemplate v0.1.0 (*)
[18:34:40]       â”‚   â”‚           â”‚   â””â”€â”€ tract-nnef v0.22.1
[18:34:40]       â”‚   â”‚           â”‚       â”œâ”€â”€ tract-onnx v0.22.1 (*)
[18:34:40]       â”‚   â”‚           â”‚       â””â”€â”€ tract-onnx-opl v0.22.1
[18:34:40]       â”‚   â”‚           â”‚           â””â”€â”€ tract-onnx v0.22.1 (*)
[18:34:40]       â”‚   â”‚           â””â”€â”€ tract-linalg v0.22.1
[18:34:40]       â”‚   â”‚               â””â”€â”€ tract-core v0.22.1 (*)
[18:34:40]       â”‚   â””â”€â”€ winit v0.30.13
[18:34:40]       â”‚       â”œâ”€â”€ egui-winit v0.33.3 (*)
[18:34:40]       â”‚       â””â”€â”€ kataglyphis_rustprojecttemplate v0.1.0 (*)
[18:34:40]       â””â”€â”€ rand_core v0.9.5
[18:34:40]           â”œâ”€â”€ rand v0.9.2
[18:34:40]           â”‚   â”œâ”€â”€ burn-backend v0.20.1
[18:34:40]           â”‚   â”‚   â”œâ”€â”€ burn-autodiff v0.20.1
[18:34:40]           â”‚   â”‚   â”‚   â”œâ”€â”€ burn v0.20.1 (*)
[18:34:40]           â”‚   â”‚   â”‚   â”œâ”€â”€ burn-ndarray v0.20.1
[18:34:40]           â”‚   â”‚   â”‚   â”‚   â”œâ”€â”€ burn v0.20.1 (*)
[18:34:40]           â”‚   â”‚   â”‚   â”‚   â””â”€â”€ kataglyphis_rustprojecttemplate v0.1.0 (*)
[18:34:40]           â”‚   â”‚   â”‚   â””â”€â”€ kataglyphis_rustprojecttemplate v0.1.0 (*)
[18:34:40]           â”‚   â”‚   â”œâ”€â”€ burn-ir v0.20.1
[18:34:40]           â”‚   â”‚   â”‚   â””â”€â”€ burn-ndarray v0.20.1 (*)
[18:34:40]           â”‚   â”‚   â”œâ”€â”€ burn-ndarray v0.20.1 (*)
[18:34:40]           â”‚   â”‚   â””â”€â”€ burn-tensor v0.20.1
[18:34:40]           â”‚   â”‚       â””â”€â”€ burn-core v0.20.1 (*)
[18:34:40]           â”‚   â”œâ”€â”€ burn-core v0.20.1 (*)
[18:34:40]           â”‚   â”œâ”€â”€ burn-ndarray v0.20.1 (*)
[18:34:40]           â”‚   â”œâ”€â”€ cubecl-common v0.9.0
[18:34:40]           â”‚   â”‚   â”œâ”€â”€ burn-std v0.20.1
[18:34:40]           â”‚   â”‚   â”‚   â”œâ”€â”€ burn-autodiff v0.20.1 (*)
[18:34:40]           â”‚   â”‚   â”‚   â”œâ”€â”€ burn-backend v0.20.1 (*)
[18:34:40]           â”‚   â”‚   â”‚   â”œâ”€â”€ burn-core v0.20.1 (*)
[18:34:40]           â”‚   â”‚   â”‚   â”œâ”€â”€ burn-ndarray v0.20.1 (*)
[18:34:40]           â”‚   â”‚   â”‚   â””â”€â”€ burn-tensor v0.20.1 (*)
[18:34:40]           â”‚   â”‚   â”œâ”€â”€ cubecl-core v0.9.0
[18:34:40]           â”‚   â”‚   â”‚   â””â”€â”€ cubecl v0.9.0
[18:34:40]           â”‚   â”‚   â”‚       â””â”€â”€ burn-backend v0.20.1 (*)
[18:34:40]           â”‚   â”‚   â”œâ”€â”€ cubecl-ir v0.9.0
[18:34:40]           â”‚   â”‚   â”‚   â”œâ”€â”€ cubecl v0.9.0 (*)
[18:34:40]           â”‚   â”‚   â”‚   â”œâ”€â”€ cubecl-core v0.9.0 (*)
[18:34:40]           â”‚   â”‚   â”‚   â””â”€â”€ cubecl-runtime v0.9.0
[18:34:40]           â”‚   â”‚   â”‚       â”œâ”€â”€ cubecl v0.9.0 (*)
[18:34:40]           â”‚   â”‚   â”‚       â””â”€â”€ cubecl-core v0.9.0 (*)
[18:34:40]           â”‚   â”‚   â”œâ”€â”€ cubecl-macros v0.9.0
[18:34:40]           â”‚   â”‚   â”‚   â””â”€â”€ cubecl-core v0.9.0 (*)
[18:34:40]           â”‚   â”‚   â””â”€â”€ cubecl-runtime v0.9.0 (*)
[18:34:40]           â”‚   â””â”€â”€ rand_distr v0.5.1
[18:34:40]           â”‚       â””â”€â”€ burn-backend v0.20.1 (*)
[18:34:40]           â””â”€â”€ rand_chacha v0.9.0
[18:34:40]               â””â”€â”€ rand v0.9.2 (*)
[18:34:40]     â”œ getrandom v0.4.2
[18:34:40]       â””â”€â”€ tempfile v3.26.0
[18:34:40]           â””â”€â”€ kataglyphis_rustprojecttemplate v0.1.0
[18:34:40] warning[duplicate]: found 3 duplicate entries for crate 'hashbrown'
[18:34:40]     â”Œâ”€ C:\workspace/Cargo.lock:208:1
[18:34:40]     â”‚  
[18:34:40] 208 â”‚ â•­ hashbrown 0.14.5 registry+https://github.com/rust-lang/crates.io-index
[18:34:40] 209 â”‚ â”‚ hashbrown 0.15.5 registry+https://github.com/rust-lang/crates.io-index
[18:34:40] 210 â”‚ â”‚ hashbrown 0.16.1 registry+https://github.com/rust-lang/crates.io-index
[18:34:40]     â”‚ â•°â”€â”€â”€â”€â”€â”€â”€â”€â”€â”€â”€â”€â”€â”€â”€â”€â”€â”€â”€â”€â”€â”€â”€â”€â”€â”€â”€â”€â”€â”€â”€â”€â”€â”€â”€â”€â”€â”€â”€â”€â”€â”€â”€â”€â”€â”€â”€â”€â”€â”€â”€â”€â”€â”€â”€â”€â”€â”€â”€â”€â”€â”€â”€â”€â”€â”€â”€â”€â”€â”€â”˜ lock entries
[18:34:40]     â”‚  
[18:34:40]     â”œ hashbrown v0.14.5
[18:34:40]       â””â”€â”€ string-interner v0.15.0
[18:34:40]           â””â”€â”€ tract-data v0.22.1
[18:34:40]               â”œâ”€â”€ tract-core v0.22.1
[18:34:40]               â”‚   â”œâ”€â”€ tract-hir v0.22.1
[18:34:40]               â”‚   â”‚   â””â”€â”€ tract-onnx v0.22.1
[18:34:40]               â”‚   â”‚       â””â”€â”€ kataglyphis_rustprojecttemplate v0.1.0
[18:34:40]               â”‚   â””â”€â”€ tract-nnef v0.22.1
[18:34:40]               â”‚       â”œâ”€â”€ tract-onnx v0.22.1 (*)
[18:34:40]               â”‚       â””â”€â”€ tract-onnx-opl v0.22.1
[18:34:40]               â”‚           â””â”€â”€ tract-onnx v0.22.1 (*)
[18:34:40]               â””â”€â”€ tract-linalg v0.22.1
[18:34:40]                   â””â”€â”€ tract-core v0.22.1 (*)
[18:34:40]     â”œ hashbrown v0.15.5
[18:34:40]       â”œâ”€â”€ cubecl-common v0.9.0
[18:34:40]       â”‚   â”œâ”€â”€ burn-std v0.20.1
[18:34:40]       â”‚   â”‚   â”œâ”€â”€ burn-autodiff v0.20.1
[18:34:40]       â”‚   â”‚   â”‚   â”œâ”€â”€ burn v0.20.1
[18:34:40]       â”‚   â”‚   â”‚   â”‚   â””â”€â”€ kataglyphis_rustprojecttemplate v0.1.0
[18:34:40]       â”‚   â”‚   â”‚   â”œâ”€â”€ burn-ndarray v0.20.1
[18:34:40]       â”‚   â”‚   â”‚   â”‚   â”œâ”€â”€ burn v0.20.1 (*)
[18:34:40]       â”‚   â”‚   â”‚   â”‚   â””â”€â”€ kataglyphis_rustprojecttemplate v0.1.0 (*)
[18:34:40]       â”‚   â”‚   â”‚   â””â”€â”€ kataglyphis_rustprojecttemplate v0.1.0 (*)
[18:34:40]       â”‚   â”‚   â”œâ”€â”€ burn-backend v0.20.1
[18:34:40]       â”‚   â”‚   â”‚   â”œâ”€â”€ burn-autodiff v0.20.1 (*)
[18:34:40]       â”‚   â”‚   â”‚   â”œâ”€â”€ burn-ir v0.20.1
[18:34:40]       â”‚   â”‚   â”‚   â”‚   â””â”€â”€ burn-ndarray v0.20.1 (*)
[18:34:40]       â”‚   â”‚   â”‚   â”œâ”€â”€ burn-ndarray v0.20.1 (*)
[18:34:40]       â”‚   â”‚   â”‚   â””â”€â”€ burn-tensor v0.20.1
[18:34:40]       â”‚   â”‚   â”‚       â””â”€â”€ burn-core v0.20.1
[18:34:40]       â”‚   â”‚   â”‚           â”œâ”€â”€ burn v0.20.1 (*)
[18:34:40]       â”‚   â”‚   â”‚           â”œâ”€â”€ burn-nn v0.20.1
[18:34:40]       â”‚   â”‚   â”‚           â”‚   â””â”€â”€ burn v0.20.1 (*)
[18:34:40]       â”‚   â”‚   â”‚           â””â”€â”€ burn-optim v0.20.1
[18:34:40]       â”‚   â”‚   â”‚               â””â”€â”€ burn v0.20.1 (*)
[18:34:40]       â”‚   â”‚   â”œâ”€â”€ burn-core v0.20.1 (*)
[18:34:40]       â”‚   â”‚   â”œâ”€â”€ burn-ndarray v0.20.1 (*)
[18:34:40]       â”‚   â”‚   â””â”€â”€ burn-tensor v0.20.1 (*)
[18:34:40]       â”‚   â”œâ”€â”€ cubecl-core v0.9.0
[18:34:40]       â”‚   â”‚   â””â”€â”€ cubecl v0.9.0
[18:34:40]       â”‚   â”‚       â””â”€â”€ burn-backend v0.20.1 (*)
[18:34:40]       â”‚   â”œâ”€â”€ cubecl-ir v0.9.0
[18:34:40]       â”‚   â”‚   â”œâ”€â”€ cubecl v0.9.0 (*)
[18:34:40]       â”‚   â”‚   â”œâ”€â”€ cubecl-core v0.9.0 (*)
[18:34:40]       â”‚   â”‚   â””â”€â”€ cubecl-runtime v0.9.0
[18:34:40]       â”‚   â”‚       â”œâ”€â”€ cubecl v0.9.0 (*)
[18:34:40]       â”‚   â”‚       â””â”€â”€ cubecl-core v0.9.0 (*)
[18:34:40]       â”‚   â”œâ”€â”€ cubecl-macros v0.9.0
[18:34:40]       â”‚   â”‚   â””â”€â”€ cubecl-core v0.9.0 (*)
[18:34:40]       â”‚   â””â”€â”€ cubecl-runtime v0.9.0 (*)
[18:34:40]       â”œâ”€â”€ cubecl-core v0.9.0 (*)
[18:34:40]       â”œâ”€â”€ cubecl-ir v0.9.0 (*)
[18:34:40]       â”œâ”€â”€ cubecl-runtime v0.9.0 (*)
[18:34:40]       â””â”€â”€ gpu-descriptor v0.3.2
[18:34:40]           â””â”€â”€ wgpu-hal v27.0.4
[18:34:40]               â”œâ”€â”€ wgpu v27.0.1
[18:34:40]               â”‚   â”œâ”€â”€ egui-wgpu v0.33.3
[18:34:40]               â”‚   â”‚   â””â”€â”€ kataglyphis_rustprojecttemplate v0.1.0 (*)
[18:34:40]               â”‚   â””â”€â”€ kataglyphis_rustprojecttemplate v0.1.0 (*)
[18:34:40]               â”œâ”€â”€ wgpu-core v27.0.3
[18:34:40]               â”‚   â””â”€â”€ wgpu v27.0.1 (*)
[18:34:40]               â””â”€â”€ wgpu-core-deps-windows-linux-android v27.0.0
[18:34:40]                   â””â”€â”€ wgpu-core v27.0.3 (*)
[18:34:40]     â”œ hashbrown v0.16.1
[18:34:40]       â”œâ”€â”€ burn-autodiff v0.20.1
[18:34:40]       â”‚   â”œâ”€â”€ burn v0.20.1
[18:34:40]       â”‚   â”‚   â””â”€â”€ kataglyphis_rustprojecttemplate v0.1.0
[18:34:40]       â”‚   â”œâ”€â”€ burn-ndarray v0.20.1
[18:34:40]       â”‚   â”‚   â”œâ”€â”€ burn v0.20.1 (*)
[18:34:40]       â”‚   â”‚   â””â”€â”€ kataglyphis_rustprojecttemplate v0.1.0 (*)
[18:34:40]       â”‚   â””â”€â”€ kataglyphis_rustprojecttemplate v0.1.0 (*)
[18:34:40]       â”œâ”€â”€ burn-backend v0.20.1
[18:34:40]       â”‚   â”œâ”€â”€ burn-autodiff v0.20.1 (*)
[18:34:40]       â”‚   â”œâ”€â”€ burn-ir v0.20.1
[18:34:40]       â”‚   â”‚   â””â”€â”€ burn-ndarray v0.20.1 (*)
[18:34:40]       â”‚   â”œâ”€â”€ burn-ndarray v0.20.1 (*)
[18:34:40]       â”‚   â””â”€â”€ burn-tensor v0.20.1
[18:34:40]       â”‚       â””â”€â”€ burn-core v0.20.1
[18:34:40]       â”‚           â”œâ”€â”€ burn v0.20.1 (*)
[18:34:40]       â”‚           â”œâ”€â”€ burn-nn v0.20.1
[18:34:40]       â”‚           â”‚   â””â”€â”€ burn v0.20.1 (*)
[18:34:40]       â”‚           â””â”€â”€ burn-optim v0.20.1
[18:34:40]       â”‚               â””â”€â”€ burn v0.20.1 (*)
[18:34:40]       â”œâ”€â”€ burn-core v0.20.1 (*)
[18:34:40]       â”œâ”€â”€ burn-ir v0.20.1 (*)
[18:34:40]       â”œâ”€â”€ burn-optim v0.20.1 (*)
[18:34:40]       â”œâ”€â”€ indexmap v2.13.0
[18:34:40]       â”‚   â”œâ”€â”€ cxx-build v1.0.194
[18:34:40]       â”‚   â”‚   â””â”€â”€ (build) kataglyphis_rustprojecttemplate v0.1.0 (*)
[18:34:40]       â”‚   â”œâ”€â”€ cxxbridge-macro v1.0.194
[18:34:40]       â”‚   â”‚   â””â”€â”€ cxx v1.0.194
[18:34:40]       â”‚   â”‚       â””â”€â”€ kataglyphis_rustprojecttemplate v0.1.0 (*)
[18:34:40]       â”‚   â”œâ”€â”€ naga v27.0.3
[18:34:40]       â”‚   â”‚   â”œâ”€â”€ wgpu-core v27.0.3
[18:34:40]       â”‚   â”‚   â”‚   â””â”€â”€ wgpu v27.0.1
[18:34:40]       â”‚   â”‚   â”‚       â”œâ”€â”€ egui-wgpu v0.33.3
[18:34:40]       â”‚   â”‚   â”‚       â”‚   â””â”€â”€ kataglyphis_rustprojecttemplate v0.1.0 (*)
[18:34:40]       â”‚   â”‚   â”‚       â””â”€â”€ kataglyphis_rustprojecttemplate v0.1.0 (*)
[18:34:40]       â”‚   â”‚   â””â”€â”€ wgpu-hal v27.0.4
[18:34:40]       â”‚   â”‚       â”œâ”€â”€ wgpu v27.0.1 (*)
[18:34:40]       â”‚   â”‚       â”œâ”€â”€ wgpu-core v27.0.3 (*)
[18:34:40]       â”‚   â”‚       â””â”€â”€ wgpu-core-deps-windows-linux-android v27.0.0
[18:34:40]       â”‚   â”‚           â””â”€â”€ wgpu-core v27.0.3 (*)
[18:34:40]       â”‚   â”œâ”€â”€ toml_edit v0.25.4+spec-1.1.0
[18:34:40]       â”‚   â”‚   â””â”€â”€ proc-macro-crate v3.5.0
[18:34:40]       â”‚   â”‚       â””â”€â”€ gtk4-macros v0.11.0
[18:34:40]       â”‚   â”‚           â””â”€â”€ gtk4 v0.11.0
[18:34:40]       â”‚   â”‚               â””â”€â”€ kataglyphis_rustprojecttemplate v0.1.0 (*)
[18:34:40]       â”‚   â””â”€â”€ wgpu-core v27.0.3 (*)
[18:34:40]       â”œâ”€â”€ naga v27.0.3 (*)
[18:34:40]       â”œâ”€â”€ wgpu v27.0.1 (*)
[18:34:40]       â”œâ”€â”€ wgpu-core v27.0.3 (*)
[18:34:40]       â””â”€â”€ wgpu-hal v27.0.4 (*)
[18:34:40] warning[duplicate]: found 2 duplicate entries for crate 'image'
[18:34:40]     â”Œâ”€ C:\workspace/Cargo.lock:228:1
[18:34:40]     â”‚  
[18:34:40] 228 â”‚ â•­ image 0.24.9 registry+https://github.com/rust-lang/crates.io-index
[18:34:40] 229 â”‚ â”‚ image 0.25.10 registry+https://github.com/rust-lang/crates.io-index
[18:34:40]     â”‚ â•°â”€â”€â”€â”€â”€â”€â”€â”€â”€â”€â”€â”€â”€â”€â”€â”€â”€â”€â”€â”€â”€â”€â”€â”€â”€â”€â”€â”€â”€â”€â”€â”€â”€â”€â”€â”€â”€â”€â”€â”€â”€â”€â”€â”€â”€â”€â”€â”€â”€â”€â”€â”€â”€â”€â”€â”€â”€â”€â”€â”€â”€â”€â”€â”€â”€â”€â”€â”˜ lock entries
[18:34:40]     â”‚  
[18:34:40]     â”œ image v0.24.9
[18:34:40]       â”œâ”€â”€ plotters v0.3.7
[18:34:40]       â”‚   â””â”€â”€ kataglyphis_rustprojecttemplate v0.1.0
[18:34:40]       â””â”€â”€ plotters-bitmap v0.3.7
[18:34:40]           â””â”€â”€ plotters v0.3.7 (*)
[18:34:40]     â”œ image v0.25.10
[18:34:40]       â””â”€â”€ arboard v3.6.1
[18:34:40]           â””â”€â”€ egui-winit v0.33.3
[18:34:40]               â””â”€â”€ kataglyphis_rustprojecttemplate v0.1.0
[18:34:40] warning[duplicate]: found 3 duplicate entries for crate 'itertools'
[18:34:40]     â”Œâ”€ C:\workspace/Cargo.lock:232:1
[18:34:40]     â”‚  
[18:34:40] 232 â”‚ â•­ itertools 0.10.5 registry+https://github.com/rust-lang/crates.io-index
[18:34:40] 233 â”‚ â”‚ itertools 0.12.1 registry+https://github.com/rust-lang/crates.io-index
[18:34:40] 234 â”‚ â”‚ itertools 0.14.0 registry+https://github.com/rust-lang/crates.io-index
[18:34:40]     â”‚ â•°â”€â”€â”€â”€â”€â”€â”€â”€â”€â”€â”€â”€â”€â”€â”€â”€â”€â”€â”€â”€â”€â”€â”€â”€â”€â”€â”€â”€â”€â”€â”€â”€â”€â”€â”€â”€â”€â”€â”€â”€â”€â”€â”€â”€â”€â”€â”€â”€â”€â”€â”€â”€â”€â”€â”€â”€â”€â”€â”€â”€â”€â”€â”€â”€â”€â”€â”€â”€â”€â”€â”˜ lock entries
[18:34:40]     â”‚  
[18:34:40]     â”œ itertools v0.10.5
[18:34:40]       â””â”€â”€ prost-derive v0.11.9
[18:34:40]           â””â”€â”€ prost v0.11.9
[18:34:40]               â””â”€â”€ tract-onnx v0.22.1
[18:34:40]                   â””â”€â”€ kataglyphis_rustprojecttemplate v0.1.0
[18:34:40]     â”œ itertools v0.12.1
[18:34:40]       â””â”€â”€ tract-data v0.22.1
[18:34:40]           â”œâ”€â”€ tract-core v0.22.1
[18:34:41]           â”‚   â”œâ”€â”€ tract-hir v0.22.1
[18:34:41]           â”‚   â”‚   â””â”€â”€ tract-onnx v0.22.1
[18:34:41]           â”‚   â”‚       â””â”€â”€ kataglyphis_rustprojecttemplate v0.1.0
[18:34:41]           â”‚   â””â”€â”€ tract-nnef v0.22.1
[18:34:41]           â”‚       â”œâ”€â”€ tract-onnx v0.22.1 (*)
[18:34:41]           â”‚       â””â”€â”€ tract-onnx-opl v0.22.1
[18:34:41]           â”‚           â””â”€â”€ tract-onnx v0.22.1 (*)
[18:34:41]           â””â”€â”€ tract-linalg v0.22.1
[18:34:41]               â””â”€â”€ tract-core v0.22.1 (*)
[18:34:41]     â”œ itertools v0.14.0
[18:34:41]       â”œâ”€â”€ burn-ndarray v0.20.1
[18:34:41]       â”‚   â”œâ”€â”€ burn v0.20.1
[18:34:41]       â”‚   â”‚   â””â”€â”€ kataglyphis_rustprojecttemplate v0.1.0
[18:34:41]       â”‚   â””â”€â”€ kataglyphis_rustprojecttemplate v0.1.0 (*)
[18:34:41]       â”œâ”€â”€ gstreamer v0.25.1
[18:34:41]       â”‚   â”œâ”€â”€ gstreamer-app v0.25.0
[18:34:41]       â”‚   â”‚   â””â”€â”€ kataglyphis_rustprojecttemplate v0.1.0 (*)
[18:34:41]       â”‚   â”œâ”€â”€ gstreamer-base v0.25.0
[18:34:41]       â”‚   â”‚   â””â”€â”€ gstreamer-app v0.25.0 (*)
[18:34:41]       â”‚   â””â”€â”€ kataglyphis_rustprojecttemplate v0.1.0 (*)
[18:34:41]       â”œâ”€â”€ liquid-core v0.26.11
[18:34:41]       â”‚   â”œâ”€â”€ liquid v0.26.11
[18:34:41]       â”‚   â”‚   â”œâ”€â”€ (build) tract-linalg v0.22.1
[18:34:41]       â”‚   â”‚   â”‚   â””â”€â”€ tract-core v0.22.1
[18:34:41]       â”‚   â”‚   â”‚       â”œâ”€â”€ tract-hir v0.22.1
[18:34:41]       â”‚   â”‚   â”‚       â”‚   â””â”€â”€ tract-onnx v0.22.1
[18:34:41]       â”‚   â”‚   â”‚       â”‚       â””â”€â”€ kataglyphis_rustprojecttemplate v0.1.0 (*)
[18:34:41]       â”‚   â”‚   â”‚       â””â”€â”€ tract-nnef v0.22.1
[18:34:41]       â”‚   â”‚   â”‚           â”œâ”€â”€ tract-onnx v0.22.1 (*)
[18:34:41]       â”‚   â”‚   â”‚           â””â”€â”€ tract-onnx-opl v0.22.1
[18:34:41]       â”‚   â”‚   â”‚               â””â”€â”€ tract-onnx v0.22.1 (*)
[18:34:41]       â”‚   â”‚   â””â”€â”€ tract-nnef v0.22.1 (*)
[18:34:41]       â”‚   â”œâ”€â”€ liquid-lib v0.26.11
[18:34:41]       â”‚   â”‚   â””â”€â”€ liquid v0.26.11 (*)
[18:34:41]       â”‚   â”œâ”€â”€ (build) tract-linalg v0.22.1 (*)
[18:34:41]       â”‚   â””â”€â”€ tract-nnef v0.22.1 (*)
[18:34:41]       â””â”€â”€ liquid-lib v0.26.11 (*)
[18:34:41] warning[duplicate]: found 2 duplicate entries for crate 'linux-raw-sys'
[18:34:41]     â”Œâ”€ C:\workspace/Cargo.lock:246:1
[18:34:41]     â”‚  
[18:34:41] 246 â”‚ â•­ linux-raw-sys 0.4.15 registry+https://github.com/rust-lang/crates.io-index
[18:34:41] 247 â”‚ â”‚ linux-raw-sys 0.12.1 registry+https://github.com/rust-lang/crates.io-index
[18:34:41]     â”‚ â•°â”€â”€â”€â”€â”€â”€â”€â”€â”€â”€â”€â”€â”€â”€â”€â”€â”€â”€â”€â”€â”€â”€â”€â”€â”€â”€â”€â”€â”€â”€â”€â”€â”€â”€â”€â”€â”€â”€â”€â”€â”€â”€â”€â”€â”€â”€â”€â”€â”€â”€â”€â”€â”€â”€â”€â”€â”€â”€â”€â”€â”€â”€â”€â”€â”€â”€â”€â”€â”€â”€â”€â”€â”€â”€â”˜ lock entries
[18:34:41]     â”‚  
[18:34:41]     â”œ linux-raw-sys v0.4.15
[18:34:41]       â””â”€â”€ rustix v0.38.44
[18:34:41]           â”œâ”€â”€ calloop v0.13.0
[18:34:41]           â”‚   â”œâ”€â”€ calloop-wayland-source v0.3.0
[18:34:41]           â”‚   â”‚   â””â”€â”€ smithay-client-toolkit v0.19.2
[18:34:41]           â”‚   â”‚       â”œâ”€â”€ sctk-adwaita v0.10.1
[18:34:41]           â”‚   â”‚       â”‚   â””â”€â”€ winit v0.30.13
[18:34:41]           â”‚   â”‚       â”‚       â”œâ”€â”€ egui-winit v0.33.3
[18:34:41]           â”‚   â”‚       â”‚       â”‚   â””â”€â”€ kataglyphis_rustprojecttemplate v0.1.0
[18:34:41]           â”‚   â”‚       â”‚       â””â”€â”€ kataglyphis_rustprojecttemplate v0.1.0 (*)
[18:34:41]           â”‚   â”‚       â””â”€â”€ winit v0.30.13 (*)
[18:34:41]           â”‚   â”œâ”€â”€ smithay-client-toolkit v0.19.2 (*)
[18:34:41]           â”‚   â””â”€â”€ winit v0.30.13 (*)
[18:34:41]           â”œâ”€â”€ calloop-wayland-source v0.3.0 (*)
[18:34:41]           â”œâ”€â”€ smithay-client-toolkit v0.19.2 (*)
[18:34:41]           â””â”€â”€ winit v0.30.13 (*)
[18:34:41]     â”œ linux-raw-sys v0.12.1
[18:34:41]       â””â”€â”€ rustix v1.1.4
[18:34:41]           â”œâ”€â”€ calloop v0.14.4
[18:34:41]           â”‚   â”œâ”€â”€ calloop-wayland-source v0.4.1
[18:34:41]           â”‚   â”‚   â””â”€â”€ smithay-client-toolkit v0.20.0
[18:34:41]           â”‚   â”‚       â””â”€â”€ smithay-clipboard v0.7.3
[18:34:41]           â”‚   â”‚           â””â”€â”€ egui-winit v0.33.3
[18:34:41]           â”‚   â”‚               â””â”€â”€ kataglyphis_rustprojecttemplate v0.1.0
[18:34:41]           â”‚   â””â”€â”€ smithay-client-toolkit v0.20.0 (*)
[18:34:41]           â”œâ”€â”€ calloop-wayland-source v0.4.1 (*)
[18:34:41]           â”œâ”€â”€ gethostname v1.1.0
[18:34:41]           â”‚   â””â”€â”€ x11rb v0.13.2
[18:34:41]           â”‚       â”œâ”€â”€ arboard v3.6.1
[18:34:41]           â”‚       â”‚   â””â”€â”€ egui-winit v0.33.3 (*)
[18:34:41]           â”‚       â””â”€â”€ winit v0.30.13
[18:34:41]           â”‚           â”œâ”€â”€ egui-winit v0.33.3 (*)
[18:34:41]           â”‚           â””â”€â”€ kataglyphis_rustprojecttemplate v0.1.0 (*)
[18:34:41]           â”œâ”€â”€ polling v3.11.0
[18:34:41]           â”‚   â”œâ”€â”€ calloop v0.13.0
[18:34:41]           â”‚   â”‚   â”œâ”€â”€ calloop-wayland-source v0.3.0
[18:34:41]           â”‚   â”‚   â”‚   â””â”€â”€ smithay-client-toolkit v0.19.2
[18:34:41]           â”‚   â”‚   â”‚       â”œâ”€â”€ sctk-adwaita v0.10.1
[18:34:41]           â”‚   â”‚   â”‚       â”‚   â””â”€â”€ winit v0.30.13 (*)
[18:34:41]           â”‚   â”‚   â”‚       â””â”€â”€ winit v0.30.13 (*)
[18:34:41]           â”‚   â”‚   â”œâ”€â”€ smithay-client-toolkit v0.19.2 (*)
[18:34:41]           â”‚   â”‚   â””â”€â”€ winit v0.30.13 (*)
[18:34:41]           â”‚   â””â”€â”€ calloop v0.14.4 (*)
[18:34:41]           â”œâ”€â”€ smithay-client-toolkit v0.20.0 (*)
[18:34:41]           â”œâ”€â”€ tempfile v3.26.0
[18:34:41]           â”‚   â””â”€â”€ kataglyphis_rustprojecttemplate v0.1.0 (*)
[18:34:41]           â”œâ”€â”€ wayland-backend v0.3.14
[18:34:41]           â”‚   â”œâ”€â”€ calloop-wayland-source v0.3.0 (*)
[18:34:41]           â”‚   â”œâ”€â”€ calloop-wayland-source v0.4.1 (*)
[18:34:41]           â”‚   â”œâ”€â”€ smithay-client-toolkit v0.19.2 (*)
[18:34:41]           â”‚   â”œâ”€â”€ smithay-client-toolkit v0.20.0 (*)
[18:34:41]           â”‚   â”œâ”€â”€ smithay-clipboard v0.7.3 (*)
[18:34:41]           â”‚   â”œâ”€â”€ wayland-client v0.31.13
[18:34:41]           â”‚   â”‚   â”œâ”€â”€ calloop-wayland-source v0.3.0 (*)
[18:34:41]           â”‚   â”‚   â”œâ”€â”€ calloop-wayland-source v0.4.1 (*)
[18:34:41]           â”‚   â”‚   â”œâ”€â”€ smithay-client-toolkit v0.19.2 (*)
[18:34:41]           â”‚   â”‚   â”œâ”€â”€ smithay-client-toolkit v0.20.0 (*)
[18:34:41]           â”‚   â”‚   â”œâ”€â”€ wayland-cursor v0.31.13
[18:34:41]           â”‚   â”‚   â”‚   â”œâ”€â”€ smithay-client-toolkit v0.19.2 (*)
[18:34:41]           â”‚   â”‚   â”‚   â””â”€â”€ smithay-client-toolkit v0.20.0 (*)
[18:34:41]           â”‚   â”‚   â”œâ”€â”€ wayland-protocols v0.32.11
[18:34:41]           â”‚   â”‚   â”‚   â”œâ”€â”€ smithay-client-toolkit v0.19.2 (*)
[18:34:41]           â”‚   â”‚   â”‚   â”œâ”€â”€ smithay-client-toolkit v0.20.0 (*)
[18:34:41]           â”‚   â”‚   â”‚   â”œâ”€â”€ wayland-protocols-experimental v20250721.0.1
[18:34:41]           â”‚   â”‚   â”‚   â”‚   â””â”€â”€ smithay-client-toolkit v0.20.0 (*)
[18:34:41]           â”‚   â”‚   â”‚   â”œâ”€â”€ wayland-protocols-misc v0.3.11
[18:34:41]           â”‚   â”‚   â”‚   â”‚   â””â”€â”€ smithay-client-toolkit v0.20.0 (*)
[18:34:41]           â”‚   â”‚   â”‚   â”œâ”€â”€ wayland-protocols-plasma v0.3.11
[18:34:41]           â”‚   â”‚   â”‚   â”‚   â””â”€â”€ winit v0.30.13 (*)
[18:34:41]           â”‚   â”‚   â”‚   â”œâ”€â”€ wayland-protocols-wlr v0.3.11
[18:34:41]           â”‚   â”‚   â”‚   â”‚   â”œâ”€â”€ smithay-client-toolkit v0.19.2 (*)
[18:34:41]           â”‚   â”‚   â”‚   â”‚   â””â”€â”€ smithay-client-toolkit v0.20.0 (*)
[18:34:41]           â”‚   â”‚   â”‚   â””â”€â”€ winit v0.30.13 (*)
[18:34:41]           â”‚   â”‚   â”œâ”€â”€ wayland-protocols-experimental v20250721.0.1 (*)
[18:34:41]           â”‚   â”‚   â”œâ”€â”€ wayland-protocols-misc v0.3.11 (*)
[18:34:41]           â”‚   â”‚   â”œâ”€â”€ wayland-protocols-plasma v0.3.11 (*)
[18:34:41]           â”‚   â”‚   â”œâ”€â”€ wayland-protocols-wlr v0.3.11 (*)
[18:34:41]           â”‚   â”‚   â””â”€â”€ winit v0.30.13 (*)
[18:34:41]           â”‚   â”œâ”€â”€ wayland-csd-frame v0.3.0
[18:34:41]           â”‚   â”‚   â”œâ”€â”€ smithay-client-toolkit v0.19.2 (*)
[18:34:41]           â”‚   â”‚   â””â”€â”€ smithay-client-toolkit v0.20.0 (*)
[18:34:41]           â”‚   â”œâ”€â”€ wayland-protocols v0.32.11 (*)
[18:34:41]           â”‚   â”œâ”€â”€ wayland-protocols-experimental v20250721.0.1 (*)
[18:34:41]           â”‚   â”œâ”€â”€ wayland-protocols-misc v0.3.11 (*)
[18:34:41]           â”‚   â”œâ”€â”€ wayland-protocols-plasma v0.3.11 (*)
[18:34:41]           â”‚   â”œâ”€â”€ wayland-protocols-wlr v0.3.11 (*)
[18:34:41]           â”‚   â””â”€â”€ winit v0.30.13 (*)
[18:34:41]           â”œâ”€â”€ wayland-client v0.31.13 (*)
[18:34:41]           â”œâ”€â”€ wayland-cursor v0.31.13 (*)
[18:34:41]           â”œâ”€â”€ x11rb v0.13.2 (*)
[18:34:41]           â””â”€â”€ xattr v1.6.1
[18:34:41]               â””â”€â”€ tar v0.4.44
[18:34:41]                   â””â”€â”€ tract-nnef v0.22.1
[18:34:41]                       â”œâ”€â”€ tract-onnx v0.22.1
[18:34:41]                       â”‚   â””â”€â”€ kataglyphis_rustprojecttemplate v0.1.0 (*)
[18:34:41]                       â””â”€â”€ tract-onnx-opl v0.22.1
[18:34:41]                           â””â”€â”€ tract-onnx v0.22.1 (*)
[18:34:41] warning[duplicate]: found 2 duplicate entries for crate 'ndarray'
[18:34:41]     â”Œâ”€ C:\workspace/Cargo.lock:272:1
[18:34:41]     â”‚  
[18:34:41] 272 â”‚ â•­ ndarray 0.16.1 registry+https://github.com/rust-lang/crates.io-index
[18:34:41] 273 â”‚ â”‚ ndarray 0.17.2 registry+https://github.com/rust-lang/crates.io-index
[18:34:41]     â”‚ â•°â”€â”€â”€â”€â”€â”€â”€â”€â”€â”€â”€â”€â”€â”€â”€â”€â”€â”€â”€â”€â”€â”€â”€â”€â”€â”€â”€â”€â”€â”€â”€â”€â”€â”€â”€â”€â”€â”€â”€â”€â”€â”€â”€â”€â”€â”€â”€â”€â”€â”€â”€â”€â”€â”€â”€â”€â”€â”€â”€â”€â”€â”€â”€â”€â”€â”€â”€â”€â”˜ lock entries
[18:34:41]     â”‚  
[18:34:41]     â”œ ndarray v0.16.1
[18:34:41]       â”œâ”€â”€ tract-core v0.22.1
[18:34:41]       â”‚   â”œâ”€â”€ tract-hir v0.22.1
[18:34:41]       â”‚   â”‚   â””â”€â”€ tract-onnx v0.22.1
[18:34:41]       â”‚   â”‚       â””â”€â”€ kataglyphis_rustprojecttemplate v0.1.0
[18:34:41]       â”‚   â””â”€â”€ tract-nnef v0.22.1
[18:34:41]       â”‚       â”œâ”€â”€ tract-onnx v0.22.1 (*)
[18:34:41]       â”‚       â””â”€â”€ tract-onnx-opl v0.22.1
[18:34:41]       â”‚           â””â”€â”€ tract-onnx v0.22.1 (*)
[18:34:41]       â””â”€â”€ tract-data v0.22.1
[18:34:41]           â”œâ”€â”€ tract-core v0.22.1 (*)
[18:34:41]           â””â”€â”€ tract-linalg v0.22.1
[18:34:41]               â””â”€â”€ tract-core v0.22.1 (*)
[18:34:41]     â”œ ndarray v0.17.2
[18:34:41]       â”œâ”€â”€ burn-ndarray v0.20.1
[18:34:41]       â”‚   â”œâ”€â”€ burn v0.20.1
[18:34:41]       â”‚   â”‚   â””â”€â”€ kataglyphis_rustprojecttemplate v0.1.0
[18:34:41]       â”‚   â””â”€â”€ kataglyphis_rustprojecttemplate v0.1.0 (*)
[18:34:41]       â”œâ”€â”€ kataglyphis_rustprojecttemplate v0.1.0 (*)
[18:34:41]       â””â”€â”€ ort v2.0.0-rc.12
[18:34:41]           â””â”€â”€ kataglyphis_rustprojecttemplate v0.1.0 (*)
[18:34:41] warning[duplicate]: found 2 duplicate entries for crate 'pastey'
[18:34:41]     â”Œâ”€ C:\workspace/Cargo.lock:302:1
[18:34:41]     â”‚  
[18:34:41] 302 â”‚ â•­ pastey 0.1.1 registry+https://github.com/rust-lang/crates.io-index
[18:34:41] 303 â”‚ â”‚ pastey 0.2.1 registry+https://github.com/rust-lang/crates.io-index
[18:34:41]     â”‚ â•°â”€â”€â”€â”€â”€â”€â”€â”€â”€â”€â”€â”€â”€â”€â”€â”€â”€â”€â”€â”€â”€â”€â”€â”€â”€â”€â”€â”€â”€â”€â”€â”€â”€â”€â”€â”€â”€â”€â”€â”€â”€â”€â”€â”€â”€â”€â”€â”€â”€â”€â”€â”€â”€â”€â”€â”€â”€â”€â”€â”€â”€â”€â”€â”€â”€â”€â”˜ lock entries
[18:34:41]     â”‚  
[18:34:41]     â”œ pastey v0.1.1
[18:34:41]       â”œâ”€â”€ tract-core v0.22.1
[18:34:41]       â”‚   â”œâ”€â”€ tract-hir v0.22.1
[18:34:41]       â”‚   â”‚   â””â”€â”€ tract-onnx v0.22.1
[18:34:41]       â”‚   â”‚       â””â”€â”€ kataglyphis_rustprojecttemplate v0.1.0
[18:34:41]       â”‚   â””â”€â”€ tract-nnef v0.22.1
[18:34:41]       â”‚       â”œâ”€â”€ tract-onnx v0.22.1 (*)
[18:34:41]       â”‚       â””â”€â”€ tract-onnx-opl v0.22.1
[18:34:41]       â”‚           â””â”€â”€ tract-onnx v0.22.1 (*)
[18:34:41]       â””â”€â”€ tract-linalg v0.22.1
[18:34:41]           â””â”€â”€ tract-core v0.22.1 (*)
[18:34:41]     â”œ pastey v0.2.1
[18:34:41]       â”œâ”€â”€ gstreamer v0.25.1
[18:34:41]       â”‚   â”œâ”€â”€ gstreamer-app v0.25.0
[18:34:41]       â”‚   â”‚   â””â”€â”€ kataglyphis_rustprojecttemplate v0.1.0
[18:34:41]       â”‚   â”œâ”€â”€ gstreamer-base v0.25.0
[18:34:41]       â”‚   â”‚   â””â”€â”€ gstreamer-app v0.25.0 (*)
[18:34:41]       â”‚   â””â”€â”€ kataglyphis_rustprojecttemplate v0.1.0 (*)
[18:34:41]       â””â”€â”€ option-operations v0.6.1
[18:34:41]           â””â”€â”€ gstreamer v0.25.1 (*)
[18:34:41] warning[duplicate]: found 2 duplicate entries for crate 'png'
[18:34:41]     â”Œâ”€ C:\workspace/Cargo.lock:318:1
[18:34:41]     â”‚  
[18:34:41] 318 â”‚ â•­ png 0.17.16 registry+https://github.com/rust-lang/crates.io-index
[18:34:41] 319 â”‚ â”‚ png 0.18.1 registry+https://github.com/rust-lang/crates.io-index
[18:34:41]     â”‚ â•°â”€â”€â”€â”€â”€â”€â”€â”€â”€â”€â”€â”€â”€â”€â”€â”€â”€â”€â”€â”€â”€â”€â”€â”€â”€â”€â”€â”€â”€â”€â”€â”€â”€â”€â”€â”€â”€â”€â”€â”€â”€â”€â”€â”€â”€â”€â”€â”€â”€â”€â”€â”€â”€â”€â”€â”€â”€â”€â”€â”€â”€â”€â”€â”€â”˜ lock entries
[18:34:41]     â”‚  
[18:34:41]     â”œ png v0.17.16
[18:34:41]       â””â”€â”€ image v0.24.9
[18:34:41]           â”œâ”€â”€ plotters v0.3.7
[18:34:41]           â”‚   â””â”€â”€ kataglyphis_rustprojecttemplate v0.1.0
[18:34:41]           â””â”€â”€ plotters-bitmap v0.3.7
[18:34:41]               â””â”€â”€ plotters v0.3.7 (*)
[18:34:41]     â”œ png v0.18.1
[18:34:41]       â””â”€â”€ image v0.25.10
[18:34:41]           â””â”€â”€ arboard v3.6.1
[18:34:41]               â””â”€â”€ egui-winit v0.33.3
[18:34:41]                   â””â”€â”€ kataglyphis_rustprojecttemplate v0.1.0
[18:34:41] warning[duplicate]: found 2 duplicate entries for crate 'rand'
[18:34:41]     â”Œâ”€ C:\workspace/Cargo.lock:340:1
[18:34:41]     â”‚  
[18:34:41] 340 â”‚ â•­ rand 0.8.5 registry+https://github.com/rust-lang/crates.io-index
[18:34:41] 341 â”‚ â”‚ rand 0.9.2 registry+https://github.com/rust-lang/crates.io-index
[18:34:41]     â”‚ â•°â”€â”€â”€â”€â”€â”€â”€â”€â”€â”€â”€â”€â”€â”€â”€â”€â”€â”€â”€â”€â”€â”€â”€â”€â”€â”€â”€â”€â”€â”€â”€â”€â”€â”€â”€â”€â”€â”€â”€â”€â”€â”€â”€â”€â”€â”€â”€â”€â”€â”€â”€â”€â”€â”€â”€â”€â”€â”€â”€â”€â”€â”€â”€â”€â”˜ lock entries
[18:34:41]     â”‚  
[18:34:41]     â”œ rand v0.8.5
[18:34:41]       â”œâ”€â”€ rand_distr v0.4.3
[18:34:41]       â”‚   â””â”€â”€ tract-onnx-opl v0.22.1
[18:34:41]       â”‚       â””â”€â”€ tract-onnx v0.22.1
[18:34:41]       â”‚           â””â”€â”€ kataglyphis_rustprojecttemplate v0.1.0
[18:34:41]       â””â”€â”€ tract-onnx-opl v0.22.1 (*)
[18:34:41]     â”œ rand v0.9.2
[18:34:41]       â”œâ”€â”€ burn-backend v0.20.1
[18:34:41]       â”‚   â”œâ”€â”€ burn-autodiff v0.20.1
[18:34:41]       â”‚   â”‚   â”œâ”€â”€ burn v0.20.1
[18:34:41]       â”‚   â”‚   â”‚   â””â”€â”€ kataglyphis_rustprojecttemplate v0.1.0
[18:34:41]       â”‚   â”‚   â”œâ”€â”€ burn-ndarray v0.20.1
[18:34:41]       â”‚   â”‚   â”‚   â”œâ”€â”€ burn v0.20.1 (*)
[18:34:41]       â”‚   â”‚   â”‚   â””â”€â”€ kataglyphis_rustprojecttemplate v0.1.0 (*)
[18:34:41]       â”‚   â”‚   â””â”€â”€ kataglyphis_rustprojecttemplate v0.1.0 (*)
[18:34:41]       â”‚   â”œâ”€â”€ burn-ir v0.20.1
[18:34:41]       â”‚   â”‚   â””â”€â”€ burn-ndarray v0.20.1 (*)
[18:34:41]       â”‚   â”œâ”€â”€ burn-ndarray v0.20.1 (*)
[18:34:41]       â”‚   â””â”€â”€ burn-tensor v0.20.1
[18:34:41]       â”‚       â””â”€â”€ burn-core v0.20.1
[18:34:41]       â”‚           â”œâ”€â”€ burn v0.20.1 (*)
[18:34:41]       â”‚           â”œâ”€â”€ burn-nn v0.20.1
[18:34:41]       â”‚           â”‚   â””â”€â”€ burn v0.20.1 (*)
[18:34:41]       â”‚           â””â”€â”€ burn-optim v0.20.1
[18:34:41]       â”‚               â””â”€â”€ burn v0.20.1 (*)
[18:34:41]       â”œâ”€â”€ burn-core v0.20.1 (*)
[18:34:41]       â”œâ”€â”€ burn-ndarray v0.20.1 (*)
[18:34:41]       â”œâ”€â”€ cubecl-common v0.9.0
[18:34:41]       â”‚   â”œâ”€â”€ burn-std v0.20.1
[18:34:41]       â”‚   â”‚   â”œâ”€â”€ burn-autodiff v0.20.1 (*)
[18:34:41]       â”‚   â”‚   â”œâ”€â”€ burn-backend v0.20.1 (*)
[18:34:41]       â”‚   â”‚   â”œâ”€â”€ burn-core v0.20.1 (*)
[18:34:41]       â”‚   â”‚   â”œâ”€â”€ burn-ndarray v0.20.1 (*)
[18:34:41]       â”‚   â”‚   â””â”€â”€ burn-tensor v0.20.1 (*)
[18:34:41]       â”‚   â”œâ”€â”€ cubecl-core v0.9.0
[18:34:41]       â”‚   â”‚   â””â”€â”€ cubecl v0.9.0
[18:34:41]       â”‚   â”‚       â””â”€â”€ burn-backend v0.20.1 (*)
[18:34:41]       â”‚   â”œâ”€â”€ cubecl-ir v0.9.0
[18:34:41]       â”‚   â”‚   â”œâ”€â”€ cubecl v0.9.0 (*)
[18:34:41]       â”‚   â”‚   â”œâ”€â”€ cubecl-core v0.9.0 (*)
[18:34:41]       â”‚   â”‚   â””â”€â”€ cubecl-runtime v0.9.0
[18:34:41]       â”‚   â”‚       â”œâ”€â”€ cubecl v0.9.0 (*)
[18:34:41]       â”‚   â”‚       â””â”€â”€ cubecl-core v0.9.0 (*)
[18:34:41]       â”‚   â”œâ”€â”€ cubecl-macros v0.9.0
[18:34:41]       â”‚   â”‚   â””â”€â”€ cubecl-core v0.9.0 (*)
[18:34:41]       â”‚   â””â”€â”€ cubecl-runtime v0.9.0 (*)
[18:34:41]       â””â”€â”€ rand_distr v0.5.1
[18:34:41]           â””â”€â”€ burn-backend v0.20.1 (*)
[18:34:41] warning[duplicate]: found 2 duplicate entries for crate 'rand_chacha'
[18:34:41]     â”Œâ”€ C:\workspace/Cargo.lock:342:1
[18:34:41]     â”‚  
[18:34:41] 342 â”‚ â•­ rand_chacha 0.3.1 registry+https://github.com/rust-lang/crates.io-index
[18:34:41] 343 â”‚ â”‚ rand_chacha 0.9.0 registry+https://github.com/rust-lang/crates.io-index
[18:34:41]     â”‚ â•°â”€â”€â”€â”€â”€â”€â”€â”€â”€â”€â”€â”€â”€â”€â”€â”€â”€â”€â”€â”€â”€â”€â”€â”€â”€â”€â”€â”€â”€â”€â”€â”€â”€â”€â”€â”€â”€â”€â”€â”€â”€â”€â”€â”€â”€â”€â”€â”€â”€â”€â”€â”€â”€â”€â”€â”€â”€â”€â”€â”€â”€â”€â”€â”€â”€â”€â”€â”€â”€â”€â”€â”˜ lock entries
[18:34:41]     â”‚  
[18:34:41]     â”œ rand_chacha v0.3.1
[18:34:41]       â””â”€â”€ rand v0.8.5
[18:34:41]           â”œâ”€â”€ rand_distr v0.4.3
[18:34:41]           â”‚   â””â”€â”€ tract-onnx-opl v0.22.1
[18:34:41]           â”‚       â””â”€â”€ tract-onnx v0.22.1
[18:34:41]           â”‚           â””â”€â”€ kataglyphis_rustprojecttemplate v0.1.0
[18:34:41]           â””â”€â”€ tract-onnx-opl v0.22.1 (*)
[18:34:41]     â”œ rand_chacha v0.9.0
[18:34:41]       â””â”€â”€ rand v0.9.2
[18:34:41]           â”œâ”€â”€ burn-backend v0.20.1
[18:34:41]           â”‚   â”œâ”€â”€ burn-autodiff v0.20.1
[18:34:41]           â”‚   â”‚   â”œâ”€â”€ burn v0.20.1
[18:34:41]           â”‚   â”‚   â”‚   â””â”€â”€ kataglyphis_rustprojecttemplate v0.1.0
[18:34:41]           â”‚   â”‚   â”œâ”€â”€ burn-ndarray v0.20.1
[18:34:41]           â”‚   â”‚   â”‚   â”œâ”€â”€ burn v0.20.1 (*)
[18:34:41]           â”‚   â”‚   â”‚   â””â”€â”€ kataglyphis_rustprojecttemplate v0.1.0 (*)
[18:34:41]           â”‚   â”‚   â””â”€â”€ kataglyphis_rustprojecttemplate v0.1.0 (*)
[18:34:41]           â”‚   â”œâ”€â”€ burn-ir v0.20.1
[18:34:41]           â”‚   â”‚   â””â”€â”€ burn-ndarray v0.20.1 (*)
[18:34:41]           â”‚   â”œâ”€â”€ burn-ndarray v0.20.1 (*)
[18:34:41]           â”‚   â””â”€â”€ burn-tensor v0.20.1
[18:34:41]           â”‚       â””â”€â”€ burn-core v0.20.1
[18:34:41]           â”‚           â”œâ”€â”€ burn v0.20.1 (*)
[18:34:41]           â”‚           â”œâ”€â”€ burn-nn v0.20.1
[18:34:41]           â”‚           â”‚   â””â”€â”€ burn v0.20.1 (*)
[18:34:41]           â”‚           â””â”€â”€ burn-optim v0.20.1
[18:34:41]           â”‚               â””â”€â”€ burn v0.20.1 (*)
[18:34:41]           â”œâ”€â”€ burn-core v0.20.1 (*)
[18:34:41]           â”œâ”€â”€ burn-ndarray v0.20.1 (*)
[18:34:41]           â”œâ”€â”€ cubecl-common v0.9.0
[18:34:41]           â”‚   â”œâ”€â”€ burn-std v0.20.1
[18:34:41]           â”‚   â”‚   â”œâ”€â”€ burn-autodiff v0.20.1 (*)
[18:34:41]           â”‚   â”‚   â”œâ”€â”€ burn-backend v0.20.1 (*)
[18:34:41]           â”‚   â”‚   â”œâ”€â”€ burn-core v0.20.1 (*)
[18:34:41]           â”‚   â”‚   â”œâ”€â”€ burn-ndarray v0.20.1 (*)
[18:34:41]           â”‚   â”‚   â””â”€â”€ burn-tensor v0.20.1 (*)
[18:34:41]           â”‚   â”œâ”€â”€ cubecl-core v0.9.0
[18:34:41]           â”‚   â”‚   â””â”€â”€ cubecl v0.9.0
[18:34:41]           â”‚   â”‚       â””â”€â”€ burn-backend v0.20.1 (*)
[18:34:41]           â”‚   â”œâ”€â”€ cubecl-ir v0.9.0
[18:34:41]           â”‚   â”‚   â”œâ”€â”€ cubecl v0.9.0 (*)
[18:34:41]           â”‚   â”‚   â”œâ”€â”€ cubecl-core v0.9.0 (*)
[18:34:41]           â”‚   â”‚   â””â”€â”€ cubecl-runtime v0.9.0
[18:34:41]           â”‚   â”‚       â”œâ”€â”€ cubecl v0.9.0 (*)
[18:34:41]           â”‚   â”‚       â””â”€â”€ cubecl-core v0.9.0 (*)
[18:34:41]           â”‚   â”œâ”€â”€ cubecl-macros v0.9.0
[18:34:41]           â”‚   â”‚   â””â”€â”€ cubecl-core v0.9.0 (*)
[18:34:41]           â”‚   â””â”€â”€ cubecl-runtime v0.9.0 (*)
[18:34:41]           â””â”€â”€ rand_distr v0.5.1
[18:34:41]               â””â”€â”€ burn-backend v0.20.1 (*)
[18:34:41] warning[duplicate]: found 2 duplicate entries for crate 'rand_core'
[18:34:41]     â”Œâ”€ C:\workspace/Cargo.lock:344:1
[18:34:41]     â”‚  
[18:34:41] 344 â”‚ â•­ rand_core 0.6.4 registry+https://github.com/rust-lang/crates.io-index
[18:34:41] 345 â”‚ â”‚ rand_core 0.9.5 registry+https://github.com/rust-lang/crates.io-index
[18:34:41]     â”‚ â•°â”€â”€â”€â”€â”€â”€â”€â”€â”€â”€â”€â”€â”€â”€â”€â”€â”€â”€â”€â”€â”€â”€â”€â”€â”€â”€â”€â”€â”€â”€â”€â”€â”€â”€â”€â”€â”€â”€â”€â”€â”€â”€â”€â”€â”€â”€â”€â”€â”€â”€â”€â”€â”€â”€â”€â”€â”€â”€â”€â”€â”€â”€â”€â”€â”€â”€â”€â”€â”€â”˜ lock entries
[18:34:41]     â”‚  
[18:34:41]     â”œ rand_core v0.6.4
[18:34:41]       â”œâ”€â”€ rand v0.8.5
[18:34:41]       â”‚   â”œâ”€â”€ rand_distr v0.4.3
[18:34:41]       â”‚   â”‚   â””â”€â”€ tract-onnx-opl v0.22.1
[18:34:41]       â”‚   â”‚       â””â”€â”€ tract-onnx v0.22.1
[18:34:41]       â”‚   â”‚           â””â”€â”€ kataglyphis_rustprojecttemplate v0.1.0
[18:34:41]       â”‚   â””â”€â”€ tract-onnx-opl v0.22.1 (*)
[18:34:41]       â””â”€â”€ rand_chacha v0.3.1
[18:34:41]           â””â”€â”€ rand v0.8.5 (*)
[18:34:41]     â”œ rand_core v0.9.5
[18:34:41]       â”œâ”€â”€ rand v0.9.2
[18:34:41]       â”‚   â”œâ”€â”€ burn-backend v0.20.1
[18:34:41]       â”‚   â”‚   â”œâ”€â”€ burn-autodiff v0.20.1
[18:34:41]       â”‚   â”‚   â”‚   â”œâ”€â”€ burn v0.20.1
[18:34:41]       â”‚   â”‚   â”‚   â”‚   â””â”€â”€ kataglyphis_rustprojecttemplate v0.1.0
[18:34:41]       â”‚   â”‚   â”‚   â”œâ”€â”€ burn-ndarray v0.20.1
[18:34:41]       â”‚   â”‚   â”‚   â”‚   â”œâ”€â”€ burn v0.20.1 (*)
[18:34:41]       â”‚   â”‚   â”‚   â”‚   â””â”€â”€ kataglyphis_rustprojecttemplate v0.1.0 (*)
[18:34:41]       â”‚   â”‚   â”‚   â””â”€â”€ kataglyphis_rustprojecttemplate v0.1.0 (*)
[18:34:41]       â”‚   â”‚   â”œâ”€â”€ burn-ir v0.20.1
[18:34:41]       â”‚   â”‚   â”‚   â””â”€â”€ burn-ndarray v0.20.1 (*)
[18:34:41]       â”‚   â”‚   â”œâ”€â”€ burn-ndarray v0.20.1 (*)
[18:34:41]       â”‚   â”‚   â””â”€â”€ burn-tensor v0.20.1
[18:34:41]       â”‚   â”‚       â””â”€â”€ burn-core v0.20.1
[18:34:41]       â”‚   â”‚           â”œâ”€â”€ burn v0.20.1 (*)
[18:34:41]       â”‚   â”‚           â”œâ”€â”€ burn-nn v0.20.1
[18:34:41]       â”‚   â”‚           â”‚   â””â”€â”€ burn v0.20.1 (*)
[18:34:41]       â”‚   â”‚           â””â”€â”€ burn-optim v0.20.1
[18:34:41]       â”‚   â”‚               â””â”€â”€ burn v0.20.1 (*)
[18:34:41]       â”‚   â”œâ”€â”€ burn-core v0.20.1 (*)
[18:34:41]       â”‚   â”œâ”€â”€ burn-ndarray v0.20.1 (*)
[18:34:41]       â”‚   â”œâ”€â”€ cubecl-common v0.9.0
[18:34:41]       â”‚   â”‚   â”œâ”€â”€ burn-std v0.20.1
[18:34:41]       â”‚   â”‚   â”‚   â”œâ”€â”€ burn-autodiff v0.20.1 (*)
[18:34:41]       â”‚   â”‚   â”‚   â”œâ”€â”€ burn-backend v0.20.1 (*)
[18:34:41]       â”‚   â”‚   â”‚   â”œâ”€â”€ burn-core v0.20.1 (*)
[18:34:41]       â”‚   â”‚   â”‚   â”œâ”€â”€ burn-ndarray v0.20.1 (*)
[18:34:41]       â”‚   â”‚   â”‚   â””â”€â”€ burn-tensor v0.20.1 (*)
[18:34:41]       â”‚   â”‚   â”œâ”€â”€ cubecl-core v0.9.0
[18:34:41]       â”‚   â”‚   â”‚   â””â”€â”€ cubecl v0.9.0
[18:34:41]       â”‚   â”‚   â”‚       â””â”€â”€ burn-backend v0.20.1 (*)
[18:34:41]       â”‚   â”‚   â”œâ”€â”€ cubecl-ir v0.9.0
[18:34:41]       â”‚   â”‚   â”‚   â”œâ”€â”€ cubecl v0.9.0 (*)
[18:34:41]       â”‚   â”‚   â”‚   â”œâ”€â”€ cubecl-core v0.9.0 (*)
[18:34:41]       â”‚   â”‚   â”‚   â””â”€â”€ cubecl-runtime v0.9.0
[18:34:41]       â”‚   â”‚   â”‚       â”œâ”€â”€ cubecl v0.9.0 (*)
[18:34:41]       â”‚   â”‚   â”‚       â””â”€â”€ cubecl-core v0.9.0 (*)
[18:34:41]       â”‚   â”‚   â”œâ”€â”€ cubecl-macros v0.9.0
[18:34:41]       â”‚   â”‚   â”‚   â””â”€â”€ cubecl-core v0.9.0 (*)
[18:34:41]       â”‚   â”‚   â””â”€â”€ cubecl-runtime v0.9.0 (*)
[18:34:41]       â”‚   â””â”€â”€ rand_distr v0.5.1
[18:34:41]       â”‚       â””â”€â”€ burn-backend v0.20.1 (*)
[18:34:41]       â””â”€â”€ rand_chacha v0.9.0
[18:34:41]           â””â”€â”€ rand v0.9.2 (*)
[18:34:41] warning[duplicate]: found 2 duplicate entries for crate 'rand_distr'
[18:34:41]     â”Œâ”€ C:\workspace/Cargo.lock:346:1
[18:34:41]     â”‚  
[18:34:41] 346 â”‚ â•­ rand_distr 0.4.3 registry+https://github.com/rust-lang/crates.io-index
[18:34:41] 347 â”‚ â”‚ rand_distr 0.5.1 registry+https://github.com/rust-lang/crates.io-index
[18:34:41]     â”‚ â•°â”€â”€â”€â”€â”€â”€â”€â”€â”€â”€â”€â”€â”€â”€â”€â”€â”€â”€â”€â”€â”€â”€â”€â”€â”€â”€â”€â”€â”€â”€â”€â”€â”€â”€â”€â”€â”€â”€â”€â”€â”€â”€â”€â”€â”€â”€â”€â”€â”€â”€â”€â”€â”€â”€â”€â”€â”€â”€â”€â”€â”€â”€â”€â”€â”€â”€â”€â”€â”€â”€â”˜ lock entries
[18:34:41]     â”‚  
[18:34:41]     â”œ rand_distr v0.4.3
[18:34:41]       â””â”€â”€ tract-onnx-opl v0.22.1
[18:34:41]           â””â”€â”€ tract-onnx v0.22.1
[18:34:41]               â””â”€â”€ kataglyphis_rustprojecttemplate v0.1.0
[18:34:41]     â”œ rand_distr v0.5.1
[18:34:41]       â””â”€â”€ burn-backend v0.20.1
[18:34:41]           â”œâ”€â”€ burn-autodiff v0.20.1
[18:34:41]           â”‚   â”œâ”€â”€ burn v0.20.1
[18:34:41]           â”‚   â”‚   â””â”€â”€ kataglyphis_rustprojecttemplate v0.1.0
[18:34:41]           â”‚   â”œâ”€â”€ burn-ndarray v0.20.1
[18:34:41]           â”‚   â”‚   â”œâ”€â”€ burn v0.20.1 (*)
[18:34:41]           â”‚   â”‚   â””â”€â”€ kataglyphis_rustprojecttemplate v0.1.0 (*)
[18:34:41]           â”‚   â””â”€â”€ kataglyphis_rustprojecttemplate v0.1.0 (*)
[18:34:41]           â”œâ”€â”€ burn-ir v0.20.1
[18:34:41]           â”‚   â””â”€â”€ burn-ndarray v0.20.1 (*)
[18:34:41]           â”œâ”€â”€ burn-ndarray v0.20.1 (*)
[18:34:41]           â””â”€â”€ burn-tensor v0.20.1
[18:34:41]               â””â”€â”€ burn-core v0.20.1
[18:34:41]                   â”œâ”€â”€ burn v0.20.1 (*)
[18:34:41]                   â”œâ”€â”€ burn-nn v0.20.1
[18:34:41]                   â”‚   â””â”€â”€ burn v0.20.1 (*)
[18:34:41]                   â””â”€â”€ burn-optim v0.20.1
[18:34:41]                       â””â”€â”€ burn v0.20.1 (*)
[18:34:41] warning[duplicate]: found 2 duplicate entries for crate 'rustc-hash'
[18:34:41]     â”Œâ”€ C:\workspace/Cargo.lock:359:1
[18:34:41]     â”‚  
[18:34:41] 359 â”‚ â•­ rustc-hash 1.1.0 registry+https://github.com/rust-lang/crates.io-index
[18:34:41] 360 â”‚ â”‚ rustc-hash 2.1.1 registry+https://github.com/rust-lang/crates.io-index
[18:34:41]     â”‚ â•°â”€â”€â”€â”€â”€â”€â”€â”€â”€â”€â”€â”€â”€â”€â”€â”€â”€â”€â”€â”€â”€â”€â”€â”€â”€â”€â”€â”€â”€â”€â”€â”€â”€â”€â”€â”€â”€â”€â”€â”€â”€â”€â”€â”€â”€â”€â”€â”€â”€â”€â”€â”€â”€â”€â”€â”€â”€â”€â”€â”€â”€â”€â”€â”€â”€â”€â”€â”€â”€â”€â”˜ lock entries
[18:34:41]     â”‚  
[18:34:41]     â”œ rustc-hash v1.1.0
[18:34:41]       â”œâ”€â”€ naga v27.0.3
[18:34:41]       â”‚   â”œâ”€â”€ wgpu-core v27.0.3
[18:34:41]       â”‚   â”‚   â””â”€â”€ wgpu v27.0.1
[18:34:41]       â”‚   â”‚       â”œâ”€â”€ egui-wgpu v0.33.3
[18:34:41]       â”‚   â”‚       â”‚   â””â”€â”€ kataglyphis_rustprojecttemplate v0.1.0
[18:34:41]       â”‚   â”‚       â””â”€â”€ kataglyphis_rustprojecttemplate v0.1.0 (*)
[18:34:41]       â”‚   â””â”€â”€ wgpu-hal v27.0.4
[18:34:41]       â”‚       â”œâ”€â”€ wgpu v27.0.1 (*)
[18:34:41]       â”‚       â”œâ”€â”€ wgpu-core v27.0.3 (*)
[18:34:41]       â”‚       â””â”€â”€ wgpu-core-deps-windows-linux-android v27.0.0
[18:34:41]       â”‚           â””â”€â”€ wgpu-core v27.0.3 (*)
[18:34:41]       â””â”€â”€ wgpu-core v27.0.3 (*)
[18:34:41]     â”œ rustc-hash v2.1.1
[18:34:41]       â””â”€â”€ type-map v0.5.1
[18:34:41]           â””â”€â”€ egui-wgpu v0.33.3
[18:34:41]               â””â”€â”€ kataglyphis_rustprojecttemplate v0.1.0
[18:34:41] warning[duplicate]: found 2 duplicate entries for crate 'rustix'
[18:34:41]     â”Œâ”€ C:\workspace/Cargo.lock:363:1
[18:34:41]     â”‚  
[18:34:41] 363 â”‚ â•­ rustix 0.38.44 registry+https://github.com/rust-lang/crates.io-index
[18:34:41] 364 â”‚ â”‚ rustix 1.1.4 registry+https://github.com/rust-lang/crates.io-index
[18:34:41]     â”‚ â•°â”€â”€â”€â”€â”€â”€â”€â”€â”€â”€â”€â”€â”€â”€â”€â”€â”€â”€â”€â”€â”€â”€â”€â”€â”€â”€â”€â”€â”€â”€â”€â”€â”€â”€â”€â”€â”€â”€â”€â”€â”€â”€â”€â”€â”€â”€â”€â”€â”€â”€â”€â”€â”€â”€â”€â”€â”€â”€â”€â”€â”€â”€â”€â”€â”€â”€â”˜ lock entries
[18:34:41]     â”‚  
[18:34:41]     â”œ rustix v0.38.44
[18:34:41]       â”œâ”€â”€ calloop v0.13.0
[18:34:41]       â”‚   â”œâ”€â”€ calloop-wayland-source v0.3.0
[18:34:41]       â”‚   â”‚   â””â”€â”€ smithay-client-toolkit v0.19.2
[18:34:41]       â”‚   â”‚       â”œâ”€â”€ sctk-adwaita v0.10.1
[18:34:41]       â”‚   â”‚       â”‚   â””â”€â”€ winit v0.30.13
[18:34:41]       â”‚   â”‚       â”‚       â”œâ”€â”€ egui-winit v0.33.3
[18:34:41]       â”‚   â”‚       â”‚       â”‚   â””â”€â”€ kataglyphis_rustprojecttemplate v0.1.0
[18:34:41]       â”‚   â”‚       â”‚       â””â”€â”€ kataglyphis_rustprojecttemplate v0.1.0 (*)
[18:34:41]       â”‚   â”‚       â””â”€â”€ winit v0.30.13 (*)
[18:34:41]       â”‚   â”œâ”€â”€ smithay-client-toolkit v0.19.2 (*)
[18:34:41]       â”‚   â””â”€â”€ winit v0.30.13 (*)
[18:34:41]       â”œâ”€â”€ calloop-wayland-source v0.3.0 (*)
[18:34:41]       â”œâ”€â”€ smithay-client-toolkit v0.19.2 (*)
[18:34:41]       â””â”€â”€ winit v0.30.13 (*)
[18:34:41]     â”œ rustix v1.1.4
[18:34:41]       â”œâ”€â”€ calloop v0.14.4
[18:34:41]       â”‚   â”œâ”€â”€ calloop-wayland-source v0.4.1
[18:34:41]       â”‚   â”‚   â””â”€â”€ smithay-client-toolkit v0.20.0
[18:34:41]       â”‚   â”‚       â””â”€â”€ smithay-clipboard v0.7.3
[18:34:41]       â”‚   â”‚           â””â”€â”€ egui-winit v0.33.3
[18:34:41]       â”‚   â”‚               â””â”€â”€ kataglyphis_rustprojecttemplate v0.1.0
[18:34:41]       â”‚   â””â”€â”€ smithay-client-toolkit v0.20.0 (*)
[18:34:41]       â”œâ”€â”€ calloop-wayland-source v0.4.1 (*)
[18:34:41]       â”œâ”€â”€ gethostname v1.1.0
[18:34:41]       â”‚   â””â”€â”€ x11rb v0.13.2
[18:34:41]       â”‚       â”œâ”€â”€ arboard v3.6.1
[18:34:41]       â”‚       â”‚   â””â”€â”€ egui-winit v0.33.3 (*)
[18:34:41]       â”‚       â””â”€â”€ winit v0.30.13
[18:34:41]       â”‚           â”œâ”€â”€ egui-winit v0.33.3 (*)
[18:34:41]       â”‚           â””â”€â”€ kataglyphis_rustprojecttemplate v0.1.0 (*)
[18:34:41]       â”œâ”€â”€ polling v3.11.0
[18:34:41]       â”‚   â”œâ”€â”€ calloop v0.13.0
[18:34:41]       â”‚   â”‚   â”œâ”€â”€ calloop-wayland-source v0.3.0
[18:34:41]       â”‚   â”‚   â”‚   â””â”€â”€ smithay-client-toolkit v0.19.2
[18:34:41]       â”‚   â”‚   â”‚       â”œâ”€â”€ sctk-adwaita v0.10.1
[18:34:41]       â”‚   â”‚   â”‚       â”‚   â””â”€â”€ winit v0.30.13 (*)
[18:34:41]       â”‚   â”‚   â”‚       â””â”€â”€ winit v0.30.13 (*)
[18:34:41]       â”‚   â”‚   â”œâ”€â”€ smithay-client-toolkit v0.19.2 (*)
[18:34:41]       â”‚   â”‚   â””â”€â”€ winit v0.30.13 (*)
[18:34:41]       â”‚   â””â”€â”€ calloop v0.14.4 (*)
[18:34:41]       â”œâ”€â”€ smithay-client-toolkit v0.20.0 (*)
[18:34:41]       â”œâ”€â”€ tempfile v3.26.0
[18:34:41]       â”‚   â””â”€â”€ kataglyphis_rustprojecttemplate v0.1.0 (*)
[18:34:41]       â”œâ”€â”€ wayland-backend v0.3.14
[18:34:41]       â”‚   â”œâ”€â”€ calloop-wayland-source v0.3.0 (*)
[18:34:41]       â”‚   â”œâ”€â”€ calloop-wayland-source v0.4.1 (*)
[18:34:41]       â”‚   â”œâ”€â”€ smithay-client-toolkit v0.19.2 (*)
[18:34:41]       â”‚   â”œâ”€â”€ smithay-client-toolkit v0.20.0 (*)
[18:34:41]       â”‚   â”œâ”€â”€ smithay-clipboard v0.7.3 (*)
[18:34:41]       â”‚   â”œâ”€â”€ wayland-client v0.31.13
[18:34:41]       â”‚   â”‚   â”œâ”€â”€ calloop-wayland-source v0.3.0 (*)
[18:34:41]       â”‚   â”‚   â”œâ”€â”€ calloop-wayland-source v0.4.1 (*)
[18:34:41]       â”‚   â”‚   â”œâ”€â”€ smithay-client-toolkit v0.19.2 (*)
[18:34:41]       â”‚   â”‚   â”œâ”€â”€ smithay-client-toolkit v0.20.0 (*)
[18:34:41]       â”‚   â”‚   â”œâ”€â”€ wayland-cursor v0.31.13
[18:34:41]       â”‚   â”‚   â”‚   â”œâ”€â”€ smithay-client-toolkit v0.19.2 (*)
[18:34:41]       â”‚   â”‚   â”‚   â””â”€â”€ smithay-client-toolkit v0.20.0 (*)
[18:34:41]       â”‚   â”‚   â”œâ”€â”€ wayland-protocols v0.32.11
[18:34:41]       â”‚   â”‚   â”‚   â”œâ”€â”€ smithay-client-toolkit v0.19.2 (*)
[18:34:41]       â”‚   â”‚   â”‚   â”œâ”€â”€ smithay-client-toolkit v0.20.0 (*)
[18:34:41]       â”‚   â”‚   â”‚   â”œâ”€â”€ wayland-protocols-experimental v20250721.0.1
[18:34:41]       â”‚   â”‚   â”‚   â”‚   â””â”€â”€ smithay-client-toolkit v0.20.0 (*)
[18:34:41]       â”‚   â”‚   â”‚   â”œâ”€â”€ wayland-protocols-misc v0.3.11
[18:34:41]       â”‚   â”‚   â”‚   â”‚   â””â”€â”€ smithay-client-toolkit v0.20.0 (*)
[18:34:41]       â”‚   â”‚   â”‚   â”œâ”€â”€ wayland-protocols-plasma v0.3.11
[18:34:41]       â”‚   â”‚   â”‚   â”‚   â””â”€â”€ winit v0.30.13 (*)
[18:34:41]       â”‚   â”‚   â”‚   â”œâ”€â”€ wayland-protocols-wlr v0.3.11
[18:34:41]       â”‚   â”‚   â”‚   â”‚   â”œâ”€â”€ smithay-client-toolkit v0.19.2 (*)
[18:34:41]       â”‚   â”‚   â”‚   â”‚   â””â”€â”€ smithay-client-toolkit v0.20.0 (*)
[18:34:41]       â”‚   â”‚   â”‚   â””â”€â”€ winit v0.30.13 (*)
[18:34:41]       â”‚   â”‚   â”œâ”€â”€ wayland-protocols-experimental v20250721.0.1 (*)
[18:34:41]       â”‚   â”‚   â”œâ”€â”€ wayland-protocols-misc v0.3.11 (*)
[18:34:41]       â”‚   â”‚   â”œâ”€â”€ wayland-protocols-plasma v0.3.11 (*)
[18:34:41]       â”‚   â”‚   â”œâ”€â”€ wayland-protocols-wlr v0.3.11 (*)
[18:34:41]       â”‚   â”‚   â””â”€â”€ winit v0.30.13 (*)
[18:34:41]       â”‚   â”œâ”€â”€ wayland-csd-frame v0.3.0
[18:34:41]       â”‚   â”‚   â”œâ”€â”€ smithay-client-toolkit v0.19.2 (*)
[18:34:41]       â”‚   â”‚   â””â”€â”€ smithay-client-toolkit v0.20.0 (*)
[18:34:41]       â”‚   â”œâ”€â”€ wayland-protocols v0.32.11 (*)
[18:34:41]       â”‚   â”œâ”€â”€ wayland-protocols-experimental v20250721.0.1 (*)
[18:34:41]       â”‚   â”œâ”€â”€ wayland-protocols-misc v0.3.11 (*)
[18:34:41]       â”‚   â”œâ”€â”€ wayland-protocols-plasma v0.3.11 (*)
[18:34:41]       â”‚   â”œâ”€â”€ wayland-protocols-wlr v0.3.11 (*)
[18:34:41]       â”‚   â””â”€â”€ winit v0.30.13 (*)
[18:34:41]       â”œâ”€â”€ wayland-client v0.31.13 (*)
[18:34:41]       â”œâ”€â”€ wayland-cursor v0.31.13 (*)
[18:34:41]       â”œâ”€â”€ x11rb v0.13.2 (*)
[18:34:41]       â””â”€â”€ xattr v1.6.1
[18:34:41]           â””â”€â”€ tar v0.4.44
[18:34:41]               â””â”€â”€ tract-nnef v0.22.1
[18:34:41]                   â”œâ”€â”€ tract-onnx v0.22.1
[18:34:41]                   â”‚   â””â”€â”€ kataglyphis_rustprojecttemplate v0.1.0 (*)
[18:34:41]                   â””â”€â”€ tract-onnx-opl v0.22.1
[18:34:41]                       â””â”€â”€ tract-onnx v0.22.1 (*)
[18:34:41] warning[duplicate]: found 2 duplicate entries for crate 'smithay-client-toolkit'
[18:34:41]     â”Œâ”€ C:\workspace/Cargo.lock:387:1
[18:34:41]     â”‚  
[18:34:41] 387 â”‚ â•­ smithay-client-toolkit 0.19.2 registry+https://github.com/rust-lang/crates.io-index
[18:34:41] 388 â”‚ â”‚ smithay-client-toolkit 0.20.0 registry+https://github.com/rust-lang/crates.io-index
[18:34:41]     â”‚ â•°â”€â”€â”€â”€â”€â”€â”€â”€â”€â”€â”€â”€â”€â”€â”€â”€â”€â”€â”€â”€â”€â”€â”€â”€â”€â”€â”€â”€â”€â”€â”€â”€â”€â”€â”€â”€â”€â”€â”€â”€â”€â”€â”€â”€â”€â”€â”€â”€â”€â”€â”€â”€â”€â”€â”€â”€â”€â”€â”€â”€â”€â”€â”€â”€â”€â”€â”€â”€â”€â”€â”€â”€â”€â”€â”€â”€â”€â”€â”€â”€â”€â”€â”€â”˜ lock entries
[18:34:41]     â”‚  
[18:34:41]     â”œ smithay-client-toolkit v0.19.2
[18:34:41]       â”œâ”€â”€ sctk-adwaita v0.10.1
[18:34:41]       â”‚   â””â”€â”€ winit v0.30.13
[18:34:41]       â”‚       â”œâ”€â”€ egui-winit v0.33.3
[18:34:41]       â”‚       â”‚   â””â”€â”€ kataglyphis_rustprojecttemplate v0.1.0
[18:34:41]       â”‚       â””â”€â”€ kataglyphis_rustprojecttemplate v0.1.0 (*)
[18:34:41]       â””â”€â”€ winit v0.30.13 (*)
[18:34:41]     â”œ smithay-client-toolkit v0.20.0
[18:34:41]       â””â”€â”€ smithay-clipboard v0.7.3
[18:34:41]           â””â”€â”€ egui-winit v0.33.3
[18:34:41]               â””â”€â”€ kataglyphis_rustprojecttemplate v0.1.0
[18:34:41] warning[duplicate]: found 2 duplicate entries for crate 'syn'
[18:34:41]     â”Œâ”€ C:\workspace/Cargo.lock:400:1
[18:34:41]     â”‚  
[18:34:41] 400 â”‚ â•­ syn 1.0.109 registry+https://github.com/rust-lang/crates.io-index
[18:34:41] 401 â”‚ â”‚ syn 2.0.117 registry+https://github.com/rust-lang/crates.io-index
[18:34:41]     â”‚ â•°â”€â”€â”€â”€â”€â”€â”€â”€â”€â”€â”€â”€â”€â”€â”€â”€â”€â”€â”€â”€â”€â”€â”€â”€â”€â”€â”€â”€â”€â”€â”€â”€â”€â”€â”€â”€â”€â”€â”€â”€â”€â”€â”€â”€â”€â”€â”€â”€â”€â”€â”€â”€â”€â”€â”€â”€â”€â”€â”€â”€â”€â”€â”€â”€â”€â”˜ lock entries
[18:34:41]     â”‚  
[18:34:41]     â”œ syn v1.0.109
[18:34:41]       â”œâ”€â”€ derive-new v0.5.9
[18:34:41]       â”‚   â”œâ”€â”€ tract-core v0.22.1
[18:34:41]       â”‚   â”‚   â”œâ”€â”€ tract-hir v0.22.1
[18:34:41]       â”‚   â”‚   â”‚   â””â”€â”€ tract-onnx v0.22.1
[18:34:41]       â”‚   â”‚   â”‚       â””â”€â”€ kataglyphis_rustprojecttemplate v0.1.0
[18:34:41]       â”‚   â”‚   â””â”€â”€ tract-nnef v0.22.1
[18:34:41]       â”‚   â”‚       â”œâ”€â”€ tract-onnx v0.22.1 (*)
[18:34:41]       â”‚   â”‚       â””â”€â”€ tract-onnx-opl v0.22.1
[18:34:41]       â”‚   â”‚           â””â”€â”€ tract-onnx v0.22.1 (*)
[18:34:41]       â”‚   â”œâ”€â”€ tract-hir v0.22.1 (*)
[18:34:41]       â”‚   â”œâ”€â”€ tract-linalg v0.22.1
[18:34:41]       â”‚   â”‚   â””â”€â”€ tract-core v0.22.1 (*)
[18:34:41]       â”‚   â””â”€â”€ tract-onnx v0.22.1 (*)
[18:34:41]       â””â”€â”€ prost-derive v0.11.9
[18:34:41]           â””â”€â”€ prost v0.11.9
[18:34:41]               â””â”€â”€ tract-onnx v0.22.1 (*)
[18:34:41]     â”œ syn v2.0.117
[18:34:41]       â”œâ”€â”€ burn-derive v0.20.1
[18:34:41]       â”‚   â””â”€â”€ burn-core v0.20.1
[18:34:41]       â”‚       â”œâ”€â”€ burn v0.20.1
[18:34:41]       â”‚       â”‚   â””â”€â”€ kataglyphis_rustprojecttemplate v0.1.0
[18:34:41]       â”‚       â”œâ”€â”€ burn-nn v0.20.1
[18:34:41]       â”‚       â”‚   â””â”€â”€ burn v0.20.1 (*)
[18:34:41]       â”‚       â””â”€â”€ burn-optim v0.20.1
[18:34:41]       â”‚           â””â”€â”€ burn v0.20.1 (*)
[18:34:41]       â”œâ”€â”€ bytemuck_derive v1.10.2
[18:34:41]       â”‚   â””â”€â”€ bytemuck v1.25.0
[18:34:41]       â”‚       â”œâ”€â”€ burn-backend v0.20.1
[18:34:41]       â”‚       â”‚   â”œâ”€â”€ burn-autodiff v0.20.1
[18:34:41]       â”‚       â”‚   â”‚   â”œâ”€â”€ burn v0.20.1 (*)
[18:34:41]       â”‚       â”‚   â”‚   â”œâ”€â”€ burn-ndarray v0.20.1
[18:34:41]       â”‚       â”‚   â”‚   â”‚   â”œâ”€â”€ burn v0.20.1 (*)
[18:34:41]       â”‚       â”‚   â”‚   â”‚   â””â”€â”€ kataglyphis_rustprojecttemplate v0.1.0 (*)
[18:34:41]       â”‚       â”‚   â”‚   â””â”€â”€ kataglyphis_rustprojecttemplate v0.1.0 (*)
[18:34:41]       â”‚       â”‚   â”œâ”€â”€ burn-ir v0.20.1
[18:34:41]       â”‚       â”‚   â”‚   â””â”€â”€ burn-ndarray v0.20.1 (*)
[18:34:41]       â”‚       â”‚   â”œâ”€â”€ burn-ndarray v0.20.1 (*)
[18:34:41]       â”‚       â”‚   â””â”€â”€ burn-tensor v0.20.1
[18:34:41]       â”‚       â”‚       â””â”€â”€ burn-core v0.20.1 (*)
[18:34:41]       â”‚       â”œâ”€â”€ burn-ndarray v0.20.1 (*)
[18:34:41]       â”‚       â”œâ”€â”€ burn-std v0.20.1
[18:34:41]       â”‚       â”‚   â”œâ”€â”€ burn-autodiff v0.20.1 (*)
[18:34:41]       â”‚       â”‚   â”œâ”€â”€ burn-backend v0.20.1 (*)
[18:34:41]       â”‚       â”‚   â”œâ”€â”€ burn-core v0.20.1 (*)
[18:34:41]       â”‚       â”‚   â”œâ”€â”€ burn-ndarray v0.20.1 (*)
[18:34:41]       â”‚       â”‚   â””â”€â”€ burn-tensor v0.20.1 (*)
[18:34:41]       â”‚       â”œâ”€â”€ cubecl-common v0.9.0
[18:34:41]       â”‚       â”‚   â”œâ”€â”€ burn-std v0.20.1 (*)
[18:34:41]       â”‚       â”‚   â”œâ”€â”€ cubecl-core v0.9.0
[18:34:41]       â”‚       â”‚   â”‚   â””â”€â”€ cubecl v0.9.0
[18:34:41]       â”‚       â”‚   â”‚       â””â”€â”€ burn-backend v0.20.1 (*)
[18:34:41]       â”‚       â”‚   â”œâ”€â”€ cubecl-ir v0.9.0
[18:34:41]       â”‚       â”‚   â”‚   â”œâ”€â”€ cubecl v0.9.0 (*)
[18:34:41]       â”‚       â”‚   â”‚   â”œâ”€â”€ cubecl-core v0.9.0 (*)
[18:34:41]       â”‚       â”‚   â”‚   â””â”€â”€ cubecl-runtime v0.9.0
[18:34:41]       â”‚       â”‚   â”‚       â”œâ”€â”€ cubecl v0.9.0 (*)
[18:34:41]       â”‚       â”‚   â”‚       â””â”€â”€ cubecl-core v0.9.0 (*)
[18:34:41]       â”‚       â”‚   â”œâ”€â”€ cubecl-macros v0.9.0
[18:34:41]       â”‚       â”‚   â”‚   â””â”€â”€ cubecl-core v0.9.0 (*)
[18:34:41]       â”‚       â”‚   â””â”€â”€ cubecl-runtime v0.9.0 (*)
[18:34:41]       â”‚       â”œâ”€â”€ cubecl-core v0.9.0 (*)
[18:34:41]       â”‚       â”œâ”€â”€ cubecl-runtime v0.9.0 (*)
[18:34:41]       â”‚       â”œâ”€â”€ ecolor v0.33.3
[18:34:41]       â”‚       â”‚   â””â”€â”€ epaint v0.33.3
[18:34:41]       â”‚       â”‚       â”œâ”€â”€ egui v0.33.3
[18:34:41]       â”‚       â”‚       â”‚   â”œâ”€â”€ egui-wgpu v0.33.3
[18:34:41]       â”‚       â”‚       â”‚   â”‚   â””â”€â”€ kataglyphis_rustprojecttemplate v0.1.0 (*)
[18:34:41]       â”‚       â”‚       â”‚   â”œâ”€â”€ egui-winit v0.33.3
[18:34:41]       â”‚       â”‚       â”‚   â”‚   â””â”€â”€ kataglyphis_rustprojecttemplate v0.1.0 (*)
[18:34:41]       â”‚       â”‚       â”‚   â””â”€â”€ kataglyphis_rustprojecttemplate v0.1.0 (*)
[18:34:41]       â”‚       â”‚       â””â”€â”€ egui-wgpu v0.33.3 (*)
[18:34:41]       â”‚       â”œâ”€â”€ egui-wgpu v0.33.3 (*)
[18:34:41]       â”‚       â”œâ”€â”€ egui-winit v0.33.3 (*)
[18:34:41]       â”‚       â”œâ”€â”€ emath v0.33.3
[18:34:41]       â”‚       â”‚   â”œâ”€â”€ ecolor v0.33.3 (*)
[18:34:41]       â”‚       â”‚   â”œâ”€â”€ egui v0.33.3 (*)
[18:34:41]       â”‚       â”‚   â””â”€â”€ epaint v0.33.3 (*)
[18:34:41]       â”‚       â”œâ”€â”€ epaint v0.33.3 (*)
[18:34:41]       â”‚       â”œâ”€â”€ half v2.7.1
[18:34:41]       â”‚       â”‚   â”œâ”€â”€ burn-core v0.20.1 (*)
[18:34:41]       â”‚       â”‚   â”œâ”€â”€ burn-std v0.20.1 (*)
[18:34:41]       â”‚       â”‚   â”œâ”€â”€ cubecl v0.9.0 (*)
[18:34:41]       â”‚       â”‚   â”œâ”€â”€ cubecl-common v0.9.0 (*)
[18:34:41]       â”‚       â”‚   â”œâ”€â”€ cubecl-core v0.9.0 (*)
[18:34:41]       â”‚       â”‚   â”œâ”€â”€ cubecl-ir v0.9.0 (*)
[18:34:41]       â”‚       â”‚   â”œâ”€â”€ float8 v0.4.2
[18:34:41]       â”‚       â”‚   â”‚   â””â”€â”€ cubecl-common v0.9.0 (*)
[18:34:41]       â”‚       â”‚   â”œâ”€â”€ macerator v0.2.10
[18:34:41]       â”‚       â”‚   â”‚   â””â”€â”€ burn-ndarray v0.20.1 (*)
[18:34:41]       â”‚       â”‚   â”œâ”€â”€ naga v27.0.3
[18:34:41]       â”‚       â”‚   â”‚   â”œâ”€â”€ wgpu-core v27.0.3
[18:34:41]       â”‚       â”‚   â”‚   â”‚   â””â”€â”€ wgpu v27.0.1
[18:34:41]       â”‚       â”‚   â”‚   â”‚       â”œâ”€â”€ egui-wgpu v0.33.3 (*)
[18:34:41]       â”‚       â”‚   â”‚   â”‚       â””â”€â”€ kataglyphis_rustprojecttemplate v0.1.0 (*)
[18:34:41]       â”‚       â”‚   â”‚   â””â”€â”€ wgpu-hal v27.0.4
[18:34:41]       â”‚       â”‚   â”‚       â”œâ”€â”€ wgpu v27.0.1 (*)
[18:34:41]       â”‚       â”‚   â”‚       â”œâ”€â”€ wgpu-core v27.0.3 (*)
[18:34:41]       â”‚       â”‚   â”‚       â””â”€â”€ wgpu-core-deps-windows-linux-android v27.0.0
[18:34:41]       â”‚       â”‚   â”‚           â””â”€â”€ wgpu-core v27.0.3 (*)
[18:34:41]       â”‚       â”‚   â”œâ”€â”€ tract-data v0.22.1
[18:34:41]       â”‚       â”‚   â”‚   â”œâ”€â”€ tract-core v0.22.1
[18:34:41]       â”‚       â”‚   â”‚   â”‚   â”œâ”€â”€ tract-hir v0.22.1
[18:34:41]       â”‚       â”‚   â”‚   â”‚   â”‚   â””â”€â”€ tract-onnx v0.22.1
[18:34:41]       â”‚       â”‚   â”‚   â”‚   â”‚       â””â”€â”€ kataglyphis_rustprojecttemplate v0.1.0 (*)
[18:34:41]       â”‚       â”‚   â”‚   â”‚   â””â”€â”€ tract-nnef v0.22.1
[18:34:41]       â”‚       â”‚   â”‚   â”‚       â”œâ”€â”€ tract-onnx v0.22.1 (*)
[18:34:41]       â”‚       â”‚   â”‚   â”‚       â””â”€â”€ tract-onnx-opl v0.22.1
[18:34:41]       â”‚       â”‚   â”‚   â”‚           â””â”€â”€ tract-onnx v0.22.1 (*)
[18:34:41]       â”‚       â”‚   â”‚   â””â”€â”€ tract-linalg v0.22.1
[18:34:41]       â”‚       â”‚   â”‚       â””â”€â”€ tract-core v0.22.1 (*)
[18:34:41]       â”‚       â”‚   â””â”€â”€ (build) tract-linalg v0.22.1 (*)
[18:34:41]       â”‚       â”œâ”€â”€ image v0.24.9
[18:34:41]       â”‚       â”‚   â”œâ”€â”€ plotters v0.3.7
[18:34:41]       â”‚       â”‚   â”‚   â””â”€â”€ kataglyphis_rustprojecttemplate v0.1.0 (*)
[18:34:41]       â”‚       â”‚   â””â”€â”€ plotters-bitmap v0.3.7
[18:34:41]       â”‚       â”‚       â””â”€â”€ plotters v0.3.7 (*)
[18:34:41]       â”‚       â”œâ”€â”€ image v0.25.10
[18:34:41]       â”‚       â”‚   â””â”€â”€ arboard v3.6.1
[18:34:41]       â”‚       â”‚       â””â”€â”€ egui-winit v0.33.3 (*)
[18:34:41]       â”‚       â”œâ”€â”€ kataglyphis_rustprojecttemplate v0.1.0 (*)
[18:34:41]       â”‚       â”œâ”€â”€ macerator v0.2.10 (*)
[18:34:41]       â”‚       â”œâ”€â”€ tiny-skia v0.11.4
[18:34:41]       â”‚       â”‚   â””â”€â”€ sctk-adwaita v0.10.1
[18:34:41]       â”‚       â”‚       â””â”€â”€ winit v0.30.13
[18:34:41]       â”‚       â”‚           â”œâ”€â”€ egui-winit v0.33.3 (*)
[18:34:41]       â”‚       â”‚           â””â”€â”€ kataglyphis_rustprojecttemplate v0.1.0 (*)
[18:34:41]       â”‚       â”œâ”€â”€ tiny-skia-path v0.11.4
[18:34:41]       â”‚       â”‚   â””â”€â”€ tiny-skia v0.11.4 (*)
[18:34:41]       â”‚       â”œâ”€â”€ wgpu-core v27.0.3 (*)
[18:34:41]       â”‚       â”œâ”€â”€ wgpu-hal v27.0.4 (*)
[18:34:41]       â”‚       â”œâ”€â”€ wgpu-types v27.0.1
[18:34:41]       â”‚       â”‚   â”œâ”€â”€ wgpu v27.0.1 (*)
[18:34:41]       â”‚       â”‚   â”œâ”€â”€ wgpu-core v27.0.3 (*)
[18:34:41]       â”‚       â”‚   â””â”€â”€ wgpu-hal v27.0.4 (*)
[18:34:41]       â”‚       â””â”€â”€ winit v0.30.13 (*)
[18:34:41]       â”œâ”€â”€ clap_derive v4.5.55
[18:34:41]       â”‚   â””â”€â”€ clap v4.5.60
[18:34:41]       â”‚       â””â”€â”€ kataglyphis_rustprojecttemplate v0.1.0 (*)
[18:34:41]       â”œâ”€â”€ cubecl-macros v0.9.0 (*)
[18:34:41]       â”œâ”€â”€ cubecl-macros-internal v0.9.0
[18:34:41]       â”‚   â””â”€â”€ cubecl-ir v0.9.0 (*)
[18:34:41]       â”œâ”€â”€ cxx-build v1.0.194
[18:34:41]       â”‚   â””â”€â”€ (build) kataglyphis_rustprojecttemplate v0.1.0 (*)
[18:34:41]       â”œâ”€â”€ cxxbridge-macro v1.0.194
[18:34:41]       â”‚   â””â”€â”€ cxx v1.0.194
[18:34:41]       â”‚       â””â”€â”€ kataglyphis_rustprojecttemplate v0.1.0 (*)
[18:34:41]       â”œâ”€â”€ darling_core v0.20.11
[18:34:41]       â”‚   â”œâ”€â”€ darling v0.20.11
[18:34:41]       â”‚   â”‚   â””â”€â”€ macerator-macros v0.1.4
[18:34:41]       â”‚   â”‚       â””â”€â”€ macerator v0.2.10 (*)
[18:34:41]       â”‚   â””â”€â”€ darling_macro v0.20.11
[18:34:41]       â”‚       â””â”€â”€ darling v0.20.11 (*)
[18:34:41]       â”œâ”€â”€ darling_core v0.21.3
[18:34:41]       â”‚   â”œâ”€â”€ darling v0.21.3
[18:34:41]       â”‚   â”‚   â”œâ”€â”€ cubecl-macros v0.9.0 (*)
[18:34:41]       â”‚   â”‚   â”œâ”€â”€ cubecl-macros-internal v0.9.0 (*)
[18:34:41]       â”‚   â”‚   â””â”€â”€ enumset_derive v0.14.0
[18:34:41]       â”‚   â”‚       â””â”€â”€ enumset v1.1.10
[18:34:41]       â”‚   â”‚           â”œâ”€â”€ cubecl-core v0.9.0 (*)
[18:34:41]       â”‚   â”‚           â”œâ”€â”€ cubecl-ir v0.9.0 (*)
[18:34:41]       â”‚   â”‚           â””â”€â”€ cubecl-runtime v0.9.0 (*)
[18:34:41]       â”‚   â””â”€â”€ darling_macro v0.21.3
[18:34:41]       â”‚       â””â”€â”€ darling v0.21.3 (*)
[18:34:41]       â”œâ”€â”€ darling_macro v0.20.11 (*)
[18:34:41]       â”œâ”€â”€ darling_macro v0.21.3 (*)
[18:34:41]       â”œâ”€â”€ delegate-attr v0.3.0
[18:34:41]       â”‚   â””â”€â”€ flutter_rust_bridge v2.11.1
[18:34:41]       â”‚       â””â”€â”€ kataglyphis_rustprojecttemplate v0.1.0 (*)
[18:34:41]       â”œâ”€â”€ derive-new v0.7.0
[18:34:41]       â”‚   â”œâ”€â”€ burn-autodiff v0.20.1 (*)
[18:34:41]       â”‚   â”œâ”€â”€ burn-backend v0.20.1 (*)
[18:34:41]       â”‚   â”œâ”€â”€ burn-core v0.20.1 (*)
[18:34:41]       â”‚   â”œâ”€â”€ burn-derive v0.20.1 (*)
[18:34:41]       â”‚   â”œâ”€â”€ burn-optim v0.20.1 (*)
[18:34:41]       â”‚   â”œâ”€â”€ burn-tensor v0.20.1 (*)
[18:34:41]       â”‚   â”œâ”€â”€ cubecl-common v0.9.0 (*)
[18:34:41]       â”‚   â”œâ”€â”€ cubecl-core v0.9.0 (*)
[18:34:41]       â”‚   â”œâ”€â”€ cubecl-ir v0.9.0 (*)
[18:34:41]       â”‚   â”œâ”€â”€ cubecl-macros v0.9.0 (*)
[18:34:41]       â”‚   â””â”€â”€ cubecl-runtime v0.9.0 (*)
[18:34:41]       â”œâ”€â”€ derive_more-impl v2.1.1
[18:34:41]       â”‚   â””â”€â”€ derive_more v2.1.1
[18:34:41]       â”‚       â”œâ”€â”€ cubecl-common v0.9.0 (*)
[18:34:41]       â”‚       â”œâ”€â”€ cubecl-core v0.9.0 (*)
[18:34:41]       â”‚       â”œâ”€â”€ cubecl-ir v0.9.0 (*)
[18:34:41]       â”‚       â””â”€â”€ cubecl-runtime v0.9.0 (*)
[18:34:41]       â”œâ”€â”€ displaydoc v0.2.5
[18:34:41]       â”‚   â”œâ”€â”€ icu_collections v2.1.1
[18:34:41]       â”‚   â”‚   â”œâ”€â”€ icu_normalizer v2.1.1
[18:34:41]       â”‚   â”‚   â”‚   â””â”€â”€ idna_adapter v1.2.1
[18:34:41]       â”‚   â”‚   â”‚       â””â”€â”€ idna v1.1.0
[18:34:41]       â”‚   â”‚   â”‚           â””â”€â”€ url v2.5.8
[18:34:41]       â”‚   â”‚   â”‚               â””â”€â”€ webbrowser v1.2.0
[18:34:41]       â”‚   â”‚   â”‚                   â””â”€â”€ egui-winit v0.33.3 (*)
[18:34:41]       â”‚   â”‚   â””â”€â”€ icu_properties v2.1.2
[18:34:41]       â”‚   â”‚       â””â”€â”€ idna_adapter v1.2.1 (*)
[18:34:41]       â”‚   â”œâ”€â”€ icu_locale_core v2.1.1
[18:34:41]       â”‚   â”‚   â”œâ”€â”€ icu_properties v2.1.2 (*)
[18:34:41]       â”‚   â”‚   â””â”€â”€ icu_provider v2.1.1
[18:34:41]       â”‚   â”‚       â”œâ”€â”€ icu_normalizer v2.1.1 (*)
[18:34:41]       â”‚   â”‚       â””â”€â”€ icu_properties v2.1.2 (*)
[18:34:41]       â”‚   â”œâ”€â”€ icu_provider v2.1.1 (*)
[18:34:41]       â”‚   â”œâ”€â”€ tinystr v0.8.2
[18:34:41]       â”‚   â”‚   â””â”€â”€ icu_locale_core v2.1.1 (*)
[18:34:41]       â”‚   â””â”€â”€ zerotrie v0.2.3
[18:34:41]       â”‚       â”œâ”€â”€ icu_properties v2.1.2 (*)
[18:34:41]       â”‚       â””â”€â”€ icu_provider v2.1.1 (*)
[18:34:41]       â”œâ”€â”€ enumset_derive v0.14.0 (*)
[18:34:41]       â”œâ”€â”€ flutter_rust_bridge_macros v2.11.1
[18:34:41]       â”‚   â””â”€â”€ flutter_rust_bridge v2.11.1 (*)
[18:34:41]       â”œâ”€â”€ futures-macro v0.3.32
[18:34:41]       â”‚   â””â”€â”€ futures-util v0.3.32
[18:34:41]       â”‚       â”œâ”€â”€ futures v0.3.32
[18:34:41]       â”‚       â”‚   â””â”€â”€ flutter_rust_bridge v2.11.1 (*)
[18:34:41]       â”‚       â”œâ”€â”€ futures-executor v0.3.32
[18:34:41]       â”‚       â”‚   â”œâ”€â”€ futures v0.3.32 (*)
[18:34:41]       â”‚       â”‚   â””â”€â”€ glib v0.22.2
[18:34:41]       â”‚       â”‚       â”œâ”€â”€ cairo-rs v0.22.0
[18:34:41]       â”‚       â”‚       â”‚   â”œâ”€â”€ gdk4 v0.11.0
[18:34:41]       â”‚       â”‚       â”‚   â”‚   â”œâ”€â”€ gsk4 v0.11.0
[18:34:41]       â”‚       â”‚       â”‚   â”‚   â”‚   â””â”€â”€ gtk4 v0.11.0
[18:34:41]       â”‚       â”‚       â”‚   â”‚   â”‚       â””â”€â”€ kataglyphis_rustprojecttemplate v0.1.0 (*)
[18:34:41]       â”‚       â”‚       â”‚   â”‚   â””â”€â”€ gtk4 v0.11.0 (*)
[18:34:41]       â”‚       â”‚       â”‚   â”œâ”€â”€ gsk4 v0.11.0 (*)
[18:34:41]       â”‚       â”‚       â”‚   â””â”€â”€ gtk4 v0.11.0 (*)
[18:34:41]       â”‚       â”‚       â”œâ”€â”€ gdk-pixbuf v0.22.0
[18:34:41]       â”‚       â”‚       â”‚   â”œâ”€â”€ gdk4 v0.11.0 (*)
[18:34:41]       â”‚       â”‚       â”‚   â””â”€â”€ gtk4 v0.11.0 (*)
[18:34:41]       â”‚       â”‚       â”œâ”€â”€ gdk4 v0.11.0 (*)
[18:34:41]       â”‚       â”‚       â”œâ”€â”€ gio v0.22.2
[18:34:41]       â”‚       â”‚       â”‚   â”œâ”€â”€ gdk-pixbuf v0.22.0 (*)
[18:34:41]       â”‚       â”‚       â”‚   â”œâ”€â”€ gdk4 v0.11.0 (*)
[18:34:41]       â”‚       â”‚       â”‚   â”œâ”€â”€ gtk4 v0.11.0 (*)
[18:34:41]       â”‚       â”‚       â”‚   â””â”€â”€ pango v0.22.0
[18:34:41]       â”‚       â”‚       â”‚       â”œâ”€â”€ gdk4 v0.11.0 (*)
[18:34:41]       â”‚       â”‚       â”‚       â”œâ”€â”€ gsk4 v0.11.0 (*)
[18:34:41]       â”‚       â”‚       â”‚       â””â”€â”€ gtk4 v0.11.0 (*)
[18:34:41]       â”‚       â”‚       â”œâ”€â”€ graphene-rs v0.22.0
[18:34:41]       â”‚       â”‚       â”‚   â”œâ”€â”€ gsk4 v0.11.0 (*)
[18:34:41]       â”‚       â”‚       â”‚   â””â”€â”€ gtk4 v0.11.0 (*)
[18:34:41]       â”‚       â”‚       â”œâ”€â”€ gsk4 v0.11.0 (*)
[18:34:41]       â”‚       â”‚       â”œâ”€â”€ gstreamer v0.25.1
[18:34:41]       â”‚       â”‚       â”‚   â”œâ”€â”€ gstreamer-app v0.25.0
[18:34:41]       â”‚       â”‚       â”‚   â”‚   â””â”€â”€ kataglyphis_rustprojecttemplate v0.1.0 (*)
[18:34:41]       â”‚       â”‚       â”‚   â”œâ”€â”€ gstreamer-base v0.25.0
[18:34:41]       â”‚       â”‚       â”‚   â”‚   â””â”€â”€ gstreamer-app v0.25.0 (*)
[18:34:41]       â”‚       â”‚       â”‚   â””â”€â”€ kataglyphis_rustprojecttemplate v0.1.0 (*)
[18:34:41]       â”‚       â”‚       â”œâ”€â”€ gstreamer-app v0.25.0 (*)
[18:34:41]       â”‚       â”‚       â”œâ”€â”€ gstreamer-base v0.25.0 (*)
[18:34:41]       â”‚       â”‚       â”œâ”€â”€ gtk4 v0.11.0 (*)
[18:34:41]       â”‚       â”‚       â””â”€â”€ pango v0.22.0 (*)
[18:34:41]       â”‚       â”œâ”€â”€ gio v0.22.2 (*)
[18:34:41]       â”‚       â”œâ”€â”€ glib v0.22.2 (*)
[18:34:41]       â”‚       â””â”€â”€ gstreamer v0.25.1 (*)
[18:34:41]       â”œâ”€â”€ glib-macros v0.22.2
[18:34:41]       â”‚   â””â”€â”€ glib v0.22.2 (*)
[18:34:41]       â”œâ”€â”€ gtk4-macros v0.11.0
[18:34:41]       â”‚   â””â”€â”€ gtk4 v0.11.0 (*)
[18:34:41]       â”œâ”€â”€ liquid-derive v0.26.10
[18:34:41]       â”‚   â”œâ”€â”€ liquid v0.26.11
[18:34:41]       â”‚   â”‚   â”œâ”€â”€ (build) tract-linalg v0.22.1 (*)
[18:34:41]       â”‚   â”‚   â””â”€â”€ tract-nnef v0.22.1 (*)
[18:34:41]       â”‚   â”œâ”€â”€ liquid-core v0.26.11
[18:34:41]       â”‚   â”‚   â”œâ”€â”€ liquid v0.26.11 (*)
[18:34:41]       â”‚   â”‚   â”œâ”€â”€ liquid-lib v0.26.11
[18:34:41]       â”‚   â”‚   â”‚   â””â”€â”€ liquid v0.26.11 (*)
[18:34:41]       â”‚   â”‚   â”œâ”€â”€ (build) tract-linalg v0.22.1 (*)
[18:34:41]       â”‚   â”‚   â””â”€â”€ tract-nnef v0.22.1 (*)
[18:34:41]       â”‚   â””â”€â”€ (build) tract-linalg v0.22.1 (*)
[18:34:41]       â”œâ”€â”€ macerator-macros v0.1.4 (*)
[18:34:41]       â”œâ”€â”€ openssl-macros v0.1.1
[18:34:41]       â”‚   â””â”€â”€ openssl v0.10.75
[18:34:41]       â”‚       â””â”€â”€ native-tls v0.2.18
[18:34:41]       â”‚           â””â”€â”€ ureq v3.2.0
[18:34:41]       â”‚               â””â”€â”€ (build) ort-sys v2.0.0-rc.12
[18:34:41]       â”‚                   â””â”€â”€ ort v2.0.0-rc.12
[18:34:41]       â”‚                       â””â”€â”€ kataglyphis_rustprojecttemplate v0.1.0 (*)
[18:34:41]       â”œâ”€â”€ pest_generator v2.8.6
[18:34:41]       â”‚   â””â”€â”€ pest_derive v2.8.6
[18:34:41]       â”‚       â””â”€â”€ liquid-core v0.26.11 (*)
[18:34:41]       â”œâ”€â”€ prettyplease v0.2.37
[18:34:41]       â”‚   â””â”€â”€ cubecl-macros v0.9.0 (*)
[18:34:42]       â”œâ”€â”€ serde_derive v1.0.228
[18:34:42]       â”‚   â””â”€â”€ serde v1.0.228
[18:34:42]       â”‚       â”œâ”€â”€ bincode v2.0.1
[18:34:42]       â”‚       â”‚   â””â”€â”€ burn-core v0.20.1 (*)
[18:34:42]       â”‚       â”œâ”€â”€ burn-backend v0.20.1 (*)
[18:34:42]       â”‚       â”œâ”€â”€ burn-core v0.20.1 (*)
[18:34:42]       â”‚       â”œâ”€â”€ burn-ir v0.20.1 (*)
[18:34:42]       â”‚       â”œâ”€â”€ burn-optim v0.20.1 (*)
[18:34:42]       â”‚       â”œâ”€â”€ burn-std v0.20.1 (*)
[18:34:42]       â”‚       â”œâ”€â”€ burn-tensor v0.20.1 (*)
[18:34:42]       â”‚       â”œâ”€â”€ cubecl-common v0.9.0 (*)
[18:34:42]       â”‚       â”œâ”€â”€ cubecl-core v0.9.0 (*)
[18:34:42]       â”‚       â”œâ”€â”€ cubecl-ir v0.9.0 (*)
[18:34:42]       â”‚       â”œâ”€â”€ cubecl-runtime v0.9.0 (*)
[18:34:42]       â”‚       â”œâ”€â”€ enumset v1.1.10 (*)
[18:34:42]       â”‚       â”œâ”€â”€ half v2.7.1 (*)
[18:34:42]       â”‚       â”œâ”€â”€ hashbrown v0.15.5
[18:34:42]       â”‚       â”‚   â”œâ”€â”€ cubecl-common v0.9.0 (*)
[18:34:42]       â”‚       â”‚   â”œâ”€â”€ cubecl-core v0.9.0 (*)
[18:34:42]       â”‚       â”‚   â”œâ”€â”€ cubecl-ir v0.9.0 (*)
[18:34:42]       â”‚       â”‚   â”œâ”€â”€ cubecl-runtime v0.9.0 (*)
[18:34:42]       â”‚       â”‚   â””â”€â”€ gpu-descriptor v0.3.2
[18:34:42]       â”‚       â”‚       â””â”€â”€ wgpu-hal v27.0.4 (*)
[18:34:42]       â”‚       â”œâ”€â”€ kstring v2.0.2
[18:34:42]       â”‚       â”‚   â”œâ”€â”€ gstreamer v0.25.1 (*)
[18:34:42]       â”‚       â”‚   â””â”€â”€ liquid-core v0.26.11 (*)
[18:34:42]       â”‚       â”œâ”€â”€ liquid v0.26.11 (*)
[18:34:42]       â”‚       â”œâ”€â”€ liquid-core v0.26.11 (*)
[18:34:42]       â”‚       â”œâ”€â”€ portable-atomic v1.13.1
[18:34:42]       â”‚       â”‚   â”œâ”€â”€ burn-autodiff v0.20.1 (*)
[18:34:42]       â”‚       â”‚   â”œâ”€â”€ burn-core v0.20.1 (*)
[18:34:42]       â”‚       â”‚   â”œâ”€â”€ burn-ndarray v0.20.1 (*)
[18:34:42]       â”‚       â”‚   â”œâ”€â”€ bytes v1.11.1
[18:34:42]       â”‚       â”‚   â”‚   â”œâ”€â”€ burn-std v0.20.1 (*)
[18:34:42]       â”‚       â”‚   â”‚   â”œâ”€â”€ cubecl-common v0.9.0 (*)
[18:34:42]       â”‚       â”‚   â”‚   â”œâ”€â”€ http v1.4.0
[18:34:42]       â”‚       â”‚   â”‚   â”‚   â””â”€â”€ ureq-proto v0.5.3
[18:34:42]       â”‚       â”‚   â”‚   â”‚       â””â”€â”€ ureq v3.2.0 (*)
[18:34:42]       â”‚       â”‚   â”‚   â”œâ”€â”€ prost v0.11.9
[18:34:42]       â”‚       â”‚   â”‚   â”‚   â””â”€â”€ tract-onnx v0.22.1 (*)
[18:34:42]       â”‚       â”‚   â”‚   â””â”€â”€ tract-onnx v0.22.1 (*)
[18:34:42]       â”‚       â”‚   â”œâ”€â”€ cubecl-common v0.9.0 (*)
[18:34:42]       â”‚       â”‚   â”œâ”€â”€ cubecl-ir v0.9.0 (*)
[18:34:42]       â”‚       â”‚   â”œâ”€â”€ flutter_rust_bridge v2.11.1 (*)
[18:34:42]       â”‚       â”‚   â”œâ”€â”€ jiff v0.2.23
[18:34:42]       â”‚       â”‚   â”‚   â””â”€â”€ env_logger v0.11.9
[18:34:42]       â”‚       â”‚   â”‚       â””â”€â”€ kataglyphis_rustprojecttemplate v0.1.0 (*)
[18:34:42]       â”‚       â”‚   â”œâ”€â”€ ndarray v0.16.1
[18:34:42]       â”‚       â”‚   â”‚   â”œâ”€â”€ tract-core v0.22.1 (*)
[18:34:42]       â”‚       â”‚   â”‚   â””â”€â”€ tract-data v0.22.1 (*)
[18:34:42]       â”‚       â”‚   â”œâ”€â”€ ndarray v0.17.2
[18:34:42]       â”‚       â”‚   â”‚   â”œâ”€â”€ burn-ndarray v0.20.1 (*)
[18:34:42]       â”‚       â”‚   â”‚   â”œâ”€â”€ kataglyphis_rustprojecttemplate v0.1.0 (*)
[18:34:42]       â”‚       â”‚   â”‚   â””â”€â”€ ort v2.0.0-rc.12 (*)
[18:34:42]       â”‚       â”‚   â”œâ”€â”€ portable-atomic-util v0.2.5
[18:34:42]       â”‚       â”‚   â”‚   â”œâ”€â”€ burn-core v0.20.1 (*)
[18:34:42]       â”‚       â”‚   â”‚   â”œâ”€â”€ burn-ndarray v0.20.1 (*)
[18:34:42]       â”‚       â”‚   â”‚   â”œâ”€â”€ cubecl-common v0.9.0 (*)
[18:34:42]       â”‚       â”‚   â”‚   â”œâ”€â”€ jiff v0.2.23 (*)
[18:34:42]       â”‚       â”‚   â”‚   â”œâ”€â”€ ndarray v0.16.1 (*)
[18:34:42]       â”‚       â”‚   â”‚   â”œâ”€â”€ ndarray v0.17.2 (*)
[18:34:42]       â”‚       â”‚   â”‚   â””â”€â”€ wgpu-hal v27.0.4 (*)
[18:34:42]       â”‚       â”‚   â”œâ”€â”€ spin v0.10.0
[18:34:42]       â”‚       â”‚   â”‚   â”œâ”€â”€ burn-autodiff v0.20.1 (*)
[18:34:42]       â”‚       â”‚   â”‚   â”œâ”€â”€ burn-core v0.20.1 (*)
[18:34:42]       â”‚       â”‚   â”‚   â”œâ”€â”€ cubecl-common v0.9.0 (*)
[18:34:42]       â”‚       â”‚   â”‚   â””â”€â”€ cubecl-runtime v0.9.0 (*)
[18:34:42]       â”‚       â”‚   â”œâ”€â”€ wgpu v27.0.1 (*)
[18:34:42]       â”‚       â”‚   â”œâ”€â”€ wgpu-core v27.0.3 (*)
[18:34:42]       â”‚       â”‚   â””â”€â”€ wgpu-hal v27.0.4 (*)
[18:34:42]       â”‚       â”œâ”€â”€ rmp-serde v1.3.1
[18:34:42]       â”‚       â”‚   â””â”€â”€ burn-core v0.20.1 (*)
[18:34:42]       â”‚       â”œâ”€â”€ safetensors v0.6.2
[18:34:42]       â”‚       â”‚   â””â”€â”€ tract-nnef v0.22.1 (*)
[18:34:42]       â”‚       â””â”€â”€ string-interner v0.15.0
[18:34:42]       â”‚           â””â”€â”€ tract-data v0.22.1 (*)
[18:34:42]       â”œâ”€â”€ synstructure v0.13.2
[18:34:42]       â”‚   â”œâ”€â”€ yoke-derive v0.8.1
[18:34:42]       â”‚   â”‚   â””â”€â”€ yoke v0.8.1
[18:34:42]       â”‚   â”‚       â”œâ”€â”€ icu_collections v2.1.1 (*)
[18:34:42]       â”‚   â”‚       â”œâ”€â”€ icu_provider v2.1.1 (*)
[18:34:42]       â”‚   â”‚       â”œâ”€â”€ zerotrie v0.2.3 (*)
[18:34:42]       â”‚   â”‚       â””â”€â”€ zerovec v0.11.5
[18:34:42]       â”‚   â”‚           â”œâ”€â”€ icu_collections v2.1.1 (*)
[18:34:42]       â”‚   â”‚           â”œâ”€â”€ icu_locale_core v2.1.1 (*)
[18:34:42]       â”‚   â”‚           â”œâ”€â”€ icu_normalizer v2.1.1 (*)
[18:34:42]       â”‚   â”‚           â”œâ”€â”€ icu_properties v2.1.2 (*)
[18:34:42]       â”‚   â”‚           â”œâ”€â”€ icu_provider v2.1.1 (*)
[18:34:42]       â”‚   â”‚           â”œâ”€â”€ potential_utf v0.1.4
[18:34:42]       â”‚   â”‚           â”‚   â””â”€â”€ icu_collections v2.1.1 (*)
[18:34:42]       â”‚   â”‚           â””â”€â”€ tinystr v0.8.2 (*)
[18:34:42]       â”‚   â””â”€â”€ zerofrom-derive v0.1.6
[18:34:42]       â”‚       â””â”€â”€ zerofrom v0.1.6
[18:34:42]       â”‚           â”œâ”€â”€ icu_collections v2.1.1 (*)
[18:34:42]       â”‚           â”œâ”€â”€ icu_provider v2.1.1 (*)
[18:34:42]       â”‚           â”œâ”€â”€ yoke v0.8.1 (*)
[18:34:42]       â”‚           â”œâ”€â”€ zerotrie v0.2.3 (*)
[18:34:42]       â”‚           â””â”€â”€ zerovec v0.11.5 (*)
[18:34:42]       â”œâ”€â”€ thiserror-impl v1.0.69
[18:34:42]       â”‚   â””â”€â”€ thiserror v1.0.69
[18:34:42]       â”‚       â”œâ”€â”€ calloop v0.13.0
[18:34:42]       â”‚       â”‚   â”œâ”€â”€ calloop-wayland-source v0.3.0
[18:34:42]       â”‚       â”‚   â”‚   â””â”€â”€ smithay-client-toolkit v0.19.2
[18:34:42]       â”‚       â”‚   â”‚       â”œâ”€â”€ sctk-adwaita v0.10.1 (*)
[18:34:42]       â”‚       â”‚   â”‚       â””â”€â”€ winit v0.30.13 (*)
[18:34:42]       â”‚       â”‚   â”œâ”€â”€ smithay-client-toolkit v0.19.2 (*)
[18:34:42]       â”‚       â”‚   â””â”€â”€ winit v0.30.13 (*)
[18:34:42]       â”‚       â””â”€â”€ smithay-client-toolkit v0.19.2 (*)
[18:34:42]       â”œâ”€â”€ thiserror-impl v2.0.18
[18:34:42]       â”‚   â””â”€â”€ thiserror v2.0.18
[18:34:42]       â”‚       â”œâ”€â”€ burn-backend v0.20.1 (*)
[18:34:42]       â”‚       â”œâ”€â”€ cubecl-runtime v0.9.0 (*)
[18:34:42]       â”‚       â”œâ”€â”€ egui-wgpu v0.33.3 (*)
[18:34:42]       â”‚       â”œâ”€â”€ gstreamer v0.25.1 (*)
[18:34:42]       â”‚       â”œâ”€â”€ naga v27.0.3 (*)
[18:34:42]       â”‚       â”œâ”€â”€ smithay-client-toolkit v0.20.0
[18:34:42]       â”‚       â”‚   â””â”€â”€ smithay-clipboard v0.7.3
[18:34:42]       â”‚       â”‚       â””â”€â”€ egui-winit v0.33.3 (*)
[18:34:42]       â”‚       â”œâ”€â”€ wgpu-core v27.0.3 (*)
[18:34:42]       â”‚       â”œâ”€â”€ wgpu-hal v27.0.4 (*)
[18:34:42]       â”‚       â””â”€â”€ wgpu-types v27.0.1 (*)
[18:34:42]       â”œâ”€â”€ tokio-macros v2.6.1
[18:34:42]       â”‚   â””â”€â”€ tokio v1.50.0
[18:34:42]       â”‚       â”œâ”€â”€ flutter_rust_bridge v2.11.1 (*)
[18:34:42]       â”‚       â””â”€â”€ kataglyphis_rustprojecttemplate v0.1.0 (*)
[18:34:42]       â”œâ”€â”€ tracing-attributes v0.1.31
[18:34:42]       â”‚   â””â”€â”€ tracing v0.1.44
[18:34:42]       â”‚       â”œâ”€â”€ burn-autodiff v0.20.1 (*)
[18:34:42]       â”‚       â”œâ”€â”€ calloop v0.14.4
[18:34:42]       â”‚       â”‚   â”œâ”€â”€ calloop-wayland-source v0.4.1
[18:34:42]       â”‚       â”‚   â”‚   â””â”€â”€ smithay-client-toolkit v0.20.0 (*)
[18:34:42]       â”‚       â”‚   â””â”€â”€ smithay-client-toolkit v0.20.0 (*)
[18:34:42]       â”‚       â”œâ”€â”€ cubecl-common v0.9.0 (*)
[18:34:42]       â”‚       â”œâ”€â”€ cubecl-core v0.9.0 (*)
[18:34:42]       â”‚       â”œâ”€â”€ cubecl-runtime v0.9.0 (*)
[18:34:42]       â”‚       â””â”€â”€ winit v0.30.13 (*)
[18:34:42]       â”œâ”€â”€ variadics_please v1.1.0
[18:34:42]       â”‚   â”œâ”€â”€ cubecl-core v0.9.0 (*)
[18:34:42]       â”‚   â”œâ”€â”€ cubecl-ir v0.9.0 (*)
[18:34:42]       â”‚   â””â”€â”€ cubecl-runtime v0.9.0 (*)
[18:34:42]       â”œâ”€â”€ yoke-derive v0.8.1 (*)
[18:34:42]       â”œâ”€â”€ zerocopy-derive v0.8.42
[18:34:42]       â”‚   â””â”€â”€ zerocopy v0.8.42
[18:34:42]       â”‚       â”œâ”€â”€ ahash v0.8.12
[18:34:42]       â”‚       â”‚   â”œâ”€â”€ burn-core v0.20.1 (*)
[18:34:42]       â”‚       â”‚   â”œâ”€â”€ egui v0.33.3 (*)
[18:34:42]       â”‚       â”‚   â”œâ”€â”€ egui-wgpu v0.33.3 (*)
[18:34:42]       â”‚       â”‚   â”œâ”€â”€ epaint v0.33.3 (*)
[18:34:42]       â”‚       â”‚   â”œâ”€â”€ hashbrown v0.14.5
[18:34:42]       â”‚       â”‚   â”‚   â””â”€â”€ string-interner v0.15.0 (*)
[18:34:42]       â”‚       â”‚   â””â”€â”€ winit v0.30.13 (*)
[18:34:42]       â”‚       â”œâ”€â”€ half v2.7.1 (*)
[18:34:42]       â”‚       â””â”€â”€ ppv-lite86 v0.2.21
[18:34:42]       â”‚           â”œâ”€â”€ rand_chacha v0.3.1
[18:34:42]       â”‚           â”‚   â””â”€â”€ rand v0.8.5
[18:34:42]       â”‚           â”‚       â”œâ”€â”€ rand_distr v0.4.3
[18:34:42]       â”‚           â”‚       â”‚   â””â”€â”€ tract-onnx-opl v0.22.1 (*)
[18:34:42]       â”‚           â”‚       â””â”€â”€ tract-onnx-opl v0.22.1 (*)
[18:34:42]       â”‚           â””â”€â”€ rand_chacha v0.9.0
[18:34:42]       â”‚               â””â”€â”€ rand v0.9.2
[18:34:42]       â”‚                   â”œâ”€â”€ burn-backend v0.20.1 (*)
[18:34:42]       â”‚                   â”œâ”€â”€ burn-core v0.20.1 (*)
[18:34:42]       â”‚                   â”œâ”€â”€ burn-ndarray v0.20.1 (*)
[18:34:42]       â”‚                   â”œâ”€â”€ cubecl-common v0.9.0 (*)
[18:34:42]       â”‚                   â””â”€â”€ rand_distr v0.5.1
[18:34:42]       â”‚                       â””â”€â”€ burn-backend v0.20.1 (*)
[18:34:42]       â”œâ”€â”€ zerofrom-derive v0.1.6 (*)
[18:34:42]       â””â”€â”€ zerovec-derive v0.11.2
[18:34:42]           â””â”€â”€ zerovec v0.11.5 (*)
[18:34:42] warning[duplicate]: found 2 duplicate entries for crate 'thiserror'
[18:34:42]     â”Œâ”€ C:\workspace/Cargo.lock:410:1
[18:34:42]     â”‚  
[18:34:42] 410 â”‚ â•­ thiserror 1.0.69 registry+https://github.com/rust-lang/crates.io-index
[18:34:42] 411 â”‚ â”‚ thiserror 2.0.18 registry+https://github.com/rust-lang/crates.io-index
[18:34:42]     â”‚ â•°â”€â”€â”€â”€â”€â”€â”€â”€â”€â”€â”€â”€â”€â”€â”€â”€â”€â”€â”€â”€â”€â”€â”€â”€â”€â”€â”€â”€â”€â”€â”€â”€â”€â”€â”€â”€â”€â”€â”€â”€â”€â”€â”€â”€â”€â”€â”€â”€â”€â”€â”€â”€â”€â”€â”€â”€â”€â”€â”€â”€â”€â”€â”€â”€â”€â”€â”€â”€â”€â”€â”˜ lock entries
[18:34:42]     â”‚  
[18:34:42]     â”œ thiserror v1.0.69
[18:34:42]       â”œâ”€â”€ calloop v0.13.0
[18:34:42]       â”‚   â”œâ”€â”€ calloop-wayland-source v0.3.0
[18:34:42]       â”‚   â”‚   â””â”€â”€ smithay-client-toolkit v0.19.2
[18:34:42]       â”‚   â”‚       â”œâ”€â”€ sctk-adwaita v0.10.1
[18:34:42]       â”‚   â”‚       â”‚   â””â”€â”€ winit v0.30.13
[18:34:42]       â”‚   â”‚       â”‚       â”œâ”€â”€ egui-winit v0.33.3
[18:34:42]       â”‚   â”‚       â”‚       â”‚   â””â”€â”€ kataglyphis_rustprojecttemplate v0.1.0
[18:34:42]       â”‚   â”‚       â”‚       â””â”€â”€ kataglyphis_rustprojecttemplate v0.1.0 (*)
[18:34:42]       â”‚   â”‚       â””â”€â”€ winit v0.30.13 (*)
[18:34:42]       â”‚   â”œâ”€â”€ smithay-client-toolkit v0.19.2 (*)
[18:34:42]       â”‚   â””â”€â”€ winit v0.30.13 (*)
[18:34:42]       â””â”€â”€ smithay-client-toolkit v0.19.2 (*)
[18:34:42]     â”œ thiserror v2.0.18
[18:34:42]       â”œâ”€â”€ burn-backend v0.20.1
[18:34:42]       â”‚   â”œâ”€â”€ burn-autodiff v0.20.1
[18:34:42]       â”‚   â”‚   â”œâ”€â”€ burn v0.20.1
[18:34:42]       â”‚   â”‚   â”‚   â””â”€â”€ kataglyphis_rustprojecttemplate v0.1.0
[18:34:42]       â”‚   â”‚   â”œâ”€â”€ burn-ndarray v0.20.1
[18:34:42]       â”‚   â”‚   â”‚   â”œâ”€â”€ burn v0.20.1 (*)
[18:34:42]       â”‚   â”‚   â”‚   â””â”€â”€ kataglyphis_rustprojecttemplate v0.1.0 (*)
[18:34:42]       â”‚   â”‚   â””â”€â”€ kataglyphis_rustprojecttemplate v0.1.0 (*)
[18:34:42]       â”‚   â”œâ”€â”€ burn-ir v0.20.1
[18:34:42]       â”‚   â”‚   â””â”€â”€ burn-ndarray v0.20.1 (*)
[18:34:42]       â”‚   â”œâ”€â”€ burn-ndarray v0.20.1 (*)
[18:34:42]       â”‚   â””â”€â”€ burn-tensor v0.20.1
[18:34:42]       â”‚       â””â”€â”€ burn-core v0.20.1
[18:34:42]       â”‚           â”œâ”€â”€ burn v0.20.1 (*)
[18:34:42]       â”‚           â”œâ”€â”€ burn-nn v0.20.1
[18:34:42]       â”‚           â”‚   â””â”€â”€ burn v0.20.1 (*)
[18:34:42]       â”‚           â””â”€â”€ burn-optim v0.20.1
[18:34:42]       â”‚               â””â”€â”€ burn v0.20.1 (*)
[18:34:42]       â”œâ”€â”€ cubecl-runtime v0.9.0
[18:34:42]       â”‚   â”œâ”€â”€ cubecl v0.9.0
[18:34:42]       â”‚   â”‚   â””â”€â”€ burn-backend v0.20.1 (*)
[18:34:42]       â”‚   â””â”€â”€ cubecl-core v0.9.0
[18:34:42]       â”‚       â””â”€â”€ cubecl v0.9.0 (*)
[18:34:42]       â”œâ”€â”€ egui-wgpu v0.33.3
[18:34:42]       â”‚   â””â”€â”€ kataglyphis_rustprojecttemplate v0.1.0 (*)
[18:34:42]       â”œâ”€â”€ gstreamer v0.25.1
[18:34:42]       â”‚   â”œâ”€â”€ gstreamer-app v0.25.0
[18:34:42]       â”‚   â”‚   â””â”€â”€ kataglyphis_rustprojecttemplate v0.1.0 (*)
[18:34:42]       â”‚   â”œâ”€â”€ gstreamer-base v0.25.0
[18:34:42]       â”‚   â”‚   â””â”€â”€ gstreamer-app v0.25.0 (*)
[18:34:42]       â”‚   â””â”€â”€ kataglyphis_rustprojecttemplate v0.1.0 (*)
[18:34:42]       â”œâ”€â”€ naga v27.0.3
[18:34:42]       â”‚   â”œâ”€â”€ wgpu-core v27.0.3
[18:34:42]       â”‚   â”‚   â””â”€â”€ wgpu v27.0.1
[18:34:42]       â”‚   â”‚       â”œâ”€â”€ egui-wgpu v0.33.3 (*)
[18:34:42]       â”‚   â”‚       â””â”€â”€ kataglyphis_rustprojecttemplate v0.1.0 (*)
[18:34:42]       â”‚   â””â”€â”€ wgpu-hal v27.0.4
[18:34:42]       â”‚       â”œâ”€â”€ wgpu v27.0.1 (*)
[18:34:42]       â”‚       â”œâ”€â”€ wgpu-core v27.0.3 (*)
[18:34:42]       â”‚       â””â”€â”€ wgpu-core-deps-windows-linux-android v27.0.0
[18:34:42]       â”‚           â””â”€â”€ wgpu-core v27.0.3 (*)
[18:34:42]       â”œâ”€â”€ smithay-client-toolkit v0.20.0
[18:34:42]       â”‚   â””â”€â”€ smithay-clipboard v0.7.3
[18:34:42]       â”‚       â””â”€â”€ egui-winit v0.33.3
[18:34:42]       â”‚           â””â”€â”€ kataglyphis_rustprojecttemplate v0.1.0 (*)
[18:34:42]       â”œâ”€â”€ wgpu-core v27.0.3 (*)
[18:34:42]       â”œâ”€â”€ wgpu-hal v27.0.4 (*)
[18:34:42]       â””â”€â”€ wgpu-types v27.0.1
[18:34:42]           â”œâ”€â”€ wgpu v27.0.1 (*)
[18:34:42]           â”œâ”€â”€ wgpu-core v27.0.3 (*)
[18:34:42]           â””â”€â”€ wgpu-hal v27.0.4 (*)
[18:34:42] warning[duplicate]: found 2 duplicate entries for crate 'thiserror-impl'
[18:34:42]     â”Œâ”€ C:\workspace/Cargo.lock:412:1
[18:34:42]     â”‚  
[18:34:42] 412 â”‚ â•­ thiserror-impl 1.0.69 registry+https://github.com/rust-lang/crates.io-index
[18:34:42] 413 â”‚ â”‚ thiserror-impl 2.0.18 registry+https://github.com/rust-lang/crates.io-index
[18:34:42]     â”‚ â•°â”€â”€â”€â”€â”€â”€â”€â”€â”€â”€â”€â”€â”€â”€â”€â”€â”€â”€â”€â”€â”€â”€â”€â”€â”€â”€â”€â”€â”€â”€â”€â”€â”€â”€â”€â”€â”€â”€â”€â”€â”€â”€â”€â”€â”€â”€â”€â”€â”€â”€â”€â”€â”€â”€â”€â”€â”€â”€â”€â”€â”€â”€â”€â”€â”€â”€â”€â”€â”€â”€â”€â”€â”€â”€â”€â”˜ lock entries
[18:34:42]     â”‚  
[18:34:42]     â”œ thiserror-impl v1.0.69
[18:34:42]       â””â”€â”€ thiserror v1.0.69
[18:34:42]           â”œâ”€â”€ calloop v0.13.0
[18:34:42]           â”‚   â”œâ”€â”€ calloop-wayland-source v0.3.0
[18:34:42]           â”‚   â”‚   â””â”€â”€ smithay-client-toolkit v0.19.2
[18:34:42]           â”‚   â”‚       â”œâ”€â”€ sctk-adwaita v0.10.1
[18:34:42]           â”‚   â”‚       â”‚   â””â”€â”€ winit v0.30.13
[18:34:42]           â”‚   â”‚       â”‚       â”œâ”€â”€ egui-winit v0.33.3
[18:34:42]           â”‚   â”‚       â”‚       â”‚   â””â”€â”€ kataglyphis_rustprojecttemplate v0.1.0
[18:34:42]           â”‚   â”‚       â”‚       â””â”€â”€ kataglyphis_rustprojecttemplate v0.1.0 (*)
[18:34:42]           â”‚   â”‚       â””â”€â”€ winit v0.30.13 (*)
[18:34:42]           â”‚   â”œâ”€â”€ smithay-client-toolkit v0.19.2 (*)
[18:34:42]           â”‚   â””â”€â”€ winit v0.30.13 (*)
[18:34:42]           â””â”€â”€ smithay-client-toolkit v0.19.2 (*)
[18:34:42]     â”œ thiserror-impl v2.0.18
[18:34:42]       â””â”€â”€ thiserror v2.0.18
[18:34:42]           â”œâ”€â”€ burn-backend v0.20.1
[18:34:42]           â”‚   â”œâ”€â”€ burn-autodiff v0.20.1
[18:34:42]           â”‚   â”‚   â”œâ”€â”€ burn v0.20.1
[18:34:42]           â”‚   â”‚   â”‚   â””â”€â”€ kataglyphis_rustprojecttemplate v0.1.0
[18:34:42]           â”‚   â”‚   â”œâ”€â”€ burn-ndarray v0.20.1
[18:34:42]           â”‚   â”‚   â”‚   â”œâ”€â”€ burn v0.20.1 (*)
[18:34:42]           â”‚   â”‚   â”‚   â””â”€â”€ kataglyphis_rustprojecttemplate v0.1.0 (*)
[18:34:42]           â”‚   â”‚   â””â”€â”€ kataglyphis_rustprojecttemplate v0.1.0 (*)
[18:34:42]           â”‚   â”œâ”€â”€ burn-ir v0.20.1
[18:34:42]           â”‚   â”‚   â””â”€â”€ burn-ndarray v0.20.1 (*)
[18:34:42]           â”‚   â”œâ”€â”€ burn-ndarray v0.20.1 (*)
[18:34:42]           â”‚   â””â”€â”€ burn-tensor v0.20.1
[18:34:42]           â”‚       â””â”€â”€ burn-core v0.20.1
[18:34:42]           â”‚           â”œâ”€â”€ burn v0.20.1 (*)
[18:34:42]           â”‚           â”œâ”€â”€ burn-nn v0.20.1
[18:34:42]           â”‚           â”‚   â””â”€â”€ burn v0.20.1 (*)
[18:34:42]           â”‚           â””â”€â”€ burn-optim v0.20.1
[18:34:42]           â”‚               â””â”€â”€ burn v0.20.1 (*)
[18:34:42]           â”œâ”€â”€ cubecl-runtime v0.9.0
[18:34:42]           â”‚   â”œâ”€â”€ cubecl v0.9.0
[18:34:42]           â”‚   â”‚   â””â”€â”€ burn-backend v0.20.1 (*)
[18:34:42]           â”‚   â””â”€â”€ cubecl-core v0.9.0
[18:34:42]           â”‚       â””â”€â”€ cubecl v0.9.0 (*)
[18:34:42]           â”œâ”€â”€ egui-wgpu v0.33.3
[18:34:42]           â”‚   â””â”€â”€ kataglyphis_rustprojecttemplate v0.1.0 (*)
[18:34:42]           â”œâ”€â”€ gstreamer v0.25.1
[18:34:42]           â”‚   â”œâ”€â”€ gstreamer-app v0.25.0
[18:34:42]           â”‚   â”‚   â””â”€â”€ kataglyphis_rustprojecttemplate v0.1.0 (*)
[18:34:42]           â”‚   â”œâ”€â”€ gstreamer-base v0.25.0
[18:34:42]           â”‚   â”‚   â””â”€â”€ gstreamer-app v0.25.0 (*)
[18:34:42]           â”‚   â””â”€â”€ kataglyphis_rustprojecttemplate v0.1.0 (*)
[18:34:42]           â”œâ”€â”€ naga v27.0.3
[18:34:42]           â”‚   â”œâ”€â”€ wgpu-core v27.0.3
[18:34:42]           â”‚   â”‚   â””â”€â”€ wgpu v27.0.1
[18:34:42]           â”‚   â”‚       â”œâ”€â”€ egui-wgpu v0.33.3 (*)
[18:34:42]           â”‚   â”‚       â””â”€â”€ kataglyphis_rustprojecttemplate v0.1.0 (*)
[18:34:42]           â”‚   â””â”€â”€ wgpu-hal v27.0.4
[18:34:42]           â”‚       â”œâ”€â”€ wgpu v27.0.1 (*)
[18:34:42]           â”‚       â”œâ”€â”€ wgpu-core v27.0.3 (*)
[18:34:42]           â”‚       â””â”€â”€ wgpu-core-deps-windows-linux-android v27.0.0
[18:34:42]           â”‚           â””â”€â”€ wgpu-core v27.0.3 (*)
[18:34:42]           â”œâ”€â”€ smithay-client-toolkit v0.20.0
[18:34:42]           â”‚   â””â”€â”€ smithay-clipboard v0.7.3
[18:34:42]           â”‚       â””â”€â”€ egui-winit v0.33.3
[18:34:42]           â”‚           â””â”€â”€ kataglyphis_rustprojecttemplate v0.1.0 (*)
[18:34:42]           â”œâ”€â”€ wgpu-core v27.0.3 (*)
[18:34:42]           â”œâ”€â”€ wgpu-hal v27.0.4 (*)
[18:34:42]           â””â”€â”€ wgpu-types v27.0.1
[18:34:42]               â”œâ”€â”€ wgpu v27.0.1 (*)
[18:34:42]               â”œâ”€â”€ wgpu-core v27.0.3 (*)
[18:34:42]               â””â”€â”€ wgpu-hal v27.0.4 (*)
[18:34:42] warning[duplicate]: found 2 duplicate entries for crate 'toml_datetime'
[18:34:42]     â”Œâ”€ C:\workspace/Cargo.lock:428:1
[18:34:42]     â”‚  
[18:34:42] 428 â”‚ â•­ toml_datetime 0.7.5+spec-1.1.0 registry+https://github.com/rust-lang/crates.io-index
[18:34:42] 429 â”‚ â”‚ toml_datetime 1.0.0+spec-1.1.0 registry+https://github.com/rust-lang/crates.io-index
[18:34:42]     â”‚ â•°â”€â”€â”€â”€â”€â”€â”€â”€â”€â”€â”€â”€â”€â”€â”€â”€â”€â”€â”€â”€â”€â”€â”€â”€â”€â”€â”€â”€â”€â”€â”€â”€â”€â”€â”€â”€â”€â”€â”€â”€â”€â”€â”€â”€â”€â”€â”€â”€â”€â”€â”€â”€â”€â”€â”€â”€â”€â”€â”€â”€â”€â”€â”€â”€â”€â”€â”€â”€â”€â”€â”€â”€â”€â”€â”€â”€â”€â”€â”€â”€â”€â”€â”€â”€â”˜ lock entries
[18:34:42]     â”‚  
[18:34:42]     â”œ toml_datetime v0.7.5+spec-1.1.0
[18:34:42]       â””â”€â”€ toml v0.9.12+spec-1.1.0
[18:34:42]           â”œâ”€â”€ cubecl-runtime v0.9.0
[18:34:42]           â”‚   â”œâ”€â”€ cubecl v0.9.0
[18:34:42]           â”‚   â”‚   â””â”€â”€ burn-backend v0.20.1
[18:34:42]           â”‚   â”‚       â”œâ”€â”€ burn-autodiff v0.20.1
[18:34:42]           â”‚   â”‚       â”‚   â”œâ”€â”€ burn v0.20.1
[18:34:42]           â”‚   â”‚       â”‚   â”‚   â””â”€â”€ kataglyphis_rustprojecttemplate v0.1.0
[18:34:42]           â”‚   â”‚       â”‚   â”œâ”€â”€ burn-ndarray v0.20.1
[18:34:42]           â”‚   â”‚       â”‚   â”‚   â”œâ”€â”€ burn v0.20.1 (*)
[18:34:42]           â”‚   â”‚       â”‚   â”‚   â””â”€â”€ kataglyphis_rustprojecttemplate v0.1.0 (*)
[18:34:42]           â”‚   â”‚       â”‚   â””â”€â”€ kataglyphis_rustprojecttemplate v0.1.0 (*)
[18:34:42]           â”‚   â”‚       â”œâ”€â”€ burn-ir v0.20.1
[18:34:42]           â”‚   â”‚       â”‚   â””â”€â”€ burn-ndarray v0.20.1 (*)
[18:34:42]           â”‚   â”‚       â”œâ”€â”€ burn-ndarray v0.20.1 (*)
[18:34:42]           â”‚   â”‚       â””â”€â”€ burn-tensor v0.20.1
[18:34:42]           â”‚   â”‚           â””â”€â”€ burn-core v0.20.1
[18:34:42]           â”‚   â”‚               â”œâ”€â”€ burn v0.20.1 (*)
[18:34:42]           â”‚   â”‚               â”œâ”€â”€ burn-nn v0.20.1
[18:34:42]           â”‚   â”‚               â”‚   â””â”€â”€ burn v0.20.1 (*)
[18:34:42]           â”‚   â”‚               â””â”€â”€ burn-optim v0.20.1
[18:34:42]           â”‚   â”‚                   â””â”€â”€ burn v0.20.1 (*)
[18:34:42]           â”‚   â””â”€â”€ cubecl-core v0.9.0
[18:34:42]           â”‚       â””â”€â”€ cubecl v0.9.0 (*)
[18:34:42]           â””â”€â”€ system-deps v7.0.7
[18:34:42]               â”œâ”€â”€ (build) cairo-sys-rs v0.22.0
[18:34:42]               â”‚   â”œâ”€â”€ cairo-rs v0.22.0
[18:34:42]               â”‚   â”‚   â”œâ”€â”€ gdk4 v0.11.0
[18:34:42]               â”‚   â”‚   â”‚   â”œâ”€â”€ gsk4 v0.11.0
[18:34:42]               â”‚   â”‚   â”‚   â”‚   â””â”€â”€ gtk4 v0.11.0
[18:34:42]               â”‚   â”‚   â”‚   â”‚       â””â”€â”€ kataglyphis_rustprojecttemplate v0.1.0 (*)
[18:34:42]               â”‚   â”‚   â”‚   â””â”€â”€ gtk4 v0.11.0 (*)
[18:34:42]               â”‚   â”‚   â”œâ”€â”€ gsk4 v0.11.0 (*)
[18:34:42]               â”‚   â”‚   â””â”€â”€ gtk4 v0.11.0 (*)
[18:34:42]               â”‚   â”œâ”€â”€ gdk4-sys v0.11.0
[18:34:42]               â”‚   â”‚   â”œâ”€â”€ gdk4 v0.11.0 (*)
[18:34:42]               â”‚   â”‚   â”œâ”€â”€ gsk4-sys v0.11.0
[18:34:42]               â”‚   â”‚   â”‚   â”œâ”€â”€ gsk4 v0.11.0 (*)
[18:34:42]               â”‚   â”‚   â”‚   â””â”€â”€ gtk4-sys v0.11.0
[18:34:42]               â”‚   â”‚   â”‚       â””â”€â”€ gtk4 v0.11.0 (*)
[18:34:42]               â”‚   â”‚   â””â”€â”€ gtk4-sys v0.11.0 (*)
[18:34:42]               â”‚   â”œâ”€â”€ gsk4-sys v0.11.0 (*)
[18:34:42]               â”‚   â””â”€â”€ gtk4-sys v0.11.0 (*)
[18:34:42]               â”œâ”€â”€ (build) gdk-pixbuf-sys v0.22.0
[18:34:42]               â”‚   â”œâ”€â”€ gdk-pixbuf v0.22.0
[18:34:42]               â”‚   â”‚   â”œâ”€â”€ gdk4 v0.11.0 (*)
[18:34:42]               â”‚   â”‚   â””â”€â”€ gtk4 v0.11.0 (*)
[18:34:42]               â”‚   â”œâ”€â”€ gdk4-sys v0.11.0 (*)
[18:34:42]               â”‚   â””â”€â”€ gtk4-sys v0.11.0 (*)
[18:34:42]               â”œâ”€â”€ (build) gdk4-sys v0.11.0 (*)
[18:34:42]               â”œâ”€â”€ (build) gio-sys v0.22.0
[18:34:42]               â”‚   â”œâ”€â”€ gdk-pixbuf-sys v0.22.0 (*)
[18:34:42]               â”‚   â”œâ”€â”€ gdk4-sys v0.11.0 (*)
[18:34:42]               â”‚   â”œâ”€â”€ gio v0.22.2
[18:34:42]               â”‚   â”‚   â”œâ”€â”€ gdk-pixbuf v0.22.0 (*)
[18:34:42]               â”‚   â”‚   â”œâ”€â”€ gdk4 v0.11.0 (*)
[18:34:42]               â”‚   â”‚   â”œâ”€â”€ gtk4 v0.11.0 (*)
[18:34:42]               â”‚   â”‚   â””â”€â”€ pango v0.22.0
[18:34:42]               â”‚   â”‚       â”œâ”€â”€ gdk4 v0.11.0 (*)
[18:34:42]               â”‚   â”‚       â”œâ”€â”€ gsk4 v0.11.0 (*)
[18:34:42]               â”‚   â”‚       â””â”€â”€ gtk4 v0.11.0 (*)
[18:34:42]               â”‚   â”œâ”€â”€ glib v0.22.2
[18:34:42]               â”‚   â”‚   â”œâ”€â”€ cairo-rs v0.22.0 (*)
[18:34:42]               â”‚   â”‚   â”œâ”€â”€ gdk-pixbuf v0.22.0 (*)
[18:34:42]               â”‚   â”‚   â”œâ”€â”€ gdk4 v0.11.0 (*)
[18:34:42]               â”‚   â”‚   â”œâ”€â”€ gio v0.22.2 (*)
[18:34:42]               â”‚   â”‚   â”œâ”€â”€ graphene-rs v0.22.0
[18:34:42]               â”‚   â”‚   â”‚   â”œâ”€â”€ gsk4 v0.11.0 (*)
[18:34:42]               â”‚   â”‚   â”‚   â””â”€â”€ gtk4 v0.11.0 (*)
[18:34:42]               â”‚   â”‚   â”œâ”€â”€ gsk4 v0.11.0 (*)
[18:34:42]               â”‚   â”‚   â”œâ”€â”€ gstreamer v0.25.1
[18:34:42]               â”‚   â”‚   â”‚   â”œâ”€â”€ gstreamer-app v0.25.0
[18:34:42]               â”‚   â”‚   â”‚   â”‚   â””â”€â”€ kataglyphis_rustprojecttemplate v0.1.0 (*)
[18:34:42]               â”‚   â”‚   â”‚   â”œâ”€â”€ gstreamer-base v0.25.0
[18:34:42]               â”‚   â”‚   â”‚   â”‚   â””â”€â”€ gstreamer-app v0.25.0 (*)
[18:34:42]               â”‚   â”‚   â”‚   â””â”€â”€ kataglyphis_rustprojecttemplate v0.1.0 (*)
[18:34:42]               â”‚   â”‚   â”œâ”€â”€ gstreamer-app v0.25.0 (*)
[18:34:42]               â”‚   â”‚   â”œâ”€â”€ gstreamer-base v0.25.0 (*)
[18:34:42]               â”‚   â”‚   â”œâ”€â”€ gtk4 v0.11.0 (*)
[18:34:42]               â”‚   â”‚   â””â”€â”€ pango v0.22.0 (*)
[18:34:42]               â”‚   â””â”€â”€ gtk4-sys v0.11.0 (*)
[18:34:42]               â”œâ”€â”€ (build) glib-sys v0.22.0
[18:34:42]               â”‚   â”œâ”€â”€ gdk-pixbuf-sys v0.22.0 (*)
[18:34:42]               â”‚   â”œâ”€â”€ gdk4-sys v0.11.0 (*)
[18:34:42]               â”‚   â”œâ”€â”€ gio-sys v0.22.0 (*)
[18:34:42]               â”‚   â”œâ”€â”€ glib v0.22.2 (*)
[18:34:42]               â”‚   â”œâ”€â”€ gobject-sys v0.22.0
[18:34:42]               â”‚   â”‚   â”œâ”€â”€ gdk-pixbuf-sys v0.22.0 (*)
[18:34:42]               â”‚   â”‚   â”œâ”€â”€ gdk4-sys v0.11.0 (*)
[18:34:42]               â”‚   â”‚   â”œâ”€â”€ gio-sys v0.22.0 (*)
[18:34:42]               â”‚   â”‚   â”œâ”€â”€ glib v0.22.2 (*)
[18:34:42]               â”‚   â”‚   â”œâ”€â”€ gsk4-sys v0.11.0 (*)
[18:34:42]               â”‚   â”‚   â”œâ”€â”€ gstreamer-base-sys v0.25.0
[18:34:42]               â”‚   â”‚   â”‚   â”œâ”€â”€ gstreamer-app-sys v0.25.0
[18:34:42]               â”‚   â”‚   â”‚   â”‚   â””â”€â”€ gstreamer-app v0.25.0 (*)
[18:34:42]               â”‚   â”‚   â”‚   â””â”€â”€ gstreamer-base v0.25.0 (*)
[18:34:42]               â”‚   â”‚   â”œâ”€â”€ gstreamer-sys v0.25.0
[18:34:42]               â”‚   â”‚   â”‚   â”œâ”€â”€ gstreamer v0.25.1 (*)
[18:34:42]               â”‚   â”‚   â”‚   â”œâ”€â”€ gstreamer-app-sys v0.25.0 (*)
[18:34:42]               â”‚   â”‚   â”‚   â””â”€â”€ gstreamer-base-sys v0.25.0 (*)
[18:34:42]               â”‚   â”‚   â”œâ”€â”€ gtk4-sys v0.11.0 (*)
[18:34:42]               â”‚   â”‚   â””â”€â”€ pango-sys v0.22.0
[18:34:42]               â”‚   â”‚       â”œâ”€â”€ gdk4-sys v0.11.0 (*)
[18:34:42]               â”‚   â”‚       â”œâ”€â”€ gsk4-sys v0.11.0 (*)
[18:34:42]               â”‚   â”‚       â”œâ”€â”€ gtk4-sys v0.11.0 (*)
[18:34:42]               â”‚   â”‚       â””â”€â”€ pango v0.22.0 (*)
[18:34:42]               â”‚   â”œâ”€â”€ graphene-sys v0.22.0
[18:34:42]               â”‚   â”‚   â”œâ”€â”€ graphene-rs v0.22.0 (*)
[18:34:42]               â”‚   â”‚   â”œâ”€â”€ gsk4-sys v0.11.0 (*)
[18:34:42]               â”‚   â”‚   â””â”€â”€ gtk4-sys v0.11.0 (*)
[18:34:42]               â”‚   â”œâ”€â”€ gsk4-sys v0.11.0 (*)
[18:34:42]               â”‚   â”œâ”€â”€ gstreamer-app-sys v0.25.0 (*)
[18:34:42]               â”‚   â”œâ”€â”€ gstreamer-base-sys v0.25.0 (*)
[18:34:42]               â”‚   â”œâ”€â”€ gstreamer-sys v0.25.0 (*)
[18:34:42]               â”‚   â”œâ”€â”€ gtk4-sys v0.11.0 (*)
[18:34:42]               â”‚   â””â”€â”€ pango-sys v0.22.0 (*)
[18:34:42]               â”œâ”€â”€ (build) gobject-sys v0.22.0 (*)
[18:34:42]               â”œâ”€â”€ (build) graphene-sys v0.22.0 (*)
[18:34:42]               â”œâ”€â”€ (build) gsk4-sys v0.11.0 (*)
[18:34:42]               â”œâ”€â”€ (build) gstreamer-app-sys v0.25.0 (*)
[18:34:42]               â”œâ”€â”€ (build) gstreamer-base-sys v0.25.0 (*)
[18:34:42]               â”œâ”€â”€ (build) gstreamer-sys v0.25.0 (*)
[18:34:42]               â”œâ”€â”€ (build) gtk4-sys v0.11.0 (*)
[18:34:42]               â””â”€â”€ (build) pango-sys v0.22.0 (*)
[18:34:42]     â”œ toml_datetime v1.0.0+spec-1.1.0
[18:34:42]       â””â”€â”€ toml_edit v0.25.4+spec-1.1.0
[18:34:42]           â””â”€â”€ proc-macro-crate v3.5.0
[18:34:42]               â””â”€â”€ gtk4-macros v0.11.0
[18:34:42]                   â””â”€â”€ gtk4 v0.11.0
[18:34:42]                       â””â”€â”€ kataglyphis_rustprojecttemplate v0.1.0
[18:34:42] warning[duplicate]: found 2 duplicate entries for crate 'ttf-parser'
[18:34:42]     â”Œâ”€ C:\workspace/Cargo.lock:444:1
[18:34:42]     â”‚  
[18:34:42] 444 â”‚ â•­ ttf-parser 0.20.0 registry+https://github.com/rust-lang/crates.io-index
[18:34:42] 445 â”‚ â”‚ ttf-parser 0.25.1 registry+https://github.com/rust-lang/crates.io-index
[18:34:42]     â”‚ â•°â”€â”€â”€â”€â”€â”€â”€â”€â”€â”€â”€â”€â”€â”€â”€â”€â”€â”€â”€â”€â”€â”€â”€â”€â”€â”€â”€â”€â”€â”€â”€â”€â”€â”€â”€â”€â”€â”€â”€â”€â”€â”€â”€â”€â”€â”€â”€â”€â”€â”€â”€â”€â”€â”€â”€â”€â”€â”€â”€â”€â”€â”€â”€â”€â”€â”€â”€â”€â”€â”€â”€â”˜ lock entries
[18:34:42]     â”‚  
[18:34:42]     â”œ ttf-parser v0.20.0
[18:34:42]       â””â”€â”€ plotters v0.3.7
[18:34:42]           â””â”€â”€ kataglyphis_rustprojecttemplate v0.1.0
[18:34:42]     â”œ ttf-parser v0.25.1
[18:34:42]       â””â”€â”€ owned_ttf_parser v0.25.1
[18:34:42]           â””â”€â”€ ab_glyph v0.2.32
[18:34:42]               â”œâ”€â”€ epaint v0.33.3
[18:34:42]               â”‚   â”œâ”€â”€ egui v0.33.3
[18:34:42]               â”‚   â”‚   â”œâ”€â”€ egui-wgpu v0.33.3
[18:34:42]               â”‚   â”‚   â”‚   â””â”€â”€ kataglyphis_rustprojecttemplate v0.1.0
[18:34:42]               â”‚   â”‚   â”œâ”€â”€ egui-winit v0.33.3
[18:34:42]               â”‚   â”‚   â”‚   â””â”€â”€ kataglyphis_rustprojecttemplate v0.1.0 (*)
[18:34:42]               â”‚   â”‚   â””â”€â”€ kataglyphis_rustprojecttemplate v0.1.0 (*)
[18:34:42]               â”‚   â””â”€â”€ egui-wgpu v0.33.3 (*)
[18:34:42]               â””â”€â”€ sctk-adwaita v0.10.1
[18:34:42]                   â””â”€â”€ winit v0.30.13
[18:34:42]                       â”œâ”€â”€ egui-winit v0.33.3 (*)
[18:34:42]                       â””â”€â”€ kataglyphis_rustprojecttemplate v0.1.0 (*)
[18:34:42] warning[no-license-field]: license expression was not specified in manifest for crate 'allo-isolate = 0.1.27'
[18:34:42]  â”œ allo-isolate v0.1.27
[18:34:42]    â””â”€â”€ flutter_rust_bridge v2.11.1
[18:34:42]        â””â”€â”€ kataglyphis_rustprojecttemplate v0.1.0
[18:34:42] WARNING: cargo deny checks failed or not available: Command failed with exit code 1: cargo deny check advisories licenses bans sources
[18:34:42] SUCCESS: <<< Completed: Security Checks (audit & deny) (Duration: 27:18.746)

[18:34:42] >>> Starting: Format Check
[18:34:42] ============================================================
[18:34:42] CMD: rustup component add rustfmt
[18:34:43] info: component rustfmt is up to date
[18:34:43] CMD: cargo fmt --all -- --check
[18:34:44] SUCCESS: <<< Completed: Format Check (Duration: 00:02.037)

[18:34:44] >>> Starting: Linting (cargo clippy)
[18:34:44] ============================================================
[18:34:44] CMD: rustup component add clippy
[18:34:45] info: component clippy is up to date
[18:34:45] CMD: cargo clippy --all-targets --all-features -- -D warnings
[18:59:13]    Compiling proc-macro2 v1.0.106
[18:59:13]    Compiling quote v1.0.45
[18:59:13]    Compiling unicode-ident v1.0.24
[18:59:13]    Compiling serde_core v1.0.228
[18:59:13]     Checking windows-link v0.2.1
[18:59:13]    Compiling syn v2.0.117
[18:59:13]    Compiling autocfg v1.5.0
[18:59:13]     Checking cfg-if v1.0.4
[18:59:13]    Compiling libm v0.2.16
[18:59:13]    Compiling num-traits v0.2.19
[18:59:13]    Compiling smallvec v1.15.1
[18:59:13]     Checking memchr v2.8.0
[18:59:13]    Compiling winnow v0.7.15
[18:59:13]    Compiling toml_parser v1.0.9+spec-1.1.0
[18:59:13]    Compiling target-lexicon v0.13.3
[18:59:13]    Compiling heck v0.5.0
[18:59:13]    Compiling zerocopy v0.8.42
[18:59:13]    Compiling serde_spanned v1.0.4
[18:59:13]    Compiling toml_datetime v0.7.5+spec-1.1.0
[18:59:13]    Compiling serde v1.0.228
[18:59:13]    Compiling toml v0.9.12+spec-1.1.0
[18:59:13]    Compiling cfg-expr v0.20.7
[18:59:13]    Compiling pkg-config v0.3.32
[18:59:13]    Compiling version-compare v0.2.1
[18:59:13]    Compiling system-deps v7.0.7
[18:59:13]     Checking windows-sys v0.61.2
[18:59:13]     Checking bitflags v2.11.0
[18:59:13]    Compiling cfg_aliases v0.2.1
[18:59:13]     Checking once_cell v1.21.3
[18:59:13]     Checking log v0.4.29
[18:59:13]     Checking pin-project-lite v0.2.17
[18:59:13]    Compiling libc v0.2.183
[18:59:13]    Compiling crossbeam-utils v0.8.21
[18:59:13]     Checking futures-core v0.3.32
[18:59:13]     Checking aho-corasick v1.1.4
[18:59:13]     Checking regex-syntax v0.8.10
[18:59:13]    Compiling serde_derive v1.0.228
[18:59:13]    Compiling zerocopy-derive v0.8.42
[18:59:13]    Compiling bytemuck_derive v1.10.2
[18:59:13]     Checking regex-automata v0.4.14
[18:59:13]     Checking futures-io v0.3.32
[18:59:13]    Compiling parking_lot_core v0.9.12
[18:59:13]     Checking scopeguard v1.2.0
[18:59:13]     Checking lock_api v0.4.14
[18:59:13]     Checking regex v1.12.3
[18:59:13]    Compiling unicode-segmentation v1.12.0
[18:59:13]     Checking parking_lot v0.12.5
[18:59:13]    Compiling version_check v0.9.5
[18:59:13]     Checking bytemuck v1.25.0
[18:59:13]     Checking half v2.7.1
[18:59:13]    Compiling glib-sys v0.22.0
[18:59:13]    Compiling fnv v1.0.7
[18:59:13]    Compiling strsim v0.11.1
[18:59:13]    Compiling thiserror v2.0.18
[18:59:13]    Compiling ident_case v1.0.1
[18:59:13]    Compiling thiserror-impl v2.0.18
[18:59:13]    Compiling equivalent v1.0.2
[18:59:13]     Checking allocator-api2 v0.2.21
[18:59:13]     Checking itoa v1.0.17
[18:59:13]     Checking ppv-lite86 v0.2.21
[18:59:13]    Compiling gobject-sys v0.22.0
[18:59:13]    Compiling zmij v1.0.21
[18:59:13]     Checking foldhash v0.1.5
[18:59:13]    Compiling shlex v1.3.0
[18:59:13]    Compiling find-msvc-tools v0.1.9
[18:59:13]    Compiling cc v1.2.56
[18:59:13]     Checking hashbrown v0.15.5
[18:59:13]    Compiling serde_json v1.0.149
[18:59:13]    Compiling getrandom v0.3.4
[18:59:13]    Compiling darling_core v0.21.3
[18:59:13]    Compiling convert_case v0.10.0
[18:59:13]    Compiling unicode-xid v0.2.6
[18:59:13]     Checking either v1.15.0
[18:59:13]    Compiling derive_more-impl v2.1.1
[18:59:13]    Compiling darling_macro v0.21.3
[18:59:13]    Compiling ahash v0.8.12
[18:59:13]     Checking num-integer v0.1.46
[18:59:13]    Compiling portable-atomic v1.13.1
[18:59:13]     Checking parking v2.2.1
[18:59:13]    Compiling darling v0.21.3
[18:59:13]     Checking rand_core v0.9.5
[18:59:13]    Compiling derive-new v0.7.0
[18:59:13]    Compiling tracing-attributes v0.1.31
[18:59:13]     Checking tracing-core v0.1.36
[18:59:13]    Compiling gio-sys v0.22.0
[18:59:13]    Compiling synstructure v0.13.2
[18:59:13]     Checking foldhash v0.2.0
[18:59:13]     Checking simd-adler32 v0.3.8
[18:59:13]    Compiling crc32fast v1.5.0
[18:59:13]     Checking rustc-demangle v0.1.27
[18:59:13]    Compiling ucd-trie v0.1.7
[18:59:13]     Checking futures-sink v0.3.32
[18:59:13]     Checking futures-channel v0.3.32
[18:59:13]    Compiling pest v2.8.6
[18:59:13]     Checking backtrace v0.3.76
[18:59:13]     Checking tracing v0.1.44
[18:59:13]     Checking rand_chacha v0.9.0
[18:59:13]    Compiling futures-macro v0.3.32
[18:59:13]     Checking slab v0.4.12
[18:59:13]     Checking fastrand v2.3.0
[18:59:13]     Checking option-ext v0.2.0
[18:59:13]     Checking bytes v1.11.1
[18:59:13]    Compiling num-conv v0.2.0
[18:59:13]     Checking adler2 v2.0.1
[18:59:13]     Checking web-time v1.1.0
[18:59:13]     Checking futures-task v0.3.32
[18:59:13]    Compiling time-core v0.1.8
[18:59:13]    Compiling time-macros v0.2.27
[18:59:13]     Checking miniz_oxide v0.8.9
[18:59:13]     Checking dirs-sys v0.5.0
[18:59:13]     Checking rand v0.9.2
[18:59:13]    Compiling pest_meta v2.8.6
[18:59:13]     Checking futures-util v0.3.32
[18:59:13]    Compiling zerofrom-derive v0.1.6
[18:59:13]     Checking hashbrown v0.16.1
[18:59:13]     Checking concurrent-queue v2.5.0
[18:59:13]    Compiling cubecl-common v0.9.0
[18:59:13]    Compiling semver v1.0.27
[18:59:13]     Checking float-ord v0.3.2
[18:59:13]    Compiling windows_x86_64_msvc v0.52.6
[18:59:13]    Compiling prettyplease v0.2.37
[18:59:13]    Compiling rustc_version v0.4.1
[18:59:13]     Checking event-listener v5.4.1
[18:59:13]     Checking flate2 v1.1.9
[18:59:13]     Checking futures-executor v0.3.32
[18:59:13]    Compiling pest_generator v2.8.6
[18:59:13]     Checking dirs v6.0.0
[18:59:13]     Checking futures-lite v2.6.1
[18:59:13]     Checking spin v0.10.0
[18:59:13]    Compiling yoke-derive v0.8.1
[18:59:13]     Checking zerofrom v0.1.6
[18:59:13]    Compiling enumset_derive v0.14.0
[18:59:13]     Checking derive_more v2.1.1
[18:59:13]    Compiling winapi-util v0.1.11
[18:59:13]     Checking float8 v0.4.2
[18:59:13]     Checking sanitize-filename v0.6.0
[18:59:13]     Checking serde_bytes v0.11.19
[18:59:13]    Compiling percent-encoding v2.3.2
[18:59:13]     Checking float4 v0.1.0
[18:59:13]     Checking embassy-futures v0.1.2
[18:59:13]     Checking stable_deref_trait v1.2.1
[18:59:13]    Compiling paste v1.0.15
[18:59:13]     Checking num_cpus v1.17.0
[18:59:13]     Checking yoke v0.8.1
[18:59:13]     Checking enumset v1.1.10
[18:59:13]    Compiling pest_derive v2.8.6
[18:59:13]     Checking event-listener-strategy v0.5.4
[18:59:13]    Compiling cubecl-macros-internal v0.9.0
[18:59:13]    Compiling variadics_please v1.1.0
[18:59:13]    Compiling liquid-derive v0.26.10
[18:59:13]     Checking crossbeam-channel v0.5.15
[18:59:13]    Compiling cubecl-runtime v0.9.0
[18:59:13]    Compiling matrixmultiply v0.3.10
[18:59:13]    Compiling anyhow v1.0.102
[18:59:13]    Compiling cubecl-macros v0.9.0
[18:59:13]     Checking toml_writer v1.0.6+spec-1.1.0
[18:59:13]     Checking cubecl-ir v0.9.0
[18:59:13]     Checking thread-tree v0.3.3
[18:59:13]     Checking windows-targets v0.52.6
[18:59:13]     Checking async-channel v2.5.0
[18:59:13]    Compiling zerovec-derive v0.11.2
[18:59:13]     Checking num-complex v0.4.6
[18:59:13]     Checking md5 v0.8.0
[18:59:13]     Checking rawpointer v0.2.1
[18:59:13]    Compiling powerfmt v0.2.0
[18:59:13]    Compiling deranged v0.5.8
[18:59:13]     Checking zerovec v0.11.5
[18:59:13]    Compiling displaydoc v0.2.5
[18:59:13]    Compiling glib-macros v0.22.2
[18:59:13]     Checking static_assertions v1.1.0
[18:59:13]    Compiling cubecl v0.9.0
[18:59:13]    Compiling kstring v2.0.2
[18:59:13]     Checking cubecl-core v0.9.0
[18:59:13]    Compiling time v0.3.47
[18:59:13]     Checking glib v0.22.2
[18:59:13]    Compiling itertools v0.14.0
[18:59:13]     Checking byteorder v1.5.0
[18:59:13]    Compiling syn v1.0.109
[18:59:13]    Compiling khronos_api v3.1.0
[18:59:13]     Checking lazy_static v1.5.0
[18:59:13]    Compiling anymap2 v0.13.0
[18:59:13]    Compiling liquid-core v0.26.11
[18:59:13]    Compiling tinyvec_macros v0.1.1
[18:59:13]    Compiling tinyvec v1.10.0
[18:59:13]    Compiling indexmap v2.13.0
[18:59:13]    Compiling liquid-lib v0.26.11
[18:59:13]     Checking burn-std v0.20.1
[18:59:13]     Checking tinystr v0.8.2
[18:59:13]     Checking windows-result v0.2.0
[18:59:13]    Compiling same-file v1.0.6
[18:59:13]     Checking rand_distr v0.5.1
[18:59:13]    Compiling pango-sys v0.22.0
[18:59:13]    Compiling cairo-sys-rs v0.22.0
[18:59:13]    Compiling gdk-pixbuf-sys v0.22.0
[18:59:13]    Compiling typenum v1.19.0
[18:59:13]     Checking litemap v0.8.1
[18:59:13]     Checking writeable v0.6.2
[18:59:13]    Compiling xml-rs v0.8.28
[18:59:13]    Compiling gl_generator v0.14.0
[18:59:13]     Checking icu_locale_core v2.1.1
[18:59:13]     Checking burn-backend v0.20.1
[18:59:13]    Compiling walkdir v2.5.0
[18:59:13]     Checking windows-strings v0.1.0
[18:59:13]    Compiling liquid v0.26.11
[18:59:13]    Compiling unicode-normalization v0.1.25
[18:59:13]     Checking zerotrie v0.2.3
[18:59:13]     Checking potential_utf v0.1.4
[18:59:13]     Checking hashbrown v0.14.5
[18:59:13]     Checking fdeflate v0.3.7
[18:59:13]    Compiling generic-array v0.14.7
[18:59:13]    Compiling windows-interface v0.58.0
[18:59:13]    Compiling windows-implement v0.58.0
[18:59:13]     Checking nom v8.0.0
[18:59:13]    Compiling winapi v0.3.9
[18:59:13]    Compiling httparse v1.10.1
[18:59:13]    Compiling icu_properties_data v2.1.2
[18:59:13]     Checking profiling v1.0.17
[18:59:13]    Compiling zeroize v1.8.2
[18:59:13]    Compiling icu_normalizer_data v2.1.1
[18:59:13]    Compiling thiserror v1.0.69
[18:59:13]     Checking windows-core v0.58.0
[18:59:13]     Checking nom-language v0.1.0
[18:59:13]    Compiling tract-linalg v0.22.1
[18:59:13]     Checking string-interner v0.15.0
[18:59:13]     Checking icu_collections v2.1.1
[18:59:13]     Checking icu_provider v2.1.1
[18:59:13]    Compiling glutin_wgl_sys v0.6.1
[18:59:13]     Checking ndarray v0.16.1
[18:59:13]     Checking itertools v0.12.1
[18:59:13]     Checking scan_fmt v0.2.6
[18:59:13]    Compiling windows-implement v0.60.2
[18:59:13]    Compiling thiserror-impl v1.0.69
[18:59:13]    Compiling windows-interface v0.59.3
[18:59:13]     Checking crossbeam-epoch v0.9.18
[18:59:13]    Compiling naga v27.0.3
[18:59:13]    Compiling gdk4-sys v0.11.0
[18:59:13]    Compiling graphene-sys v0.22.0
[18:59:13]    Compiling gstreamer-sys v0.25.0
[18:59:13]     Checking windows-result v0.4.1
[18:59:13]     Checking windows-strings v0.5.1
[18:59:13]     Checking libloading v0.8.9
[18:59:13]     Checking bit-vec v0.8.0
[18:59:13]     Checking raw-window-handle v0.6.2
[18:59:13]    Compiling khronos-egl v6.0.0
[18:59:13]    Compiling crunchy v0.2.4
[18:59:13]     Checking unicode-width v0.2.2
[18:59:13]     Checking anstyle v1.0.13
[18:59:13]    Compiling rayon-core v1.13.0
[18:59:13]    Compiling base64ct v1.8.3
[18:59:13]     Checking maplit v1.0.2
[18:59:13]     Checking strength_reduce v0.2.4
[18:59:13]    Compiling native-tls v0.2.18
[18:59:13]     Checking downcast-rs v1.2.1
[18:59:13]    Compiling ash v0.38.0+1.3.281
[18:59:13]     Checking dyn-hash v0.2.2
[18:59:13]     Checking dyn-clone v1.0.20
[18:59:13]     Checking tract-data v0.22.1
[18:59:13]    Compiling http v1.4.0
[18:59:13]     Checking transpose v0.2.3
[18:59:13]    Compiling pem-rfc7468 v0.7.0
[18:59:13]     Checking codespan-reporting v0.12.0
[18:59:13]     Checking bit-set v0.8.0
[18:59:13]     Checking windows-core v0.62.2
[18:59:14]     Checking crossbeam-deque v0.8.6
[18:59:14]     Checking windows v0.58.0
[18:59:14]    Compiling rustls-pki-types v1.14.0
[18:59:14]    Compiling derive-new v0.5.9
[18:59:14]     Checking primal-check v0.3.4
[18:59:14]    Compiling schannel v0.1.29
[18:59:14]    Compiling darling_core v0.20.11
[18:59:14]    Compiling wgpu-hal v27.0.4
[18:59:14]     Checking spirv v0.3.0+sdk-1.3.268.0
[18:59:14]     Checking gpu-alloc-types v0.3.0
[18:59:14]     Checking gpu-descriptor-types v0.2.0
[18:59:14]     Checking getrandom v0.2.17
[18:59:14]    Compiling pastey v0.1.1
[18:59:14]     Checking rustc-hash v1.1.0
[18:59:14]     Checking arrayvec v0.7.6
[18:59:14]    Compiling windows_x86_64_msvc v0.53.1
[18:59:14]     Checking bit-vec v0.6.3
[18:59:14]     Checking ttf-parser v0.25.1
[18:59:14]     Checking hexf-parse v0.2.1
[18:59:14]     Checking presser v0.3.1
[18:59:14]    Compiling tiny-keccak v2.0.2
[18:59:14]    Compiling base64 v0.22.1
[18:59:14]    Compiling socks v0.3.4
[18:59:14]    Compiling ureq-proto v0.5.3
[18:59:14]     Checking gpu-allocator v0.27.0
[18:59:14]     Checking owned_ttf_parser v0.25.1
[18:59:14]     Checking bit-set v0.5.3
[18:59:14]     Checking rand_core v0.6.4
[18:59:14]     Checking gpu-descriptor v0.3.2
[18:59:14]     Checking gpu-alloc v0.6.0
[18:59:14]     Checking rustfft v6.4.1
[18:59:14]    Compiling darling_macro v0.20.11
[18:59:14]    Compiling webpki-root-certs v1.0.6
[18:59:14]     Checking icu_normalizer v2.1.1
[18:59:14]     Checking icu_properties v2.1.2
[18:59:14]    Compiling der v0.7.10
[18:59:14]     Checking gio v0.22.2
[18:59:14]    Compiling pathfinder_simd v0.5.5
[18:59:14]    Compiling link-cplusplus v1.0.12
[18:59:14]     Checking wgpu-types v27.0.1
[18:59:14]     Checking emath v0.33.3
[18:59:14]     Checking colored v3.1.1
[18:59:14]    Compiling gstreamer-base-sys v0.25.0
[18:59:14]    Compiling gsk4-sys v0.11.0
[18:59:14]     Checking rmp v0.8.15
[18:59:14]     Checking ordered-float v5.0.0
[18:59:14]     Checking renderdoc-sys v1.1.0
[18:59:14]     Checking ab_glyph_rasterizer v0.1.10
[18:59:14]     Checking utf8parse v0.2.2
[18:59:14]     Checking glow v0.16.0
[18:59:14]     Checking unty v0.0.4
[18:59:14]     Checking anymap3 v1.0.1
[18:59:14]    Compiling scratch v1.0.9
[18:59:14]     Checking range-alloc v0.1.5
[18:59:14]     Checking once_cell_polyfill v1.70.2
[18:59:14]    Compiling utf-8 v0.7.6
[18:59:14]    Compiling ureq v3.2.0
[18:59:14]     Checking anstyle-wincon v3.0.11
[18:59:14]     Checking tract-core v0.22.1
[18:59:14]     Checking bincode v2.0.1
[18:59:14]     Checking anstyle-parse v0.2.7
[18:59:14]     Checking ab_glyph v0.2.32
[18:59:14]     Checking rmp-serde v1.3.1
[18:59:14]     Checking burn-tensor v0.20.1
[18:59:14]     Checking ecolor v0.33.3
[18:59:14]    Compiling darling v0.20.11
[18:59:14]     Checking rayon v1.11.0
[18:59:14]     Checking idna_adapter v1.2.1
[18:59:14]     Checking rand_chacha v0.3.1
[18:59:14]    Compiling block-buffer v0.10.4
[18:59:14]    Compiling crypto-common v0.1.7
[18:59:14]    Compiling termcolor v1.4.1
[18:59:14]    Compiling macerator v0.2.10
[18:59:14]    Compiling burn-derive v0.20.1
[18:59:14]    Compiling wgpu-core v27.0.3
[18:59:14]     Checking anstyle-query v1.1.5
[18:59:14]     Checking filetime v0.2.27
[18:59:14]    Compiling memoffset v0.9.1
[18:59:14]     Checking windows-threading v0.2.1
[18:59:14]     Checking colorchoice v1.0.4
[18:59:14]     Checking data-encoding v2.10.0
[18:59:14]     Checking color_quant v1.1.0
[18:59:14]    Compiling litrs v1.0.0
[18:59:14]     Checking is_terminal_polyfill v1.70.2
[18:59:14]     Checking nohash-hasher v0.2.0
[18:59:14]    Compiling cxxbridge-flags v1.0.194
[18:59:14]     Checking utf8_iter v1.0.4
[18:59:14]    Compiling pastey v0.2.1
[18:59:14]    Compiling lzma-rust2 v0.15.7
[18:59:14]    Compiling toml_datetime v1.0.0+spec-1.1.0
[18:59:14]     Checking uuid v1.22.0
[18:59:14]     Checking bitflags v1.3.2
[18:59:14]    Compiling hmac-sha256 v1.1.14
[18:59:14]     Checking epaint_default_fonts v0.33.3
[18:59:14]     Checking pxfm v0.1.28
[18:59:14]     Checking moxcms v0.8.1
[18:59:14]    Compiling const-random-macro v0.1.16
[18:59:14]     Checking epaint v0.33.3
[18:59:14]    Compiling codespan-reporting v0.13.1
[18:59:14]     Checking burn-core v0.20.1
[18:59:14]    Compiling ort-sys v2.0.0-rc.12
[18:59:14]     Checking png v0.17.16
[18:59:14]    Compiling toml_edit v0.25.4+spec-1.1.0
[18:59:14]     Checking option-operations v0.6.1
[18:59:14]     Checking idna v1.1.0
[18:59:14]    Compiling cxx v1.0.194
[18:59:14]     Checking anstream v0.6.21
[18:59:14]    Compiling document-features v0.2.12
[18:59:14]     Checking windows-future v0.3.2
[18:59:14]     Checking tar v0.4.44
[18:59:14]    Compiling digest v0.10.7
[18:59:14]     Checking windows-targets v0.53.5
[18:59:14]     Checking ndarray v0.17.2
[18:59:14]     Checking rand v0.8.5
[18:59:14]    Compiling macerator-macros v0.1.4
[18:59:14]     Checking wgpu-core-deps-windows-linux-android v27.0.0
[18:59:14]     Checking pango v0.22.0
[18:59:14]     Checking gdk-pixbuf v0.22.0
[18:59:14]     Checking wio v0.2.2
[18:59:14]     Checking windows-collections v0.3.2
[18:59:14]     Checking windows-numerics v0.3.1
[18:59:14]     Checking cairo-rs v0.22.0
[18:59:14]     Checking png v0.18.1
[18:59:14]     Checking form_urlencoded v1.2.2
[18:59:14]    Compiling itertools v0.10.5
[18:59:14]    Compiling field-offset v0.3.6
[18:59:14]     Checking num-rational v0.4.2
[18:59:14]     Checking safetensors v0.6.2
[18:59:14]    Compiling dart-sys v4.1.5
[18:59:14]    Compiling wgpu v27.0.1
[18:59:14]    Compiling winit v0.30.13
[18:59:14]    Compiling gtk4-sys v0.11.0
[18:59:14]    Compiling gstreamer-app-sys v0.25.0
[18:59:14]     Checking muldiv v1.0.1
[18:59:14]    Compiling font-kit v0.14.3
[18:59:14]     Checking moddef v0.3.0
[18:59:14]     Checking byteorder-lite v0.1.0
[18:59:14]    Compiling build-target v0.4.0
[18:59:14]    Compiling burn-ndarray v0.20.1
[18:59:14]    Compiling getrandom v0.4.2
[18:59:14]     Checking error-code v3.3.2
[18:59:14]     Checking plotters-backend v0.3.7
[18:59:14]    Compiling ntapi v0.4.3
[18:59:14]     Checking jpeg-decoder v0.3.2
[18:59:14]     Checking weezl v0.1.12
[18:59:14]     Checking gif v0.12.0
[18:59:14]     Checking image v0.24.9
[18:59:14]     Checking clipboard-win v5.4.1
[18:59:14]    Compiling flutter_rust_bridge v2.11.1
[18:59:14]     Checking image v0.25.10
[18:59:14]     Checking gstreamer v0.25.1
[18:59:14]     Checking tract-nnef v0.22.1
[18:59:14]    Compiling prost-derive v0.11.9
[18:59:14]     Checking url v2.5.8
[18:59:14]     Checking gdk4 v0.11.0
[18:59:14]     Checking windows v0.62.2
[18:59:14]     Checking dwrote v0.11.5
[18:59:14]    Compiling cxx-build v1.0.194
[18:59:14]     Checking pathfinder_geometry v0.5.1
[18:59:14]     Checking rand_distr v0.4.3
[18:59:14]    Compiling md-5 v0.10.6
[18:59:14]     Checking windows-sys v0.60.2
[18:59:14]    Compiling proc-macro-crate v3.5.0
[18:59:14]     Checking egui v0.33.3
[18:59:14]     Checking const-random v0.1.18
[18:59:14]     Checking graphene-rs v0.22.0
[18:59:14]     Checking burn-ir v0.20.1
[18:59:14]     Checking burn-autodiff v0.20.1
[18:59:14]     Checking windows-sys v0.52.0
[18:59:14]     Checking futures v0.3.32
[18:59:14]     Checking chrono v0.4.44
[18:59:14]    Compiling tokio-macros v2.6.1
[18:59:14]     Checking rustc-hash v2.1.1
[18:59:14]     Checking clap_lex v1.0.0
[18:59:14]     Checking smol_str v0.2.2
[18:59:14]     Checking atomic_refcell v0.1.13
[18:59:14]     Checking cursor-icon v1.2.0
[18:59:14]     Checking atomic_float v1.1.0
[18:59:14]    Compiling hex v0.4.3
[18:59:14]    Compiling seq-macro v0.3.6
[18:59:14]     Checking dpi v0.1.2
[18:59:14]     Checking atomic v0.5.3
[18:59:14]     Checking allo-isolate v0.1.27
[18:59:14]    Compiling flutter_rust_bridge_macros v2.11.1
[18:59:14]     Checking clap_builder v4.5.60
[18:59:14]     Checking gstreamer-base v0.25.0
[18:59:14]     Checking type-map v0.5.1
[18:59:14]     Checking tokio v1.50.0
[18:59:14]     Checking gsk4 v0.11.0
[18:59:14]    Compiling gtk4-macros v0.11.0
[18:59:14]     Checking arboard v3.6.1
[18:59:14]     Checking tract-onnx-opl v0.22.1
[18:59:14]    Compiling kataglyphis_rustprojecttemplate v0.1.0 (C:\workspace)
[18:59:14]     Checking prost v0.11.9
[18:59:14]     Checking webbrowser v1.2.0
[18:59:14]     Checking plotters-bitmap v0.3.7
[18:59:14]     Checking plotters-svg v0.3.7
[18:59:14]     Checking burn-optim v0.20.1
[18:59:14]     Checking burn-nn v0.20.1
[18:59:14]     Checking tract-hir v0.22.1
[18:59:14]    Compiling cxxbridge-macro v1.0.194
[18:59:14]     Checking threadpool v1.8.1
[18:59:14]     Checking env_filter v1.0.0
[18:59:14]    Compiling clap_derive v4.5.55
[18:59:14]    Compiling delegate-attr v0.3.0
[18:59:14]     Checking jiff v0.2.23
[18:59:14]     Checking ttf-parser v0.20.0
[18:59:14]     Checking memmap2 v0.9.10
[18:59:14]     Checking env_logger v0.11.9
[18:59:14]     Checking tract-onnx v0.22.1
[18:59:14]     Checking plotters v0.3.7
[18:59:14]     Checking clap v4.5.60
[18:59:14]     Checking burn v0.20.1
[18:59:14]     Checking gtk4 v0.11.0
[18:59:14]     Checking sysinfo v0.38.4
[18:59:14]     Checking tempfile v3.26.0
[18:59:14]     Checking gstreamer-app v0.25.0
[18:59:14]     Checking egui-winit v0.33.3
[18:59:14]     Checking egui-wgpu v0.33.3
[18:59:14]     Checking ort v2.0.0-rc.12
[18:59:14]     Checking wmi v0.18.3
[18:59:14]     Checking predicates-core v1.0.10
[18:59:14]     Checking pollster v0.4.0
[18:59:14]     Checking float-cmp v0.10.0
[18:59:14]    Compiling assert_cmd v2.1.2
[18:59:14]     Checking termtree v0.5.1
[18:59:14]     Checking normalize-line-endings v0.3.0
[18:59:14]     Checking difflib v0.4.0
[18:59:14]     Checking predicates v3.1.4
[18:59:14]     Checking predicates-tree v1.0.13
[18:59:14]     Checking bstr v1.12.1
[18:59:14]     Checking wait-timeout v0.2.1
[18:59:14]     Finished `dev` profile [unoptimized + debuginfo] target(s) in 10m 01s
[18:59:14] SUCCESS: <<< Completed: Linting (cargo clippy) (Duration: 24:29.669)

[18:59:14] >>> Starting: Unit Tests
[18:59:14] ============================================================
[18:59:14] CMD: cargo test --all --verbose
[19:17:57] warning: output filename collision at C:\workspace\target\debug\deps\kataglyphis_rustprojecttemplate.pdb
[19:17:57]   |
[19:17:57]   = note: the bin target `kataglyphis_rustprojecttemplate` in package `kataglyphis_rustprojecttemplate v0.1.0 (C:\workspace)` has the same output filename as the lib target `kataglyphis_rustprojecttemplate` in package `kataglyphis_rustprojecttemplate v0.1.0 (C:\workspace)`
[19:17:57]   = note: this may become a hard error in the future; see <https://github.com/rust-lang/cargo/issues/6313>
[19:17:57]   = help: consider changing their names to be unique or compiling them separately
[19:17:57]        Fresh unicode-ident v1.0.24
[19:17:57]        Fresh proc-macro2 v1.0.106
[19:17:57]    Compiling windows-link v0.2.1
[19:17:57]        Fresh quote v1.0.45
[19:17:57]      Running `C:\Users\ContainerAdministrator\scoop\persist\rustup\.rustup\toolchains\stable-x86_64-pc-windows-msvc\bin\rustc.exe --crate-name windows_link --edition=2021 C:\Users\ContainerAdministrator\scoop\persist\rustup\.cargo\registry\src\index.crates.io-1949cf8c6b5b557f\windows-link-0.2.1\src\lib.rs --error-format=json --json=diagnostic-rendered-ansi,artifacts,future-incompat --crate-type lib --emit=dep-info,metadata,link -C opt-level=2 -C embed-bitcode=no -C debuginfo=2 --warn=unexpected_cfgs --warn=missing_unsafe_on_extern --check-cfg "cfg(windows_raw_dylib, windows_slim_errors)" -C debug-assertions=on --check-cfg cfg(docsrs,test) --check-cfg "cfg(feature, values())" -C metadata=fbf6b74d0d536a36 -C extra-filename=-f077ee1bf59aae6f --out-dir C:\workspace\target\debug\deps -L dependency=C:\workspace\target\debug\deps --cap-lints allow`
[19:17:57]    Compiling syn v2.0.117
[19:17:58]      Running `C:\Users\ContainerAdministrator\scoop\persist\rustup\.rustup\toolchains\stable-x86_64-pc-windows-msvc\bin\rustc.exe --crate-name syn --edition=2021 C:\Users\ContainerAdministrator\scoop\persist\rustup\.cargo\registry\src\index.crates.io-1949cf8c6b5b557f\syn-2.0.117\src\lib.rs --error-format=json --json=diagnostic-rendered-ansi,artifacts,future-incompat --crate-type lib --emit=dep-info,metadata,link -C opt-level=2 -C embed-bitcode=no -C debug-assertions=on --cfg "feature=\"clone-impls\"" --cfg "feature=\"default\"" --cfg "feature=\"derive\"" --cfg "feature=\"extra-traits\"" --cfg "feature=\"full\"" --cfg "feature=\"parsing\"" --cfg "feature=\"printing\"" --cfg "feature=\"proc-macro\"" --check-cfg cfg(docsrs,test) --check-cfg "cfg(feature, values(\"clone-impls\", \"default\", \"derive\", \"extra-traits\", \"fold\", \"full\", \"parsing\", \"printing\", \"proc-macro\", \"test\", \"visit\", \"visit-mut\"))" -C metadata=a5d220c8eff01d10 -C extra-filename=-741f49bdb063edbe --out-dir C:\workspace\target\debug\deps -L dependency=C:\workspace\target\debug\deps --extern proc_macro2=C:\workspace\target\debug\deps\libproc_macro2-146b8bf3c15b97b0.rmeta --extern quote=C:\workspace\target\debug\deps\libquote-0126ba1443770dd6.rmeta --extern unicode_ident=C:\workspace\target\debug\deps\libunicode_ident-22a91125c6ea513b.rmeta --cap-lints allow`
[19:17:58]        Fresh find-msvc-tools v0.1.9
[19:17:58]    Compiling memchr v2.8.0
[19:17:58]      Running `C:\Users\ContainerAdministrator\scoop\persist\rustup\.rustup\toolchains\stable-x86_64-pc-windows-msvc\bin\rustc.exe --crate-name memchr --edition=2021 C:\Users\ContainerAdministrator\scoop\persist\rustup\.cargo\registry\src\index.crates.io-1949cf8c6b5b557f\memchr-2.8.0\src\lib.rs --error-format=json --json=diagnostic-rendered-ansi,artifacts,future-incompat --crate-type lib --emit=dep-info,metadata,link -C opt-level=2 -C embed-bitcode=no -C debuginfo=2 -C debug-assertions=on --cfg "feature=\"alloc\"" --cfg "feature=\"default\"" --cfg "feature=\"std\"" --check-cfg cfg(docsrs,test) --check-cfg "cfg(feature, values(\"alloc\", \"core\", \"default\", \"libc\", \"logging\", \"rustc-dep-of-std\", \"std\", \"use_std\"))" -C metadata=5f481807b9dcd5a8 -C extra-filename=-f04c0fb69fa91af8 --out-dir C:\workspace\target\debug\deps -L dependency=C:\workspace\target\debug\deps --cap-lints allow`
[19:17:58]        Fresh shlex v1.3.0
[19:17:58]        Fresh cc v1.2.56
[19:17:58]        Fresh version_check v0.9.5
[19:17:58]        Fresh autocfg v1.5.0
[19:17:58]    Compiling num-traits v0.2.19
[19:17:58]      Running `C:\Users\ContainerAdministrator\scoop\persist\rustup\.rustup\toolchains\stable-x86_64-pc-windows-msvc\bin\rustc.exe --crate-name build_script_build --edition=2021 C:\Users\ContainerAdministrator\scoop\persist\rustup\.cargo\registry\src\index.crates.io-1949cf8c6b5b557f\num-traits-0.2.19\build.rs --error-format=json --json=diagnostic-rendered-ansi,artifacts,future-incompat --crate-type bin --emit=dep-info,link -C opt-level=2 -C embed-bitcode=no -C debug-assertions=on --check-cfg cfg(docsrs,test) --check-cfg "cfg(feature, values(\"default\", \"i128\", \"libm\", \"std\"))" -C metadata=4de77d5e534f0f91 -C extra-filename=-89d6760ce01e7ba6 --out-dir C:\workspace\target\debug\build\num-traits-89d6760ce01e7ba6 -L dependency=C:\workspace\target\debug\deps --extern autocfg=C:\workspace\target\debug\deps\libautocfg-7dc857dd8549c06a.rlib --cap-lints allow`
[19:17:58]        Fresh typenum v1.19.0
[19:17:58]    Compiling aho-corasick v1.1.4
[19:17:58]      Running `C:\Users\ContainerAdministrator\scoop\persist\rustup\.rustup\toolchains\stable-x86_64-pc-windows-msvc\bin\rustc.exe --crate-name aho_corasick --edition=2021 C:\Users\ContainerAdministrator\scoop\persist\rustup\.cargo\registry\src\index.crates.io-1949cf8c6b5b557f\aho-corasick-1.1.4\src\lib.rs --error-format=json --json=diagnostic-rendered-ansi,artifacts,future-incompat --crate-type lib --emit=dep-info,metadata,link -C opt-level=2 -C embed-bitcode=no -C debuginfo=2 -C debug-assertions=on --cfg "feature=\"perf-literal\"" --cfg "feature=\"std\"" --check-cfg cfg(docsrs,test) --check-cfg "cfg(feature, values(\"default\", \"logging\", \"perf-literal\", \"std\"))" -C metadata=0edf03a9dbf41972 -C extra-filename=-1c1190df4d58ec88 --out-dir C:\workspace\target\debug\deps -L dependency=C:\workspace\target\debug\deps --extern memchr=C:\workspace\target\debug\deps\libmemchr-f04c0fb69fa91af8.rmeta --cap-lints allow`
[19:17:58]    Compiling windows-sys v0.61.2
[19:17:58]      Running `C:\Users\ContainerAdministrator\scoop\persist\rustup\.rustup\toolchains\stable-x86_64-pc-windows-msvc\bin\rustc.exe --crate-name windows_sys --edition=2021 C:\Users\ContainerAdministrator\scoop\persist\rustup\.cargo\registry\src\index.crates.io-1949cf8c6b5b557f\windows-sys-0.61.2\src\lib.rs --error-format=json --json=diagnostic-rendered-ansi,artifacts,future-incompat --crate-type lib --emit=dep-info,metadata,link -C opt-level=2 -C embed-bitcode=no -C debuginfo=2 --warn=unexpected_cfgs --warn=missing_unsafe_on_extern --check-cfg "cfg(windows_raw_dylib, windows_slim_errors)" -C debug-assertions=on --cfg "feature=\"Win32\"" --cfg "feature=\"Win32_Foundation\"" --cfg "feature=\"Win32_Storage\"" --cfg "feature=\"Win32_Storage_FileSystem\"" --cfg "feature=\"Win32_System\"" --cfg "feature=\"Win32_System_Console\"" --cfg "feature=\"default\"" --check-cfg cfg(docsrs,test) --check-cfg "cfg(feature, values(\"Wdk\", \"Wdk_Devices\", \"Wdk_Devices_Bluetooth\", \"Wdk_Devices_HumanInterfaceDevice\", \"Wdk_Foundation\", \"Wdk_Graphics\", \"Wdk_Graphics_Direct3D\", \"Wdk_NetworkManagement\", \"Wdk_NetworkManagement_Ndis\", \"Wdk_NetworkManagement_WindowsFilteringPlatform\", \"Wdk_Storage\", \"Wdk_Storage_FileSystem\", \"Wdk_Storage_FileSystem_Minifilters\", \"Wdk_System\", \"Wdk_System_IO\", \"Wdk_System_Memory\", \"Wdk_System_OfflineRegistry\", \"Wdk_System_Registry\", \"Wdk_System_SystemInformation\", \"Wdk_System_SystemServices\", \"Wdk_System_Threading\", \"Win32\", \"Win32_Data\", \"Win32_Data_HtmlHelp\", \"Win32_Data_RightsManagement\", \"Win32_Devices\", \"Win32_Devices_AllJoyn\", \"Win32_Devices_Beep\", \"Win32_Devices_BiometricFramework\", \"Win32_Devices_Bluetooth\", \"Win32_Devices_Cdrom\", \"Win32_Devices_Communication\", \"Win32_Devices_DeviceAndDriverInstallation\", \"Win32_Devices_DeviceQuery\", \"Win32_Devices_Display\", \"Win32_Devices_Dvd\", \"Win32_Devices_Enumeration\", \"Win32_Devices_Enumeration_Pnp\", \"Win32_Devices_Fax\", \"Win32_Devices_HumanInterfaceDevice\", \"Win32_Devices_Nfc\", \"Win32_Devices_Nfp\", \"Win32_Devices_PortableDevices\", \"Win32_Devices_Properties\", \"Win32_Devices_Pwm\", \"Win32_Devices_Sensors\", \"Win32_Devices_SerialCommunication\", \"Win32_Devices_Tapi\", \"Win32_Devices_Usb\", \"Win32_Devices_WebServicesOnDevices\", \"Win32_Foundation\", \"Win32_Gaming\", \"Win32_Globalization\", \"Win32_Graphics\", \"Win32_Graphics_Dwm\", \"Win32_Graphics_Gdi\", \"Win32_Graphics_GdiPlus\", \"Win32_Graphics_Hlsl\", \"Win32_Graphics_OpenGL\", \"Win32_Graphics_Printing\", \"Win32_Graphics_Printing_PrintTicket\", \"Win32_Management\", \"Win32_Management_MobileDeviceManagementRegistration\", \"Win32_Media\", \"Win32_Media_Audio\", \"Win32_Media_DxMediaObjects\", \"Win32_Media_KernelStreaming\", \"Win32_Media_Multimedia\", \"Win32_Media_Streaming\", \"Win32_Media_WindowsMediaFormat\", \"Win32_NetworkManagement\", \"Win32_NetworkManagement_Dhcp\", \"Win32_NetworkManagement_Dns\", \"Win32_NetworkManagement_InternetConnectionWizard\", \"Win32_NetworkManagement_IpHelper\", \"Win32_NetworkManagement_Multicast\", \"Win32_NetworkManagement_Ndis\", \"Win32_NetworkManagement_NetBios\", \"Win32_NetworkManagement_NetManagement\", \"Win32_NetworkManagement_NetShell\", \"Win32_NetworkManagement_NetworkDiagnosticsFramework\", \"Win32_NetworkManagement_P2P\", \"Win32_NetworkManagement_QoS\", \"Win32_NetworkManagement_Rras\", \"Win32_NetworkManagement_Snmp\", \"Win32_NetworkManagement_WNet\", \"Win32_NetworkManagement_WebDav\", \"Win32_NetworkManagement_WiFi\", \"Win32_NetworkManagement_WindowsConnectionManager\", \"Win32_NetworkManagement_WindowsFilteringPlatform\", \"Win32_NetworkManagement_WindowsFirewall\", \"Win32_NetworkManagement_WindowsNetworkVirtualization\", \"Win32_Networking\", \"Win32_Networking_ActiveDirectory\", \"Win32_Networking_Clustering\", \"Win32_Networking_HttpServer\", \"Win32_Networking_Ldap\", \"Win32_Networking_WebSocket\", \"Win32_Networking_WinHttp\", \"Win32_Networking_WinInet\", \"Win32_Networking_WinSock\", \"Win32_Networking_WindowsWebServices\", \"Win32_Security\", \"Win32_Security_AppLocker\", \"Win32_Security_Authentication\", \"Win32_Security_Authentication_Identity\", \"Win32_Security_Authorization\", \"Win32_Security_Credentials\", \"Win32_Security_Cryptography\", \"Win32_Security_Cryptography_Catalog\", \"Win32_Security_Cryptography_Certificates\", \"Win32_Security_Cryptography_Sip\", \"Win32_Security_Cryptography_UI\", \"Win32_Security_DiagnosticDataQuery\", \"Win32_Security_DirectoryServices\", \"Win32_Security_EnterpriseData\", \"Win32_Security_ExtensibleAuthenticationProtocol\", \"Win32_Security_Isolation\", \"Win32_Security_LicenseProtection\", \"Win32_Security_NetworkAccessProtection\", \"Win32_Security_WinTrust\", \"Win32_Security_WinWlx\", \"Win32_Storage\", \"Win32_Storage_Cabinets\", \"Win32_Storage_CloudFilters\", \"Win32_Storage_Compression\", \"Win32_Storage_DistributedFileSystem\", \"Win32_Storage_FileHistory\", \"Win32_Storage_FileSystem\", \"Win32_Storage_Imapi\", \"Win32_Storage_IndexServer\", \"Win32_Storage_InstallableFileSystems\", \"Win32_Storage_IscsiDisc\", \"Win32_Storage_Jet\", \"Win32_Storage_Nvme\", \"Win32_Storage_OfflineFiles\", \"Win32_Storage_OperationRecorder\", \"Win32_Storage_Packaging\", \"Win32_Storage_Packaging_Appx\", \"Win32_Storage_ProjectedFileSystem\", \"Win32_Storage_StructuredStorage\", \"Win32_Storage_Vhd\", \"Win32_Storage_Xps\", \"Win32_System\", \"Win32_System_AddressBook\", \"Win32_System_Antimalware\", \"Win32_System_ApplicationInstallationAndServicing\", \"Win32_System_ApplicationVerifier\", \"Win32_System_ClrHosting\", \"Win32_System_Com\", \"Win32_System_Com_Marshal\", \"Win32_System_Com_StructuredStorage\", \"Win32_System_Com_Urlmon\", \"Win32_System_ComponentServices\", \"Win32_System_Console\", \"Win32_System_CorrelationVector\", \"Win32_System_DataExchange\", \"Win32_System_DeploymentServices\", \"Win32_System_DeveloperLicensing\", \"Win32_System_Diagnostics\", \"Win32_System_Diagnostics_Ceip\", \"Win32_System_Diagnostics_Debug\", \"Win32_System_Diagnostics_Debug_Extensions\", \"Win32_System_Diagnostics_Etw\", \"Win32_System_Diagnostics_ProcessSnapshotting\", \"Win32_System_Diagnostics_ToolHelp\", \"Win32_System_Diagnostics_TraceLogging\", \"Win32_System_DistributedTransactionCoordinator\", \"Win32_System_Environment\", \"Win32_System_ErrorReporting\", \"Win32_System_EventCollector\", \"Win32_System_EventLog\", \"Win32_System_EventNotificationService\", \"Win32_System_GroupPolicy\", \"Win32_System_HostCompute\", \"Win32_System_HostComputeNetwork\", \"Win32_System_HostComputeSystem\", \"Win32_System_Hypervisor\", \"Win32_System_IO\", \"Win32_System_Iis\", \"Win32_System_Ioctl\", \"Win32_System_JobObjects\", \"Win32_System_Js\", \"Win32_System_Kernel\", \"Win32_System_LibraryLoader\", \"Win32_System_Mailslots\", \"Win32_System_Mapi\", \"Win32_System_Memory\", \"Win32_System_Memory_NonVolatile\", \"Win32_System_MessageQueuing\", \"Win32_System_MixedReality\", \"Win32_System_Ole\", \"Win32_System_PasswordManagement\", \"Win32_System_Performance\", \"Win32_System_Performance_HardwareCounterProfiling\", \"Win32_System_Pipes\", \"Win32_System_Power\", \"Win32_System_ProcessStatus\", \"Win32_System_Recovery\", \"Win32_System_Registry\", \"Win32_System_RemoteDesktop\", \"Win32_System_RemoteManagement\", \"Win32_System_RestartManager\", \"Win32_System_Restore\", \"Win32_System_Rpc\", \"Win32_System_Search\", \"Win32_System_Search_Common\", \"Win32_System_SecurityCenter\", \"Win32_System_Services\", \"Win32_System_SetupAndMigration\", \"Win32_System_Shutdown\", \"Win32_System_StationsAndDesktops\", \"Win32_System_SubsystemForLinux\", \"Win32_System_SystemInformation\", \"Win32_System_SystemServices\", \"Win32_System_Threading\", \"Win32_System_Time\", \"Win32_System_TpmBaseServices\", \"Win32_System_UserAccessLogging\", \"Win32_System_Variant\", \"Win32_System_VirtualDosMachines\", \"Win32_System_WindowsProgramming\", \"Win32_System_Wmi\", \"Win32_UI\", \"Win32_UI_Accessibility\", \"Win32_UI_ColorSystem\", \"Win32_UI_Controls\", \"Win32_UI_Controls_Dialogs\", \"Win32_UI_HiDpi\", \"Win32_UI_Input\", \"Win32_UI_Input_Ime\", \"Win32_UI_Input_KeyboardAndMouse\", \"Win32_UI_Input_Pointer\", \"Win32_UI_Input_Touch\", \"Win32_UI_Input_XboxController\", \"Win32_UI_InteractionContext\", \"Win32_UI_Magnification\", \"Win32_UI_Shell\", \"Win32_UI_Shell_Common\", \"Win32_UI_Shell_PropertiesSystem\", \"Win32_UI_TabletPC\", \"Win32_UI_TextServices\", \"Win32_UI_WindowsAndMessaging\", \"Win32_Web\", \"Win32_Web_InternetExplorer\", \"default\", \"docs\"))" -C metadata=f7be0625f9983ed4 -C extra-filename=-7cb23a6b1532496a --out-dir C:\workspace\target\debug\deps -L dependency=C:\workspace\target\debug\deps --extern windows_link=C:\workspace\target\debug\deps\libwindows_link-f077ee1bf59aae6f.rmeta --cap-lints allow`
[19:17:58]    Compiling windows-strings v0.5.1
[19:17:58]      Running `C:\Users\ContainerAdministrator\scoop\persist\rustup\.rustup\toolchains\stable-x86_64-pc-windows-msvc\bin\rustc.exe --crate-name windows_strings --edition=2021 C:\Users\ContainerAdministrator\scoop\persist\rustup\.cargo\registry\src\index.crates.io-1949cf8c6b5b557f\windows-strings-0.5.1\src\lib.rs --error-format=json --json=diagnostic-rendered-ansi,artifacts,future-incompat --crate-type lib --emit=dep-info,metadata,link -C opt-level=2 -C embed-bitcode=no -C debuginfo=2 --warn=unexpected_cfgs --warn=missing_unsafe_on_extern --check-cfg "cfg(windows_raw_dylib, windows_slim_errors)" -C debug-assertions=on --cfg "feature=\"std\"" --check-cfg cfg(docsrs,test) --check-cfg "cfg(feature, values(\"default\", \"std\"))" -C metadata=a9a102603c9b1a8c -C extra-filename=-37bf14fceb11363f --out-dir C:\workspace\target\debug\deps -L dependency=C:\workspace\target\debug\deps --extern windows_link=C:\workspace\target\debug\deps\libwindows_link-f077ee1bf59aae6f.rmeta --cap-lints allow`
[19:17:58]    Compiling windows-result v0.4.1
[19:17:58]      Running `C:\Users\ContainerAdministrator\scoop\persist\rustup\.rustup\toolchains\stable-x86_64-pc-windows-msvc\bin\rustc.exe --crate-name windows_result --edition=2021 C:\Users\ContainerAdministrator\scoop\persist\rustup\.cargo\registry\src\index.crates.io-1949cf8c6b5b557f\windows-result-0.4.1\src\lib.rs --error-format=json --json=diagnostic-rendered-ansi,artifacts,future-incompat --crate-type lib --emit=dep-info,metadata,link -C opt-level=2 -C embed-bitcode=no -C debuginfo=2 --warn=unexpected_cfgs --warn=missing_unsafe_on_extern --check-cfg "cfg(windows_raw_dylib, windows_slim_errors)" -C debug-assertions=on --cfg "feature=\"std\"" --check-cfg cfg(docsrs,test) --check-cfg "cfg(feature, values(\"default\", \"std\"))" -C metadata=dd50a5ae4d7db645 -C extra-filename=-fc8be3cde86e5cef --out-dir C:\workspace\target\debug\deps -L dependency=C:\workspace\target\debug\deps --extern windows_link=C:\workspace\target\debug\deps\libwindows_link-f077ee1bf59aae6f.rmeta --cap-lints allow`
[19:17:58]    Compiling anstyle v1.0.13
[19:17:58]      Running `C:\Users\ContainerAdministrator\scoop\persist\rustup\.rustup\toolchains\stable-x86_64-pc-windows-msvc\bin\rustc.exe --crate-name anstyle --edition=2021 C:\Users\ContainerAdministrator\scoop\persist\rustup\.cargo\registry\src\index.crates.io-1949cf8c6b5b557f\anstyle-1.0.13\src\lib.rs --error-format=json --json=diagnostic-rendered-ansi,artifacts,future-incompat --crate-type lib --emit=dep-info,metadata,link -C opt-level=2 -C embed-bitcode=no -C debuginfo=2 --warn=rust_2018_idioms --warn=clippy::zero_sized_map_values --warn=clippy::wildcard_imports --warn=clippy::verbose_file_reads --warn=unused_qualifications --warn=unused_macro_rules --warn=unused_lifetimes --warn=unsafe_op_in_unsafe_fn --warn=unreachable_pub --warn=unnameable_types --warn=clippy::uninlined_format_args --warn=clippy::trait_duplication_in_bounds --warn=clippy::todo --warn=clippy::string_to_string --warn=clippy::string_lit_as_bytes --warn=clippy::string_add_assign --warn=clippy::string_add --warn=clippy::str_to_string --warn=clippy::semicolon_if_nothing_returned --warn=clippy::self_named_module_files --warn=clippy::same_functions_in_if_condition --allow=clippy::result_large_err --warn=clippy::rest_pat_in_fully_bound_structs --warn=clippy::ref_option_ref --warn=clippy::redundant_feature_names --warn=clippy::rc_mutex --warn=clippy::ptr_as_ptr --warn=clippy::path_buf_push_overwrite --warn=clippy::negative_feature_names --warn=clippy::needless_for_each --allow=clippy::needless_continue --warn=clippy::mutex_integer --warn=clippy::mem_forget --warn=clippy::macro_use_imports --warn=clippy::lossy_float_literal --warn=clippy::linkedlist --allow=clippy::let_and_return --warn=clippy::large_types_passed_by_value --warn=clippy::large_stack_arrays --warn=clippy::large_digit_groups --warn=clippy::invalid_upcast_comparisons --warn=clippy::infinite_loop --warn=clippy::inefficient_to_string --warn=clippy::inconsistent_struct_constructor --warn=clippy::imprecise_flops --warn=clippy::implicit_clone --allow=clippy::if_same_then_else --warn=clippy::from_iter_instead_of_collect --warn=clippy::fn_params_excessive_bools --warn=clippy::float_cmp_const --warn=clippy::flat_map_option --warn=clippy::filter_map_next --warn=clippy::fallible_impl_from --warn=clippy::explicit_into_iter_loop --warn=clippy::explicit_deref_methods --warn=clippy::expl_impl_clone_on_copy --warn=clippy::enum_glob_use --warn=clippy::empty_enum --warn=clippy::doc_markdown --warn=clippy::debug_assert_with_mut_call --warn=clippy::dbg_macro --warn=clippy::create_dir --allow=clippy::collapsible_else_if --warn=clippy::checked_conversions --allow=clippy::branches_sharing_code --allow=clippy::bool_assert_comparison -C debug-assertions=on --cfg "feature=\"default\"" --cfg "feature=\"std\"" --check-cfg cfg(docsrs,test) --check-cfg "cfg(feature, values(\"default\", \"std\"))" -C metadata=c87fcf5ba7b69c2d -C extra-filename=-a430ef4a1f9ba2db --out-dir C:\workspace\target\debug\deps -L dependency=C:\workspace\target\debug\deps --cap-lints allow`
[19:17:58]    Compiling cfg-if v1.0.4
[19:17:58]      Running `C:\Users\ContainerAdministrator\scoop\persist\rustup\.rustup\toolchains\stable-x86_64-pc-windows-msvc\bin\rustc.exe --crate-name cfg_if --edition=2018 C:\Users\ContainerAdministrator\scoop\persist\rustup\.cargo\registry\src\index.crates.io-1949cf8c6b5b557f\cfg-if-1.0.4\src\lib.rs --error-format=json --json=diagnostic-rendered-ansi,artifacts,future-incompat --crate-type lib --emit=dep-info,metadata,link -C opt-level=2 -C embed-bitcode=no -C debuginfo=2 -C debug-assertions=on --check-cfg cfg(docsrs,test) --check-cfg "cfg(feature, values(\"core\", \"rustc-dep-of-std\"))" -C metadata=35c4c12537434a62 -C extra-filename=-6eafb3c7b38ef01d --out-dir C:\workspace\target\debug\deps -L dependency=C:\workspace\target\debug\deps --cap-lints allow`
[19:17:58]    Compiling regex-syntax v0.8.10
[19:17:58]      Running `C:\Users\ContainerAdministrator\scoop\persist\rustup\.rustup\toolchains\stable-x86_64-pc-windows-msvc\bin\rustc.exe --crate-name regex_syntax --edition=2021 C:\Users\ContainerAdministrator\scoop\persist\rustup\.cargo\registry\src\index.crates.io-1949cf8c6b5b557f\regex-syntax-0.8.10\src\lib.rs --error-format=json --json=diagnostic-rendered-ansi,artifacts,future-incompat --crate-type lib --emit=dep-info,metadata,link -C opt-level=2 -C embed-bitcode=no -C debuginfo=2 --allow=unexpected_cfgs --check-cfg cfg(docsrs_regex) -C debug-assertions=on --cfg "feature=\"default\"" --cfg "feature=\"std\"" --cfg "feature=\"unicode\"" --cfg "feature=\"unicode-age\"" --cfg "feature=\"unicode-bool\"" --cfg "feature=\"unicode-case\"" --cfg "feature=\"unicode-gencat\"" --cfg "feature=\"unicode-perl\"" --cfg "feature=\"unicode-script\"" --cfg "feature=\"unicode-segment\"" --check-cfg cfg(docsrs,test) --check-cfg "cfg(feature, values(\"arbitrary\", \"default\", \"std\", \"unicode\", \"unicode-age\", \"unicode-bool\", \"unicode-case\", \"unicode-gencat\", \"unicode-perl\", \"unicode-script\", \"unicode-segment\"))" -C metadata=99dcb56f786a7bbe -C extra-filename=-7398b4fb00e57012 --out-dir C:\workspace\target\debug\deps -L dependency=C:\workspace\target\debug\deps --cap-lints allow`
[19:17:58]    Compiling regex-automata v0.4.14
[19:17:58]      Running `C:\Users\ContainerAdministrator\scoop\persist\rustup\.rustup\toolchains\stable-x86_64-pc-windows-msvc\bin\rustc.exe --crate-name regex_automata --edition=2021 C:\Users\ContainerAdministrator\scoop\persist\rustup\.cargo\registry\src\index.crates.io-1949cf8c6b5b557f\regex-automata-0.4.14\src\lib.rs --error-format=json --json=diagnostic-rendered-ansi,artifacts,future-incompat --crate-type lib --emit=dep-info,metadata,link -C opt-level=2 -C embed-bitcode=no -C debuginfo=2 --allow=unexpected_cfgs --check-cfg cfg(docsrs_regex) -C debug-assertions=on --cfg "feature=\"alloc\"" --cfg "feature=\"dfa-onepass\"" --cfg "feature=\"dfa-search\"" --cfg "feature=\"hybrid\"" --cfg "feature=\"meta\"" --cfg "feature=\"nfa-backtrack\"" --cfg "feature=\"nfa-pikevm\"" --cfg "feature=\"nfa-thompson\"" --cfg "feature=\"perf-inline\"" --cfg "feature=\"perf-literal\"" --cfg "feature=\"perf-literal-multisubstring\"" --cfg "feature=\"perf-literal-substring\"" --cfg "feature=\"std\"" --cfg "feature=\"syntax\"" --cfg "feature=\"unicode\"" --cfg "feature=\"unicode-age\"" --cfg "feature=\"unicode-bool\"" --cfg "feature=\"unicode-case\"" --cfg "feature=\"unicode-gencat\"" --cfg "feature=\"unicode-perl\"" --cfg "feature=\"unicode-script\"" --cfg "feature=\"unicode-segment\"" --cfg "feature=\"unicode-word-boundary\"" --check-cfg cfg(docsrs,test) --check-cfg "cfg(feature, values(\"alloc\", \"default\", \"dfa\", \"dfa-build\", \"dfa-onepass\", \"dfa-search\", \"hybrid\", \"internal-instrument\", \"internal-instrument-pikevm\", \"logging\", \"meta\", \"nfa\", \"nfa-backtrack\", \"nfa-pikevm\", \"nfa-thompson\", \"perf\", \"perf-inline\", \"perf-literal\", \"perf-literal-multisubstring\", \"perf-literal-substring\", \"std\", \"syntax\", \"unicode\", \"unicode-age\", \"unicode-bool\", \"unicode-case\", \"unicode-gencat\", \"unicode-perl\", \"unicode-script\", \"unicode-segment\", \"unicode-word-boundary\"))" -C metadata=d26b194db041f8aa -C extra-filename=-b5797fb74852a4ae --out-dir C:\workspace\target\debug\deps -L dependency=C:\workspace\target\debug\deps --extern aho_corasick=C:\workspace\target\debug\deps\libaho_corasick-1c1190df4d58ec88.rmeta --extern memchr=C:\workspace\target\debug\deps\libmemchr-f04c0fb69fa91af8.rmeta --extern regex_syntax=C:\workspace\target\debug\deps\libregex_syntax-7398b4fb00e57012.rmeta --cap-lints allow`
[19:17:58]    Compiling windows-interface v0.59.3
[19:17:58]      Running `C:\Users\ContainerAdministrator\scoop\persist\rustup\.rustup\toolchains\stable-x86_64-pc-windows-msvc\bin\rustc.exe --crate-name windows_interface --edition=2021 C:\Users\ContainerAdministrator\scoop\persist\rustup\.cargo\registry\src\index.crates.io-1949cf8c6b5b557f\windows-interface-0.59.3\src\lib.rs --error-format=json --json=diagnostic-rendered-ansi,artifacts,future-incompat --crate-type proc-macro --emit=dep-info,link -C prefer-dynamic -C opt-level=2 -C embed-bitcode=no --warn=unexpected_cfgs --warn=missing_unsafe_on_extern --check-cfg "cfg(windows_raw_dylib, windows_slim_errors)" -C debug-assertions=on --check-cfg cfg(docsrs,test) --check-cfg "cfg(feature, values())" -C metadata=eacfb2f8b4594968 -C extra-filename=-d9383957e1325169 --out-dir C:\workspace\target\debug\deps -L dependency=C:\workspace\target\debug\deps --extern proc_macro2=C:\workspace\target\debug\deps\libproc_macro2-146b8bf3c15b97b0.rlib --extern quote=C:\workspace\target\debug\deps\libquote-0126ba1443770dd6.rlib --extern syn=C:\workspace\target\debug\deps\libsyn-741f49bdb063edbe.rlib --extern proc_macro --cap-lints allow`
[19:17:58]    Compiling windows-implement v0.60.2
[19:17:58]      Running `C:\Users\ContainerAdministrator\scoop\persist\rustup\.rustup\toolchains\stable-x86_64-pc-windows-msvc\bin\rustc.exe --crate-name windows_implement --edition=2021 C:\Users\ContainerAdministrator\scoop\persist\rustup\.cargo\registry\src\index.crates.io-1949cf8c6b5b557f\windows-implement-0.60.2\src\lib.rs --error-format=json --json=diagnostic-rendered-ansi,artifacts,future-incompat --crate-type proc-macro --emit=dep-info,link -C prefer-dynamic -C opt-level=2 -C embed-bitcode=no --warn=unexpected_cfgs --warn=missing_unsafe_on_extern --check-cfg "cfg(windows_raw_dylib, windows_slim_errors)" -C debug-assertions=on --check-cfg cfg(docsrs,test) --check-cfg "cfg(feature, values())" -C metadata=98de30414eb4606c -C extra-filename=-c1c680f694713865 --out-dir C:\workspace\target\debug\deps -L dependency=C:\workspace\target\debug\deps --extern proc_macro2=C:\workspace\target\debug\deps\libproc_macro2-146b8bf3c15b97b0.rlib --extern quote=C:\workspace\target\debug\deps\libquote-0126ba1443770dd6.rlib --extern syn=C:\workspace\target\debug\deps\libsyn-741f49bdb063edbe.rlib --extern proc_macro --cap-lints allow`
[19:17:58]        Fresh generic-array v0.14.7
[19:17:58]      Running `C:\workspace\target\debug\build\num-traits-89d6760ce01e7ba6\build-script-build`
[19:17:58]      Running `C:\Users\ContainerAdministrator\scoop\persist\rustup\.rustup\toolchains\stable-x86_64-pc-windows-msvc\bin\rustc.exe --crate-name windows_sys --edition=2021 C:\Users\ContainerAdministrator\scoop\persist\rustup\.cargo\registry\src\index.crates.io-1949cf8c6b5b557f\windows-sys-0.61.2\src\lib.rs --error-format=json --json=diagnostic-rendered-ansi,artifacts,future-incompat --crate-type lib --emit=dep-info,metadata,link -C opt-level=2 -C embed-bitcode=no --warn=unexpected_cfgs --warn=missing_unsafe_on_extern --check-cfg "cfg(windows_raw_dylib, windows_slim_errors)" -C debug-assertions=on --cfg "feature=\"Win32\"" --cfg "feature=\"Win32_Foundation\"" --cfg "feature=\"Win32_Storage\"" --cfg "feature=\"Win32_Storage_FileSystem\"" --cfg "feature=\"Win32_System\"" --cfg "feature=\"Win32_System_Console\"" --cfg "feature=\"Win32_System_SystemInformation\"" --cfg "feature=\"default\"" --check-cfg cfg(docsrs,test) --check-cfg "cfg(feature, values(\"Wdk\", \"Wdk_Devices\", \"Wdk_Devices_Bluetooth\", \"Wdk_Devices_HumanInterfaceDevice\", \"Wdk_Foundation\", \"Wdk_Graphics\", \"Wdk_Graphics_Direct3D\", \"Wdk_NetworkManagement\", \"Wdk_NetworkManagement_Ndis\", \"Wdk_NetworkManagement_WindowsFilteringPlatform\", \"Wdk_Storage\", \"Wdk_Storage_FileSystem\", \"Wdk_Storage_FileSystem_Minifilters\", \"Wdk_System\", \"Wdk_System_IO\", \"Wdk_System_Memory\", \"Wdk_System_OfflineRegistry\", \"Wdk_System_Registry\", \"Wdk_System_SystemInformation\", \"Wdk_System_SystemServices\", \"Wdk_System_Threading\", \"Win32\", \"Win32_Data\", \"Win32_Data_HtmlHelp\", \"Win32_Data_RightsManagement\", \"Win32_Devices\", \"Win32_Devices_AllJoyn\", \"Win32_Devices_Beep\", \"Win32_Devices_BiometricFramework\", \"Win32_Devices_Bluetooth\", \"Win32_Devices_Cdrom\", \"Win32_Devices_Communication\", \"Win32_Devices_DeviceAndDriverInstallation\", \"Win32_Devices_DeviceQuery\", \"Win32_Devices_Display\", \"Win32_Devices_Dvd\", \"Win32_Devices_Enumeration\", \"Win32_Devices_Enumeration_Pnp\", \"Win32_Devices_Fax\", \"Win32_Devices_HumanInterfaceDevice\", \"Win32_Devices_Nfc\", \"Win32_Devices_Nfp\", \"Win32_Devices_PortableDevices\", \"Win32_Devices_Properties\", \"Win32_Devices_Pwm\", \"Win32_Devices_Sensors\", \"Win32_Devices_SerialCommunication\", \"Win32_Devices_Tapi\", \"Win32_Devices_Usb\", \"Win32_Devices_WebServicesOnDevices\", \"Win32_Foundation\", \"Win32_Gaming\", \"Win32_Globalization\", \"Win32_Graphics\", \"Win32_Graphics_Dwm\", \"Win32_Graphics_Gdi\", \"Win32_Graphics_GdiPlus\", \"Win32_Graphics_Hlsl\", \"Win32_Graphics_OpenGL\", \"Win32_Graphics_Printing\", \"Win32_Graphics_Printing_PrintTicket\", \"Win32_Management\", \"Win32_Management_MobileDeviceManagementRegistration\", \"Win32_Media\", \"Win32_Media_Audio\", \"Win32_Media_DxMediaObjects\", \"Win32_Media_KernelStreaming\", \"Win32_Media_Multimedia\", \"Win32_Media_Streaming\", \"Win32_Media_WindowsMediaFormat\", \"Win32_NetworkManagement\", \"Win32_NetworkManagement_Dhcp\", \"Win32_NetworkManagement_Dns\", \"Win32_NetworkManagement_InternetConnectionWizard\", \"Win32_NetworkManagement_IpHelper\", \"Win32_NetworkManagement_Multicast\", \"Win32_NetworkManagement_Ndis\", \"Win32_NetworkManagement_NetBios\", \"Win32_NetworkManagement_NetManagement\", \"Win32_NetworkManagement_NetShell\", \"Win32_NetworkManagement_NetworkDiagnosticsFramework\", \"Win32_NetworkManagement_P2P\", \"Win32_NetworkManagement_QoS\", \"Win32_NetworkManagement_Rras\", \"Win32_NetworkManagement_Snmp\", \"Win32_NetworkManagement_WNet\", \"Win32_NetworkManagement_WebDav\", \"Win32_NetworkManagement_WiFi\", \"Win32_NetworkManagement_WindowsConnectionManager\", \"Win32_NetworkManagement_WindowsFilteringPlatform\", \"Win32_NetworkManagement_WindowsFirewall\", \"Win32_NetworkManagement_WindowsNetworkVirtualization\", \"Win32_Networking\", \"Win32_Networking_ActiveDirectory\", \"Win32_Networking_Clustering\", \"Win32_Networking_HttpServer\", \"Win32_Networking_Ldap\", \"Win32_Networking_WebSocket\", \"Win32_Networking_WinHttp\", \"Win32_Networking_WinInet\", \"Win32_Networking_WinSock\", \"Win32_Networking_WindowsWebServices\", \"Win32_Security\", \"Win32_Security_AppLocker\", \"Win32_Security_Authentication\", \"Win32_Security_Authentication_Identity\", \"Win32_Security_Authorization\", \"Win32_Security_Credentials\", \"Win32_Security_Cryptography\", \"Win32_Security_Cryptography_Catalog\", \"Win32_Security_Cryptography_Certificates\", \"Win32_Security_Cryptography_Sip\", \"Win32_Security_Cryptography_UI\", \"Win32_Security_DiagnosticDataQuery\", \"Win32_Security_DirectoryServices\", \"Win32_Security_EnterpriseData\", \"Win32_Security_ExtensibleAuthenticationProtocol\", \"Win32_Security_Isolation\", \"Win32_Security_LicenseProtection\", \"Win32_Security_NetworkAccessProtection\", \"Win32_Security_WinTrust\", \"Win32_Security_WinWlx\", \"Win32_Storage\", \"Win32_Storage_Cabinets\", \"Win32_Storage_CloudFilters\", \"Win32_Storage_Compression\", \"Win32_Storage_DistributedFileSystem\", \"Win32_Storage_FileHistory\", \"Win32_Storage_FileSystem\", \"Win32_Storage_Imapi\", \"Win32_Storage_IndexServer\", \"Win32_Storage_InstallableFileSystems\", \"Win32_Storage_IscsiDisc\", \"Win32_Storage_Jet\", \"Win32_Storage_Nvme\", \"Win32_Storage_OfflineFiles\", \"Win32_Storage_OperationRecorder\", \"Win32_Storage_Packaging\", \"Win32_Storage_Packaging_Appx\", \"Win32_Storage_ProjectedFileSystem\", \"Win32_Storage_StructuredStorage\", \"Win32_Storage_Vhd\", \"Win32_Storage_Xps\", \"Win32_System\", \"Win32_System_AddressBook\", \"Win32_System_Antimalware\", \"Win32_System_ApplicationInstallationAndServicing\", \"Win32_System_ApplicationVerifier\", \"Win32_System_ClrHosting\", \"Win32_System_Com\", \"Win32_System_Com_Marshal\", \"Win32_System_Com_StructuredStorage\", \"Win32_System_Com_Urlmon\", \"Win32_System_ComponentServices\", \"Win32_System_Console\", \"Win32_System_CorrelationVector\", \"Win32_System_DataExchange\", \"Win32_System_DeploymentServices\", \"Win32_System_DeveloperLicensing\", \"Win32_System_Diagnostics\", \"Win32_System_Diagnostics_Ceip\", \"Win32_System_Diagnostics_Debug\", \"Win32_System_Diagnostics_Debug_Extensions\", \"Win32_System_Diagnostics_Etw\", \"Win32_System_Diagnostics_ProcessSnapshotting\", \"Win32_System_Diagnostics_ToolHelp\", \"Win32_System_Diagnostics_TraceLogging\", \"Win32_System_DistributedTransactionCoordinator\", \"Win32_System_Environment\", \"Win32_System_ErrorReporting\", \"Win32_System_EventCollector\", \"Win32_System_EventLog\", \"Win32_System_EventNotificationService\", \"Win32_System_GroupPolicy\", \"Win32_System_HostCompute\", \"Win32_System_HostComputeNetwork\", \"Win32_System_HostComputeSystem\", \"Win32_System_Hypervisor\", \"Win32_System_IO\", \"Win32_System_Iis\", \"Win32_System_Ioctl\", \"Win32_System_JobObjects\", \"Win32_System_Js\", \"Win32_System_Kernel\", \"Win32_System_LibraryLoader\", \"Win32_System_Mailslots\", \"Win32_System_Mapi\", \"Win32_System_Memory\", \"Win32_System_Memory_NonVolatile\", \"Win32_System_MessageQueuing\", \"Win32_System_MixedReality\", \"Win32_System_Ole\", \"Win32_System_PasswordManagement\", \"Win32_System_Performance\", \"Win32_System_Performance_HardwareCounterProfiling\", \"Win32_System_Pipes\", \"Win32_System_Power\", \"Win32_System_ProcessStatus\", \"Win32_System_Recovery\", \"Win32_System_Registry\", \"Win32_System_RemoteDesktop\", \"Win32_System_RemoteManagement\", \"Win32_System_RestartManager\", \"Win32_System_Restore\", \"Win32_System_Rpc\", \"Win32_System_Search\", \"Win32_System_Search_Common\", \"Win32_System_SecurityCenter\", \"Win32_System_Services\", \"Win32_System_SetupAndMigration\", \"Win32_System_Shutdown\", \"Win32_System_StationsAndDesktops\", \"Win32_System_SubsystemForLinux\", \"Win32_System_SystemInformation\", \"Win32_System_SystemServices\", \"Win32_System_Threading\", \"Win32_System_Time\", \"Win32_System_TpmBaseServices\", \"Win32_System_UserAccessLogging\", \"Win32_System_Variant\", \"Win32_System_VirtualDosMachines\", \"Win32_System_WindowsProgramming\", \"Win32_System_Wmi\", \"Win32_UI\", \"Win32_UI_Accessibility\", \"Win32_UI_ColorSystem\", \"Win32_UI_Controls\", \"Win32_UI_Controls_Dialogs\", \"Win32_UI_HiDpi\", \"Win32_UI_Input\", \"Win32_UI_Input_Ime\", \"Win32_UI_Input_KeyboardAndMouse\", \"Win32_UI_Input_Pointer\", \"Win32_UI_Input_Touch\", \"Win32_UI_Input_XboxController\", \"Win32_UI_InteractionContext\", \"Win32_UI_Magnification\", \"Win32_UI_Shell\", \"Win32_UI_Shell_Common\", \"Win32_UI_Shell_PropertiesSystem\", \"Win32_UI_TabletPC\", \"Win32_UI_TextServices\", \"Win32_UI_WindowsAndMessaging\", \"Win32_Web\", \"Win32_Web_InternetExplorer\", \"default\", \"docs\"))" -C metadata=5d535ae312817304 -C extra-filename=-5194139d4b7c28c9 --out-dir C:\workspace\target\debug\deps -L dependency=C:\workspace\target\debug\deps --extern windows_link=C:\workspace\target\debug\deps\libwindows_link-f077ee1bf59aae6f.rmeta --cap-lints allow`
[19:17:58]    Compiling windows-core v0.62.2
[19:17:58]      Running `C:\Users\ContainerAdministrator\scoop\persist\rustup\.rustup\toolchains\stable-x86_64-pc-windows-msvc\bin\rustc.exe --crate-name windows_core --edition=2021 C:\Users\ContainerAdministrator\scoop\persist\rustup\.cargo\registry\src\index.crates.io-1949cf8c6b5b557f\windows-core-0.62.2\src\lib.rs --error-format=json --json=diagnostic-rendered-ansi,artifacts,future-incompat --crate-type lib --emit=dep-info,metadata,link -C opt-level=2 -C embed-bitcode=no -C debuginfo=2 --warn=unexpected_cfgs --warn=missing_unsafe_on_extern --check-cfg "cfg(windows_raw_dylib, windows_slim_errors)" -C debug-assertions=on --cfg "feature=\"default\"" --cfg "feature=\"std\"" --check-cfg cfg(docsrs,test) --check-cfg "cfg(feature, values(\"default\", \"std\"))" -C metadata=9bc6a2b35aa2eb24 -C extra-filename=-d08dcb17c447d251 --out-dir C:\workspace\target\debug\deps -L dependency=C:\workspace\target\debug\deps --extern windows_implement=C:\workspace\target\debug\deps\windows_implement-c1c680f694713865.dll --extern windows_interface=C:\workspace\target\debug\deps\windows_interface-d9383957e1325169.dll --extern windows_link=C:\workspace\target\debug\deps\libwindows_link-f077ee1bf59aae6f.rmeta --extern windows_result=C:\workspace\target\debug\deps\libwindows_result-fc8be3cde86e5cef.rmeta --extern windows_strings=C:\workspace\target\debug\deps\libwindows_strings-37bf14fceb11363f.rmeta --cap-lints allow`
[19:17:58]        Fresh equivalent v1.0.2
[19:17:58]    Compiling pin-project-lite v0.2.17
[19:17:58]      Running `C:\Users\ContainerAdministrator\scoop\persist\rustup\.rustup\toolchains\stable-x86_64-pc-windows-msvc\bin\rustc.exe --crate-name pin_project_lite --edition=2018 C:\Users\ContainerAdministrator\scoop\persist\rustup\.cargo\registry\src\index.crates.io-1949cf8c6b5b557f\pin-project-lite-0.2.17\src\lib.rs --error-format=json --json=diagnostic-rendered-ansi,artifacts,future-incompat --crate-type lib --emit=dep-info,metadata,link -C opt-level=2 -C embed-bitcode=no -C debuginfo=2 --warn=clippy::unused_trait_names --warn=unreachable_pub --warn=unnameable_types --warn=unexpected_cfgs --warn=clippy::undocumented_unsafe_blocks --warn=clippy::transmute_undefined_repr --warn=clippy::trailing_empty_array --warn=single_use_lifetimes --warn=rust_2018_idioms --warn=clippy::pedantic --warn=non_ascii_idents --warn=clippy::inline_asm_x86_att_syntax --warn=improper_ctypes_definitions --warn=improper_ctypes --warn=deprecated_safe --warn=clippy::default_union_representation --warn=clippy::as_underscore --warn=clippy::as_ptr_cast_mut --warn=clippy::all --allow=clippy::type_complexity --allow=clippy::too_many_lines --allow=clippy::too_many_arguments --allow=clippy::struct_field_names --allow=clippy::struct_excessive_bools --allow=clippy::single_match_else --allow=clippy::single_match --allow=clippy::similar_names --allow=clippy::range_plus_one --allow=clippy::nonminimal_bool --allow=clippy::naive_bytecount --allow=clippy::module_name_repetitions --allow=clippy::missing_errors_doc --allow=clippy::manual_range_contains --allow=clippy::manual_assert --allow=clippy::incompatible_msrv --allow=clippy::float_cmp --allow=clippy::doc_markdown --allow=clippy::declare_interior_mutable_const --allow=clippy::collapsible_match --allow=clippy::cast_lossless --allow=clippy::borrow_as_ptr --allow=clippy::bool_assert_comparison -C debug-assertions=on --check-cfg cfg(docsrs,test) --check-cfg "cfg(feature, values())" -C metadata=5626e4d3100b22fa -C extra-filename=-b3d976a96f2a4e89 --out-dir C:\workspace\target\debug\deps -L dependency=C:\workspace\target\debug\deps --cap-lints allow`
[19:17:58]    Compiling futures-core v0.3.32
[19:17:58]      Running `C:\Users\ContainerAdministrator\scoop\persist\rustup\.rustup\toolchains\stable-x86_64-pc-windows-msvc\bin\rustc.exe --crate-name futures_core --edition=2018 C:\Users\ContainerAdministrator\scoop\persist\rustup\.cargo\registry\src\index.crates.io-1949cf8c6b5b557f\futures-core-0.3.32\src\lib.rs --error-format=json --json=diagnostic-rendered-ansi,artifacts,future-incompat --crate-type lib --emit=dep-info,metadata,link -C opt-level=2 -C embed-bitcode=no -C debuginfo=2 --warn=unreachable_pub --warn=unexpected_cfgs --warn=single_use_lifetimes --warn=rust_2018_idioms --warn=missing_debug_implementations --check-cfg cfg(futures_sanitizer) -C debug-assertions=on --cfg "feature=\"alloc\"" --cfg "feature=\"std\"" --check-cfg cfg(docsrs,test) --check-cfg "cfg(feature, values(\"alloc\", \"cfg-target-has-atomic\", \"default\", \"portable-atomic\", \"std\", \"unstable\"))" -C metadata=e0b3d264733329d9 -C extra-filename=-7f1efafdf2fe23ed --out-dir C:\workspace\target\debug\deps -L dependency=C:\workspace\target\debug\deps --cap-lints allow`
[19:17:58]        Fresh hashbrown v0.16.1
[19:17:58]    Compiling futures-sink v0.3.32
[19:17:58]      Running `C:\Users\ContainerAdministrator\scoop\persist\rustup\.rustup\toolchains\stable-x86_64-pc-windows-msvc\bin\rustc.exe --crate-name futures_sink --edition=2018 C:\Users\ContainerAdministrator\scoop\persist\rustup\.cargo\registry\src\index.crates.io-1949cf8c6b5b557f\futures-sink-0.3.32\src\lib.rs --error-format=json --json=diagnostic-rendered-ansi,artifacts,future-incompat --crate-type lib --emit=dep-info,metadata,link -C opt-level=2 -C embed-bitcode=no -C debuginfo=2 --warn=unreachable_pub --warn=unexpected_cfgs --warn=single_use_lifetimes --warn=rust_2018_idioms --warn=missing_debug_implementations --check-cfg cfg(futures_sanitizer) -C debug-assertions=on --cfg "feature=\"alloc\"" --cfg "feature=\"std\"" --check-cfg cfg(docsrs,test) --check-cfg "cfg(feature, values(\"alloc\", \"default\", \"std\"))" -C metadata=0dace39ac85c2030 -C extra-filename=-2beb904abe55628a --out-dir C:\workspace\target\debug\deps -L dependency=C:\workspace\target\debug\deps --cap-lints allow`
[19:17:58]    Compiling futures-channel v0.3.32
[19:17:58]      Running `C:\Users\ContainerAdministrator\scoop\persist\rustup\.rustup\toolchains\stable-x86_64-pc-windows-msvc\bin\rustc.exe --crate-name futures_channel --edition=2018 C:\Users\ContainerAdministrator\scoop\persist\rustup\.cargo\registry\src\index.crates.io-1949cf8c6b5b557f\futures-channel-0.3.32\src\lib.rs --error-format=json --json=diagnostic-rendered-ansi,artifacts,future-incompat --crate-type lib --emit=dep-info,metadata,link -C opt-level=2 -C embed-bitcode=no -C debuginfo=2 --warn=unreachable_pub --warn=unexpected_cfgs --warn=single_use_lifetimes --warn=rust_2018_idioms --warn=missing_debug_implementations --check-cfg cfg(futures_sanitizer) -C debug-assertions=on --cfg "feature=\"alloc\"" --cfg "feature=\"futures-sink\"" --cfg "feature=\"sink\"" --cfg "feature=\"std\"" --check-cfg cfg(docsrs,test) --check-cfg "cfg(feature, values(\"alloc\", \"cfg-target-has-atomic\", \"default\", \"futures-sink\", \"sink\", \"std\", \"unstable\"))" -C metadata=f675e3a7175f780e -C extra-filename=-159a8ae65f237cce --out-dir C:\workspace\target\debug\deps -L dependency=C:\workspace\target\debug\deps --extern futures_core=C:\workspace\target\debug\deps\libfutures_core-7f1efafdf2fe23ed.rmeta --extern futures_sink=C:\workspace\target\debug\deps\libfutures_sink-2beb904abe55628a.rmeta --cap-lints allow`
[19:17:58]        Fresh indexmap v2.13.0
[19:17:58]    Compiling winapi-util v0.1.11
[19:17:58]      Running `C:\Users\ContainerAdministrator\scoop\persist\rustup\.rustup\toolchains\stable-x86_64-pc-windows-msvc\bin\rustc.exe --crate-name winapi_util --edition=2021 C:\Users\ContainerAdministrator\scoop\persist\rustup\.cargo\registry\src\index.crates.io-1949cf8c6b5b557f\winapi-util-0.1.11\src\lib.rs --error-format=json --json=diagnostic-rendered-ansi,artifacts,future-incompat --crate-type lib --emit=dep-info,metadata,link -C opt-level=2 -C embed-bitcode=no -C debug-assertions=on --check-cfg cfg(docsrs,test) --check-cfg "cfg(feature, values())" -C metadata=ca116474bc9ad5a5 -C extra-filename=-a47c036037686c1f --out-dir C:\workspace\target\debug\deps -L dependency=C:\workspace\target\debug\deps --extern windows_sys=C:\workspace\target\debug\deps\libwindows_sys-5194139d4b7c28c9.rmeta --cap-lints allow`
[19:17:58]      Running `C:\Users\ContainerAdministrator\scoop\persist\rustup\.rustup\toolchains\stable-x86_64-pc-windows-msvc\bin\rustc.exe --crate-name num_traits --edition=2021 C:\Users\ContainerAdministrator\scoop\persist\rustup\.cargo\registry\src\index.crates.io-1949cf8c6b5b557f\num-traits-0.2.19\src\lib.rs --error-format=json --json=diagnostic-rendered-ansi,artifacts,future-incompat --crate-type lib --emit=dep-info,metadata,link -C opt-level=2 -C embed-bitcode=no -C debuginfo=2 -C debug-assertions=on --check-cfg cfg(docsrs,test) --check-cfg "cfg(feature, values(\"default\", \"i128\", \"libm\", \"std\"))" -C metadata=c0ca98d0d8c35732 -C extra-filename=-c7c8cf2c33b42f69 --out-dir C:\workspace\target\debug\deps -L dependency=C:\workspace\target\debug\deps --cap-lints allow --cfg has_total_cmp --check-cfg cfg(has_total_cmp)`
[19:17:58]    Compiling futures-macro v0.3.32
[19:17:58]      Running `C:\Users\ContainerAdministrator\scoop\persist\rustup\.rustup\toolchains\stable-x86_64-pc-windows-msvc\bin\rustc.exe --crate-name futures_macro --edition=2018 C:\Users\ContainerAdministrator\scoop\persist\rustup\.cargo\registry\src\index.crates.io-1949cf8c6b5b557f\futures-macro-0.3.32\src\lib.rs --error-format=json --json=diagnostic-rendered-ansi,artifacts,future-incompat --crate-type proc-macro --emit=dep-info,link -C prefer-dynamic -C opt-level=2 -C embed-bitcode=no --warn=unreachable_pub --warn=unexpected_cfgs --warn=single_use_lifetimes --warn=rust_2018_idioms --warn=missing_debug_implementations --check-cfg cfg(futures_sanitizer) -C debug-assertions=on --check-cfg cfg(docsrs,test) --check-cfg "cfg(feature, values())" -C metadata=5d8a2ed207c30060 -C extra-filename=-976d4d786842816b --out-dir C:\workspace\target\debug\deps -L dependency=C:\workspace\target\debug\deps --extern proc_macro2=C:\workspace\target\debug\deps\libproc_macro2-146b8bf3c15b97b0.rlib --extern quote=C:\workspace\target\debug\deps\libquote-0126ba1443770dd6.rlib --extern syn=C:\workspace\target\debug\deps\libsyn-741f49bdb063edbe.rlib --extern proc_macro --cap-lints allow`
[19:17:58]    Compiling serde_core v1.0.228
[19:17:58]      Running `C:\Users\ContainerAdministrator\scoop\persist\rustup\.rustup\toolchains\stable-x86_64-pc-windows-msvc\bin\rustc.exe --crate-name build_script_build --edition=2021 C:\Users\ContainerAdministrator\scoop\persist\rustup\.cargo\registry\src\index.crates.io-1949cf8c6b5b557f\serde_core-1.0.228\build.rs --error-format=json --json=diagnostic-rendered-ansi,artifacts,future-incompat --crate-type bin --emit=dep-info,link -C opt-level=2 -C embed-bitcode=no -C debug-assertions=on --cfg "feature=\"result\"" --cfg "feature=\"std\"" --check-cfg cfg(docsrs,test) --check-cfg "cfg(feature, values(\"alloc\", \"default\", \"rc\", \"result\", \"std\", \"unstable\"))" -C metadata=3448437f1c079c2c -C extra-filename=-5ef7cf3bce663541 --out-dir C:\workspace\target\debug\build\serde_core-5ef7cf3bce663541 -L dependency=C:\workspace\target\debug\deps --cap-lints allow`
[19:17:58]    Compiling futures-io v0.3.32
[19:17:58]      Running `C:\Users\ContainerAdministrator\scoop\persist\rustup\.rustup\toolchains\stable-x86_64-pc-windows-msvc\bin\rustc.exe --crate-name futures_io --edition=2018 C:\Users\ContainerAdministrator\scoop\persist\rustup\.cargo\registry\src\index.crates.io-1949cf8c6b5b557f\futures-io-0.3.32\src\lib.rs --error-format=json --json=diagnostic-rendered-ansi,artifacts,future-incompat --crate-type lib --emit=dep-info,metadata,link -C opt-level=2 -C embed-bitcode=no -C debuginfo=2 --warn=unreachable_pub --warn=unexpected_cfgs --warn=single_use_lifetimes --warn=rust_2018_idioms --warn=missing_debug_implementations --check-cfg cfg(futures_sanitizer) -C debug-assertions=on --cfg "feature=\"std\"" --check-cfg cfg(docsrs,test) --check-cfg "cfg(feature, values(\"default\", \"std\", \"unstable\"))" -C metadata=62dbaaa7bebb1851 -C extra-filename=-d37eec8e249b9e36 --out-dir C:\workspace\target\debug\deps -L dependency=C:\workspace\target\debug\deps --cap-lints allow`
[19:17:58]    Compiling slab v0.4.12
[19:17:58]      Running `C:\Users\ContainerAdministrator\scoop\persist\rustup\.rustup\toolchains\stable-x86_64-pc-windows-msvc\bin\rustc.exe --crate-name slab --edition=2018 C:\Users\ContainerAdministrator\scoop\persist\rustup\.cargo\registry\src\index.crates.io-1949cf8c6b5b557f\slab-0.4.12\src\lib.rs --error-format=json --json=diagnostic-rendered-ansi,artifacts,future-incompat --crate-type lib --emit=dep-info,metadata,link -C opt-level=2 -C embed-bitcode=no -C debuginfo=2 -C debug-assertions=on --cfg "feature=\"std\"" --check-cfg cfg(docsrs,test) --check-cfg "cfg(feature, values(\"default\", \"serde\", \"std\"))" -C metadata=b35eed3ec522ec4a -C extra-filename=-53645dd58c36c28f --out-dir C:\workspace\target\debug\deps -L dependency=C:\workspace\target\debug\deps --cap-lints allow`
[19:17:58]    Compiling utf8parse v0.2.2
[19:17:58]      Running `C:\Users\ContainerAdministrator\scoop\persist\rustup\.rustup\toolchains\stable-x86_64-pc-windows-msvc\bin\rustc.exe --crate-name utf8parse --edition=2018 C:\Users\ContainerAdministrator\scoop\persist\rustup\.cargo\registry\src\index.crates.io-1949cf8c6b5b557f\utf8parse-0.2.2\src\lib.rs --error-format=json --json=diagnostic-rendered-ansi,artifacts,future-incompat --crate-type lib --emit=dep-info,metadata,link -C opt-level=2 -C embed-bitcode=no -C debuginfo=2 -C debug-assertions=on --cfg "feature=\"default\"" --check-cfg cfg(docsrs,test) --check-cfg "cfg(feature, values(\"default\", \"nightly\"))" -C metadata=8cc6a56f4e68f524 -C extra-filename=-ba6ba85e264ed642 --out-dir C:\workspace\target\debug\deps -L dependency=C:\workspace\target\debug\deps --cap-lints allow`
[19:17:58]    Compiling once_cell_polyfill v1.70.2
[19:17:58]      Running `C:\Users\ContainerAdministrator\scoop\persist\rustup\.rustup\toolchains\stable-x86_64-pc-windows-msvc\bin\rustc.exe --crate-name once_cell_polyfill --edition=2021 C:\Users\ContainerAdministrator\scoop\persist\rustup\.cargo\registry\src\index.crates.io-1949cf8c6b5b557f\once_cell_polyfill-1.70.2\src\lib.rs --error-format=json --json=diagnostic-rendered-ansi,artifacts,future-incompat --crate-type lib --emit=dep-info,metadata,link -C opt-level=2 -C embed-bitcode=no -C debuginfo=2 --warn=rust_2018_idioms --warn=clippy::zero_sized_map_values --warn=clippy::wildcard_imports --warn=clippy::verbose_file_reads --warn=unused_qualifications --warn=unused_macro_rules --warn=unused_lifetimes --warn=unsafe_op_in_unsafe_fn --warn=unreachable_pub --warn=unnameable_types --warn=clippy::uninlined_format_args --warn=clippy::trait_duplication_in_bounds --warn=clippy::todo --warn=clippy::string_to_string --warn=clippy::string_lit_as_bytes --warn=clippy::string_add_assign --warn=clippy::string_add --warn=clippy::str_to_string --warn=clippy::semicolon_if_nothing_returned --warn=clippy::self_named_module_files --warn=clippy::same_functions_in_if_condition --allow=clippy::result_large_err --warn=clippy::rest_pat_in_fully_bound_structs --warn=clippy::ref_option_ref --warn=clippy::redundant_feature_names --warn=clippy::rc_mutex --warn=clippy::ptr_as_ptr --warn=clippy::path_buf_push_overwrite --warn=clippy::negative_feature_names --warn=clippy::needless_for_each --allow=clippy::needless_continue --warn=clippy::mutex_integer --warn=clippy::mem_forget --warn=clippy::macro_use_imports --warn=clippy::lossy_float_literal --warn=clippy::linkedlist --allow=clippy::let_and_return --warn=clippy::large_types_passed_by_value --warn=clippy::large_stack_arrays --warn=clippy::large_digit_groups --warn=clippy::invalid_upcast_comparisons --warn=clippy::infinite_loop --warn=clippy::inefficient_to_string --warn=clippy::inconsistent_struct_constructor --warn=clippy::imprecise_flops --warn=clippy::implicit_clone --allow=clippy::if_same_then_else --warn=clippy::from_iter_instead_of_collect --warn=clippy::fn_params_excessive_bools --warn=clippy::float_cmp_const --warn=clippy::flat_map_option --warn=clippy::filter_map_next --warn=clippy::fallible_impl_from --warn=clippy::explicit_into_iter_loop --warn=clippy::explicit_deref_methods --warn=clippy::expl_impl_clone_on_copy --warn=clippy::enum_glob_use --warn=clippy::empty_enum --warn=clippy::doc_markdown --warn=clippy::debug_assert_with_mut_call --warn=clippy::dbg_macro --warn=clippy::create_dir --allow=clippy::collapsible_else_if --warn=clippy::checked_conversions --allow=clippy::branches_sharing_code --allow=clippy::bool_assert_comparison -C debug-assertions=on --cfg "feature=\"default\"" --check-cfg cfg(docsrs,test) --check-cfg "cfg(feature, values(\"default\"))" -C metadata=c0cf65d1e46b39b1 -C extra-filename=-9d9974678413e34c --out-dir C:\workspace\target\debug\deps -L dependency=C:\workspace\target\debug\deps --cap-lints allow`
[19:17:58]    Compiling futures-task v0.3.32
[19:17:58]      Running `C:\Users\ContainerAdministrator\scoop\persist\rustup\.rustup\toolchains\stable-x86_64-pc-windows-msvc\bin\rustc.exe --crate-name futures_task --edition=2018 C:\Users\ContainerAdministrator\scoop\persist\rustup\.cargo\registry\src\index.crates.io-1949cf8c6b5b557f\futures-task-0.3.32\src\lib.rs --error-format=json --json=diagnostic-rendered-ansi,artifacts,future-incompat --crate-type lib --emit=dep-info,metadata,link -C opt-level=2 -C embed-bitcode=no -C debuginfo=2 --warn=unreachable_pub --warn=unexpected_cfgs --warn=single_use_lifetimes --warn=rust_2018_idioms --warn=missing_debug_implementations --check-cfg cfg(futures_sanitizer) -C debug-assertions=on --cfg "feature=\"alloc\"" --cfg "feature=\"std\"" --check-cfg cfg(docsrs,test) --check-cfg "cfg(feature, values(\"alloc\", \"cfg-target-has-atomic\", \"default\", \"std\", \"unstable\"))" -C metadata=a5feffb68d6669d0 -C extra-filename=-d358321fad2fbe6e --out-dir C:\workspace\target\debug\deps -L dependency=C:\workspace\target\debug\deps --cap-lints allow`
[19:17:58]    Compiling anstyle-wincon v3.0.11
[19:17:58]      Running `C:\Users\ContainerAdministrator\scoop\persist\rustup\.rustup\toolchains\stable-x86_64-pc-windows-msvc\bin\rustc.exe --crate-name anstyle_wincon --edition=2021 C:\Users\ContainerAdministrator\scoop\persist\rustup\.cargo\registry\src\index.crates.io-1949cf8c6b5b557f\anstyle-wincon-3.0.11\src\lib.rs --error-format=json --json=diagnostic-rendered-ansi,artifacts,future-incompat --crate-type lib --emit=dep-info,metadata,link -C opt-level=2 -C embed-bitcode=no -C debuginfo=2 --warn=rust_2018_idioms --warn=clippy::zero_sized_map_values --warn=clippy::wildcard_imports --warn=clippy::verbose_file_reads --warn=unused_qualifications --warn=unused_macro_rules --warn=unused_lifetimes --warn=unsafe_op_in_unsafe_fn --warn=unreachable_pub --warn=unnameable_types --warn=clippy::uninlined_format_args --warn=clippy::trait_duplication_in_bounds --warn=clippy::todo --warn=clippy::string_lit_as_bytes --warn=clippy::string_add_assign --warn=clippy::string_add --warn=clippy::str_to_string --warn=clippy::semicolon_if_nothing_returned --warn=clippy::self_named_module_files --warn=clippy::same_functions_in_if_condition --allow=clippy::result_large_err --warn=clippy::rest_pat_in_fully_bound_structs --warn=clippy::ref_option_ref --warn=clippy::redundant_feature_names --warn=clippy::rc_mutex --warn=clippy::ptr_as_ptr --warn=clippy::path_buf_push_overwrite --warn=clippy::negative_feature_names --warn=clippy::needless_for_each --allow=clippy::needless_continue --warn=clippy::mutex_integer --warn=clippy::mem_forget --warn=clippy::macro_use_imports --warn=clippy::lossy_float_literal --warn=clippy::linkedlist --allow=clippy::let_and_return --warn=clippy::large_types_passed_by_value --warn=clippy::large_stack_arrays --warn=clippy::large_digit_groups --warn=clippy::invalid_upcast_comparisons --warn=clippy::infinite_loop --warn=clippy::inefficient_to_string --warn=clippy::inconsistent_struct_constructor --warn=clippy::imprecise_flops --warn=clippy::implicit_clone --allow=clippy::if_same_then_else --warn=clippy::from_iter_instead_of_collect --warn=clippy::fn_params_excessive_bools --warn=clippy::float_cmp_const --warn=clippy::flat_map_option --warn=clippy::filter_map_next --warn=clippy::fallible_impl_from --warn=clippy::explicit_into_iter_loop --warn=clippy::explicit_deref_methods --warn=clippy::expl_impl_clone_on_copy --warn=clippy::enum_glob_use --warn=clippy::empty_enum --warn=clippy::doc_markdown --warn=clippy::debug_assert_with_mut_call --warn=clippy::dbg_macro --warn=clippy::create_dir --allow=clippy::collapsible_else_if --warn=clippy::checked_conversions --allow=clippy::branches_sharing_code --allow=clippy::bool_assert_comparison -C debug-assertions=on --check-cfg cfg(docsrs,test) --check-cfg "cfg(feature, values())" -C metadata=e194f64d86c6d4a6 -C extra-filename=-fd3a480e1b1ffc0d --out-dir C:\workspace\target\debug\deps -L dependency=C:\workspace\target\debug\deps --extern anstyle=C:\workspace\target\debug\deps\libanstyle-a430ef4a1f9ba2db.rmeta --extern once_cell_polyfill=C:\workspace\target\debug\deps\libonce_cell_polyfill-9d9974678413e34c.rmeta --extern windows_sys=C:\workspace\target\debug\deps\libwindows_sys-7cb23a6b1532496a.rmeta --cap-lints allow`
[19:17:58]    Compiling anstyle-parse v0.2.7
[19:17:58]      Running `C:\Users\ContainerAdministrator\scoop\persist\rustup\.rustup\toolchains\stable-x86_64-pc-windows-msvc\bin\rustc.exe --crate-name anstyle_parse --edition=2021 C:\Users\ContainerAdministrator\scoop\persist\rustup\.cargo\registry\src\index.crates.io-1949cf8c6b5b557f\anstyle-parse-0.2.7\src\lib.rs --error-format=json --json=diagnostic-rendered-ansi,artifacts,future-incompat --crate-type lib --emit=dep-info,metadata,link -C opt-level=2 -C embed-bitcode=no -C debuginfo=2 --warn=rust_2018_idioms --warn=clippy::zero_sized_map_values --warn=clippy::wildcard_imports --warn=clippy::verbose_file_reads --warn=unused_qualifications --warn=unused_macro_rules --warn=unused_lifetimes --warn=unsafe_op_in_unsafe_fn --warn=unreachable_pub --warn=unnameable_types --warn=clippy::uninlined_format_args --warn=clippy::trait_duplication_in_bounds --warn=clippy::todo --warn=clippy::string_to_string --warn=clippy::string_lit_as_bytes --warn=clippy::string_add_assign --warn=clippy::string_add --warn=clippy::str_to_string --warn=clippy::semicolon_if_nothing_returned --warn=clippy::self_named_module_files --warn=clippy::same_functions_in_if_condition --allow=clippy::result_large_err --warn=clippy::rest_pat_in_fully_bound_structs --warn=clippy::ref_option_ref --warn=clippy::redundant_feature_names --warn=clippy::rc_mutex --warn=clippy::ptr_as_ptr --warn=clippy::path_buf_push_overwrite --warn=clippy::negative_feature_names --warn=clippy::needless_for_each --allow=clippy::needless_continue --warn=clippy::mutex_integer --warn=clippy::mem_forget --warn=clippy::macro_use_imports --warn=clippy::lossy_float_literal --warn=clippy::linkedlist --allow=clippy::let_and_return --warn=clippy::large_types_passed_by_value --warn=clippy::large_stack_arrays --warn=clippy::large_digit_groups --warn=clippy::invalid_upcast_comparisons --warn=clippy::infinite_loop --warn=clippy::inefficient_to_string --warn=clippy::inconsistent_struct_constructor --warn=clippy::imprecise_flops --warn=clippy::implicit_clone --allow=clippy::if_same_then_else --warn=clippy::from_iter_instead_of_collect --warn=clippy::fn_params_excessive_bools --warn=clippy::float_cmp_const --warn=clippy::flat_map_option --warn=clippy::filter_map_next --warn=clippy::fallible_impl_from --warn=clippy::explicit_into_iter_loop --warn=clippy::explicit_deref_methods --warn=clippy::expl_impl_clone_on_copy --warn=clippy::enum_glob_use --warn=clippy::empty_enum --warn=clippy::doc_markdown --warn=clippy::debug_assert_with_mut_call --warn=clippy::dbg_macro --warn=clippy::create_dir --allow=clippy::collapsible_else_if --warn=clippy::checked_conversions --allow=clippy::branches_sharing_code --allow=clippy::bool_assert_comparison -C debug-assertions=on --cfg "feature=\"default\"" --cfg "feature=\"utf8\"" --check-cfg cfg(docsrs,test) --check-cfg "cfg(feature, values(\"core\", \"default\", \"utf8\"))" -C metadata=f4e04d76976ba7a7 -C extra-filename=-0b4b9ee6224f7d7d --out-dir C:\workspace\target\debug\deps -L dependency=C:\workspace\target\debug\deps --extern utf8parse=C:\workspace\target\debug\deps\libutf8parse-ba6ba85e264ed642.rmeta --cap-lints allow`
[19:17:58]      Running `C:\workspace\target\debug\build\serde_core-5ef7cf3bce663541\build-script-build`
[19:17:58]    Compiling termcolor v1.4.1
[19:17:58]      Running `C:\Users\ContainerAdministrator\scoop\persist\rustup\.rustup\toolchains\stable-x86_64-pc-windows-msvc\bin\rustc.exe --crate-name termcolor --edition=2018 C:\Users\ContainerAdministrator\scoop\persist\rustup\.cargo\registry\src\index.crates.io-1949cf8c6b5b557f\termcolor-1.4.1\src\lib.rs --error-format=json --json=diagnostic-rendered-ansi,artifacts,future-incompat --crate-type lib --emit=dep-info,metadata,link -C opt-level=2 -C embed-bitcode=no -C debug-assertions=on --check-cfg cfg(docsrs,test) --check-cfg "cfg(feature, values())" -C metadata=dea0d3aa62e6d0a7 -C extra-filename=-bbd005c07d0c31eb --out-dir C:\workspace\target\debug\deps -L dependency=C:\workspace\target\debug\deps --extern winapi_util=C:\workspace\target\debug\deps\libwinapi_util-a47c036037686c1f.rmeta --cap-lints allow`
[19:17:58]        Fresh crypto-common v0.1.7
[19:17:58]        Fresh block-buffer v0.10.4
[19:17:58]    Compiling regex v1.12.3
[19:17:58]      Running `C:\Users\ContainerAdministrator\scoop\persist\rustup\.rustup\toolchains\stable-x86_64-pc-windows-msvc\bin\rustc.exe --crate-name regex --edition=2021 C:\Users\ContainerAdministrator\scoop\persist\rustup\.cargo\registry\src\index.crates.io-1949cf8c6b5b557f\regex-1.12.3\src\lib.rs --error-format=json --json=diagnostic-rendered-ansi,artifacts,future-incompat --crate-type lib --emit=dep-info,metadata,link -C opt-level=2 -C embed-bitcode=no -C debuginfo=2 --allow=unexpected_cfgs --check-cfg cfg(docsrs_regex) -C debug-assertions=on --cfg "feature=\"default\"" --cfg "feature=\"perf\"" --cfg "feature=\"perf-backtrack\"" --cfg "feature=\"perf-cache\"" --cfg "feature=\"perf-dfa\"" --cfg "feature=\"perf-inline\"" --cfg "feature=\"perf-literal\"" --cfg "feature=\"perf-onepass\"" --cfg "feature=\"std\"" --cfg "feature=\"unicode\"" --cfg "feature=\"unicode-age\"" --cfg "feature=\"unicode-bool\"" --cfg "feature=\"unicode-case\"" --cfg "feature=\"unicode-gencat\"" --cfg "feature=\"unicode-perl\"" --cfg "feature=\"unicode-script\"" --cfg "feature=\"unicode-segment\"" --check-cfg cfg(docsrs,test) --check-cfg "cfg(feature, values(\"default\", \"logging\", \"pattern\", \"perf\", \"perf-backtrack\", \"perf-cache\", \"perf-dfa\", \"perf-dfa-full\", \"perf-inline\", \"perf-literal\", \"perf-onepass\", \"std\", \"unicode\", \"unicode-age\", \"unicode-bool\", \"unicode-case\", \"unicode-gencat\", \"unicode-perl\", \"unicode-script\", \"unicode-segment\", \"unstable\", \"use_std\"))" -C metadata=64e534c2f584ab27 -C extra-filename=-5d41e35879635a39 --out-dir C:\workspace\target\debug\deps -L dependency=C:\workspace\target\debug\deps --extern aho_corasick=C:\workspace\target\debug\deps\libaho_corasick-1c1190df4d58ec88.rmeta --extern memchr=C:\workspace\target\debug\deps\libmemchr-f04c0fb69fa91af8.rmeta --extern regex_automata=C:\workspace\target\debug\deps\libregex_automata-b5797fb74852a4ae.rmeta --extern regex_syntax=C:\workspace\target\debug\deps\libregex_syntax-7398b4fb00e57012.rmeta --cap-lints allow`
[19:17:58]    Compiling anstyle-query v1.1.5
[19:17:58]      Running `C:\Users\ContainerAdministrator\scoop\persist\rustup\.rustup\toolchains\stable-x86_64-pc-windows-msvc\bin\rustc.exe --crate-name anstyle_query --edition=2021 C:\Users\ContainerAdministrator\scoop\persist\rustup\.cargo\registry\src\index.crates.io-1949cf8c6b5b557f\anstyle-query-1.1.5\src\lib.rs --error-format=json --json=diagnostic-rendered-ansi,artifacts,future-incompat --crate-type lib --emit=dep-info,metadata,link -C opt-level=2 -C embed-bitcode=no -C debuginfo=2 --warn=rust_2018_idioms --warn=clippy::zero_sized_map_values --warn=clippy::wildcard_imports --warn=clippy::verbose_file_reads --warn=unused_qualifications --warn=unused_macro_rules --warn=unused_lifetimes --warn=unsafe_op_in_unsafe_fn --warn=unreachable_pub --warn=unnameable_types --warn=clippy::uninlined_format_args --warn=clippy::trait_duplication_in_bounds --warn=clippy::todo --warn=clippy::string_lit_as_bytes --warn=clippy::string_add_assign --warn=clippy::string_add --warn=clippy::str_to_string --warn=clippy::semicolon_if_nothing_returned --warn=clippy::self_named_module_files --warn=clippy::same_functions_in_if_condition --allow=clippy::result_large_err --warn=clippy::rest_pat_in_fully_bound_structs --warn=clippy::ref_option_ref --warn=clippy::redundant_feature_names --warn=clippy::rc_mutex --warn=clippy::ptr_as_ptr --warn=clippy::path_buf_push_overwrite --warn=clippy::negative_feature_names --warn=clippy::needless_for_each --allow=clippy::needless_continue --warn=clippy::mutex_integer --warn=clippy::mem_forget --warn=clippy::macro_use_imports --warn=clippy::lossy_float_literal --warn=clippy::linkedlist --allow=clippy::let_and_return --warn=clippy::large_types_passed_by_value --warn=clippy::large_stack_arrays --warn=clippy::large_digit_groups --warn=clippy::invalid_upcast_comparisons --warn=clippy::infinite_loop --warn=clippy::inefficient_to_string --warn=clippy::inconsistent_struct_constructor --warn=clippy::imprecise_flops --warn=clippy::implicit_clone --allow=clippy::if_same_then_else --warn=clippy::from_iter_instead_of_collect --warn=clippy::fn_params_excessive_bools --warn=clippy::float_cmp_const --warn=clippy::flat_map_option --warn=clippy::filter_map_next --warn=clippy::fallible_impl_from --warn=clippy::explicit_into_iter_loop --warn=clippy::explicit_deref_methods --warn=clippy::expl_impl_clone_on_copy --warn=clippy::enum_glob_use --warn=clippy::empty_enum --warn=clippy::doc_markdown --warn=clippy::debug_assert_with_mut_call --warn=clippy::dbg_macro --warn=clippy::create_dir --allow=clippy::collapsible_else_if --warn=clippy::checked_conversions --allow=clippy::branches_sharing_code --allow=clippy::bool_assert_comparison -C debug-assertions=on --check-cfg cfg(docsrs,test) --check-cfg "cfg(feature, values())" -C metadata=b90b534300bd25ef -C extra-filename=-315996e4b131f0ff --out-dir C:\workspace\target\debug\deps -L dependency=C:\workspace\target\debug\deps --extern windows_sys=C:\workspace\target\debug\deps\libwindows_sys-7cb23a6b1532496a.rmeta --cap-lints allow`
[19:17:58]    Compiling windows-threading v0.2.1
[19:17:58]      Running `C:\Users\ContainerAdministrator\scoop\persist\rustup\.rustup\toolchains\stable-x86_64-pc-windows-msvc\bin\rustc.exe --crate-name windows_threading --edition=2021 C:\Users\ContainerAdministrator\scoop\persist\rustup\.cargo\registry\src\index.crates.io-1949cf8c6b5b557f\windows-threading-0.2.1\src\lib.rs --error-format=json --json=diagnostic-rendered-ansi,artifacts,future-incompat --crate-type lib --emit=dep-info,metadata,link -C opt-level=2 -C embed-bitcode=no -C debuginfo=2 --warn=unexpected_cfgs --warn=missing_unsafe_on_extern --check-cfg "cfg(windows_raw_dylib, windows_slim_errors)" -C debug-assertions=on --check-cfg cfg(docsrs,test) --check-cfg "cfg(feature, values())" -C metadata=dd91f669da193b2e -C extra-filename=-d91b7f3d254b8d9a --out-dir C:\workspace\target\debug\deps -L dependency=C:\workspace\target\debug\deps --extern windows_link=C:\workspace\target\debug\deps\libwindows_link-f077ee1bf59aae6f.rmeta --cap-lints allow`
[19:17:58]    Compiling serde v1.0.228
[19:17:58]      Running `C:\Users\ContainerAdministrator\scoop\persist\rustup\.rustup\toolchains\stable-x86_64-pc-windows-msvc\bin\rustc.exe --crate-name build_script_build --edition=2021 C:\Users\ContainerAdministrator\scoop\persist\rustup\.cargo\registry\src\index.crates.io-1949cf8c6b5b557f\serde-1.0.228\build.rs --error-format=json --json=diagnostic-rendered-ansi,artifacts,future-incompat --crate-type bin --emit=dep-info,link -C opt-level=2 -C embed-bitcode=no -C debug-assertions=on --cfg "feature=\"default\"" --cfg "feature=\"derive\"" --cfg "feature=\"serde_derive\"" --cfg "feature=\"std\"" --check-cfg cfg(docsrs,test) --check-cfg "cfg(feature, values(\"alloc\", \"default\", \"derive\", \"rc\", \"serde_derive\", \"std\", \"unstable\"))" -C metadata=566b1c073efbb382 -C extra-filename=-90165599447802a6 --out-dir C:\workspace\target\debug\build\serde-90165599447802a6 -L dependency=C:\workspace\target\debug\deps --cap-lints allow`
[19:17:58]    Compiling log v0.4.29
[19:17:58]      Running `C:\Users\ContainerAdministrator\scoop\persist\rustup\.rustup\toolchains\stable-x86_64-pc-windows-msvc\bin\rustc.exe --crate-name log --edition=2021 C:\Users\ContainerAdministrator\scoop\persist\rustup\.cargo\registry\src\index.crates.io-1949cf8c6b5b557f\log-0.4.29\src\lib.rs --error-format=json --json=diagnostic-rendered-ansi,artifacts,future-incompat --crate-type lib --emit=dep-info,metadata,link -C opt-level=2 -C embed-bitcode=no -C debuginfo=2 -C debug-assertions=on --cfg "feature=\"std\"" --check-cfg cfg(docsrs,test) --check-cfg "cfg(feature, values(\"kv\", \"kv_serde\", \"kv_std\", \"kv_sval\", \"kv_unstable\", \"kv_unstable_serde\", \"kv_unstable_std\", \"kv_unstable_sval\", \"max_level_debug\", \"max_level_error\", \"max_level_info\", \"max_level_off\", \"max_level_trace\", \"max_level_warn\", \"release_max_level_debug\", \"release_max_level_error\", \"release_max_level_info\", \"release_max_level_off\", \"release_max_level_trace\", \"release_max_level_warn\", \"serde\", \"serde_core\", \"std\", \"sval\", \"sval_ref\", \"value-bag\"))" -C metadata=2e9169048253f951 -C extra-filename=-594a8023f002d901 --out-dir C:\workspace\target\debug\deps -L dependency=C:\workspace\target\debug\deps --cap-lints allow`
[19:17:58]        Fresh cxxbridge-flags v1.0.194
[19:17:58]    Compiling winapi v0.3.9
[19:17:58]      Running `C:\Users\ContainerAdministrator\scoop\persist\rustup\.rustup\toolchains\stable-x86_64-pc-windows-msvc\bin\rustc.exe --crate-name build_script_build --edition=2015 C:\Users\ContainerAdministrator\scoop\persist\rustup\.cargo\registry\src\index.crates.io-1949cf8c6b5b557f\winapi-0.3.9\build.rs --error-format=json --json=diagnostic-rendered-ansi,artifacts,future-incompat --crate-type bin --emit=dep-info,link -C opt-level=2 -C embed-bitcode=no -C debug-assertions=on --cfg "feature=\"cfg\"" --cfg "feature=\"evntrace\"" --cfg "feature=\"in6addr\"" --cfg "feature=\"inaddr\"" --cfg "feature=\"minwinbase\"" --cfg "feature=\"ntsecapi\"" --cfg "feature=\"windef\"" --cfg "feature=\"winioctl\"" --check-cfg cfg(docsrs,test) --check-cfg "cfg(feature, values(\"accctrl\", \"aclapi\", \"activation\", \"adhoc\", \"appmgmt\", \"audioclient\", \"audiosessiontypes\", \"avrt\", \"basetsd\", \"bcrypt\", \"bits\", \"bits10_1\", \"bits1_5\", \"bits2_0\", \"bits2_5\", \"bits3_0\", \"bits4_0\", \"bits5_0\", \"bitscfg\", \"bitsmsg\", \"bluetoothapis\", \"bluetoothleapis\", \"bthdef\", \"bthioctl\", \"bthledef\", \"bthsdpdef\", \"bugcodes\", \"cderr\", \"cfg\", \"cfgmgr32\", \"cguid\", \"combaseapi\", \"coml2api\", \"commapi\", \"commctrl\", \"commdlg\", \"commoncontrols\", \"consoleapi\", \"corecrt\", \"corsym\", \"d2d1\", \"d2d1_1\", \"d2d1_2\", \"d2d1_3\", \"d2d1effectauthor\", \"d2d1effects\", \"d2d1effects_1\", \"d2d1effects_2\", \"d2d1svg\", \"d2dbasetypes\", \"d3d\", \"d3d10\", \"d3d10_1\", \"d3d10_1shader\", \"d3d10effect\", \"d3d10misc\", \"d3d10sdklayers\", \"d3d10shader\", \"d3d11\", \"d3d11_1\", \"d3d11_2\", \"d3d11_3\", \"d3d11_4\", \"d3d11on12\", \"d3d11sdklayers\", \"d3d11shader\", \"d3d11tokenizedprogramformat\", \"d3d12\", \"d3d12sdklayers\", \"d3d12shader\", \"d3d9\", \"d3d9caps\", \"d3d9types\", \"d3dcommon\", \"d3dcompiler\", \"d3dcsx\", \"d3dkmdt\", \"d3dkmthk\", \"d3dukmdt\", \"d3dx10core\", \"d3dx10math\", \"d3dx10mesh\", \"datetimeapi\", \"davclnt\", \"dbghelp\", \"dbt\", \"dcommon\", \"dcomp\", \"dcompanimation\", \"dcomptypes\", \"dde\", \"ddraw\", \"ddrawi\", \"ddrawint\", \"debug\", \"debugapi\", \"devguid\", \"devicetopology\", \"devpkey\", \"devpropdef\", \"dinput\", \"dinputd\", \"dispex\", \"dmksctl\", \"dmusicc\", \"docobj\", \"documenttarget\", \"dot1x\", \"dpa_dsa\", \"dpapi\", \"dsgetdc\", \"dsound\", \"dsrole\", \"dvp\", \"dwmapi\", \"dwrite\", \"dwrite_1\", \"dwrite_2\", \"dwrite_3\", \"dxdiag\", \"dxfile\", \"dxgi\", \"dxgi1_2\", \"dxgi1_3\", \"dxgi1_4\", \"dxgi1_5\", \"dxgi1_6\", \"dxgidebug\", \"dxgiformat\", \"dxgitype\", \"dxva2api\", \"dxvahd\", \"eaptypes\", \"enclaveapi\", \"endpointvolume\", \"errhandlingapi\", \"everything\", \"evntcons\", \"evntprov\", \"evntrace\", \"excpt\", \"exdisp\", \"fibersapi\", \"fileapi\", \"functiondiscoverykeys_devpkey\", \"gl-gl\", \"guiddef\", \"handleapi\", \"heapapi\", \"hidclass\", \"hidpi\", \"hidsdi\", \"hidusage\", \"highlevelmonitorconfigurationapi\", \"hstring\", \"http\", \"ifdef\", \"ifmib\", \"imm\", \"impl-debug\", \"impl-default\", \"in6addr\", \"inaddr\", \"inspectable\", \"interlockedapi\", \"intsafe\", \"ioapiset\", \"ipexport\", \"iphlpapi\", \"ipifcons\", \"ipmib\", \"iprtrmib\", \"iptypes\", \"jobapi\", \"jobapi2\", \"knownfolders\", \"ks\", \"ksmedia\", \"ktmtypes\", \"ktmw32\", \"l2cmn\", \"libloaderapi\", \"limits\", \"lmaccess\", \"lmalert\", \"lmapibuf\", \"lmat\", \"lmcons\", \"lmdfs\", \"lmerrlog\", \"lmjoin\", \"lmmsg\", \"lmremutl\", \"lmrepl\", \"lmserver\", \"lmshare\", \"lmstats\", \"lmsvc\", \"lmuse\", \"lmwksta\", \"lowlevelmonitorconfigurationapi\", \"lsalookup\", \"memoryapi\", \"minschannel\", \"minwinbase\", \"minwindef\", \"mmdeviceapi\", \"mmeapi\", \"mmreg\", \"mmsystem\", \"mprapidef\", \"msaatext\", \"mscat\", \"mschapp\", \"mssip\", \"mstcpip\", \"mswsock\", \"mswsockdef\", \"namedpipeapi\", \"namespaceapi\", \"nb30\", \"ncrypt\", \"netioapi\", \"nldef\", \"ntddndis\", \"ntddscsi\", \"ntddser\", \"ntdef\", \"ntlsa\", \"ntsecapi\", \"ntstatus\", \"oaidl\", \"objbase\", \"objidl\", \"objidlbase\", \"ocidl\", \"ole2\", \"oleauto\", \"olectl\", \"oleidl\", \"opmapi\", \"pdh\", \"perflib\", \"physicalmonitorenumerationapi\", \"playsoundapi\", \"portabledevice\", \"portabledeviceapi\", \"portabledevicetypes\", \"powerbase\", \"powersetting\", \"powrprof\", \"processenv\", \"processsnapshot\", \"processthreadsapi\", \"processtopologyapi\", \"profileapi\", \"propidl\", \"propkey\", \"propkeydef\", \"propsys\", \"prsht\", \"psapi\", \"qos\", \"realtimeapiset\", \"reason\", \"restartmanager\", \"restrictederrorinfo\", \"rmxfguid\", \"roapi\", \"robuffer\", \"roerrorapi\", \"rpc\", \"rpcdce\", \"rpcndr\", \"rtinfo\", \"sapi\", \"sapi51\", \"sapi53\", \"sapiddk\", \"sapiddk51\", \"schannel\", \"sddl\", \"securityappcontainer\", \"securitybaseapi\", \"servprov\", \"setupapi\", \"shellapi\", \"shellscalingapi\", \"shlobj\", \"shobjidl\", \"shobjidl_core\", \"shtypes\", \"softpub\", \"spapidef\", \"spellcheck\", \"sporder\", \"sql\", \"sqlext\", \"sqltypes\", \"sqlucode\", \"sspi\", \"std\", \"stralign\", \"stringapiset\", \"strmif\", \"subauth\", \"synchapi\", \"sysinfoapi\", \"systemtopologyapi\", \"taskschd\", \"tcpestats\", \"tcpmib\", \"textstor\", \"threadpoolapiset\", \"threadpoollegacyapiset\", \"timeapi\", \"timezoneapi\", \"tlhelp32\", \"transportsettingcommon\", \"tvout\", \"udpmib\", \"unknwnbase\", \"urlhist\", \"urlmon\", \"usb\", \"usbioctl\", \"usbiodef\", \"usbscan\", \"usbspec\", \"userenv\", \"usp10\", \"utilapiset\", \"uxtheme\", \"vadefs\", \"vcruntime\", \"vsbackup\", \"vss\", \"vsserror\", \"vswriter\", \"wbemads\", \"wbemcli\", \"wbemdisp\", \"wbemprov\", \"wbemtran\", \"wct\", \"werapi\", \"winbase\", \"wincodec\", \"wincodecsdk\", \"wincon\", \"wincontypes\", \"wincred\", \"wincrypt\", \"windef\", \"windot11\", \"windowsceip\", \"windowsx\", \"winefs\", \"winerror\", \"winevt\", \"wingdi\", \"winhttp\", \"wininet\", \"winineti\", \"winioctl\", \"winnetwk\", \"winnls\", \"winnt\", \"winreg\", \"winsafer\", \"winscard\", \"winsmcrd\", \"winsock2\", \"winspool\", \"winstring\", \"winsvc\", \"wintrust\", \"winusb\", \"winusbio\", \"winuser\", \"winver\", \"wlanapi\", \"wlanihv\", \"wlanihvtypes\", \"wlantypes\", \"wlclient\", \"wmistr\", \"wnnc\", \"wow64apiset\", \"wpdmtpextensions\", \"ws2bth\", \"ws2def\", \"ws2ipdef\", \"ws2spi\", \"ws2tcpip\", \"wtsapi32\", \"wtypes\", \"wtypesbase\", \"xinput\"))" -C metadata=c900ac1885a2a26c -C extra-filename=-1adb5e928ae22f35 --out-dir C:\workspace\target\debug\build\winapi-1adb5e928ae22f35 -L dependency=C:\workspace\target\debug\deps --cap-lints allow`
[19:17:58]    Compiling is_terminal_polyfill v1.70.2
[19:17:58]      Running `C:\Users\ContainerAdministrator\scoop\persist\rustup\.rustup\toolchains\stable-x86_64-pc-windows-msvc\bin\rustc.exe --crate-name is_terminal_polyfill --edition=2021 C:\Users\ContainerAdministrator\scoop\persist\rustup\.cargo\registry\src\index.crates.io-1949cf8c6b5b557f\is_terminal_polyfill-1.70.2\src\lib.rs --error-format=json --json=diagnostic-rendered-ansi,artifacts,future-incompat --crate-type lib --emit=dep-info,metadata,link -C opt-level=2 -C embed-bitcode=no -C debuginfo=2 --warn=clippy::zero_sized_map_values --warn=clippy::wildcard_imports --warn=clippy::verbose_file_reads --warn=unused_qualifications --warn=unused_macro_rules --warn=unused_lifetimes --warn=unsafe_op_in_unsafe_fn --warn=unreachable_pub --warn=clippy::trait_duplication_in_bounds --warn=clippy::todo --warn=clippy::string_to_string --warn=clippy::string_lit_as_bytes --warn=clippy::string_add_assign --warn=clippy::string_add --warn=clippy::str_to_string --warn=clippy::single_match_else --warn=clippy::semicolon_if_nothing_returned --warn=clippy::self_named_module_files --warn=clippy::same_functions_in_if_condition --warn=rust_2018_idioms --warn=clippy::rest_pat_in_fully_bound_structs --warn=clippy::ref_option_ref --warn=clippy::redundant_feature_names --warn=clippy::rc_mutex --warn=clippy::ptr_as_ptr --warn=clippy::path_buf_push_overwrite --warn=clippy::negative_feature_names --warn=clippy::needless_for_each --warn=clippy::needless_continue --warn=clippy::mutex_integer --warn=clippy::mem_forget --warn=clippy::match_wildcard_for_single_variants --warn=clippy::macro_use_imports --warn=clippy::lossy_float_literal --warn=clippy::linkedlist --allow=clippy::let_and_return --warn=clippy::large_types_passed_by_value --warn=clippy::large_stack_arrays --warn=clippy::large_digit_groups --warn=clippy::invalid_upcast_comparisons --warn=clippy::infinite_loop --warn=clippy::inefficient_to_string --warn=clippy::inconsistent_struct_constructor --warn=clippy::imprecise_flops --warn=clippy::implicit_clone --allow=clippy::if_same_then_else --warn=clippy::from_iter_instead_of_collect --warn=clippy::fn_params_excessive_bools --warn=clippy::float_cmp_const --warn=clippy::flat_map_option --warn=clippy::filter_map_next --warn=clippy::fallible_impl_from --warn=clippy::explicit_into_iter_loop --warn=clippy::explicit_deref_methods --warn=clippy::expl_impl_clone_on_copy --warn=clippy::enum_glob_use --warn=clippy::empty_enum --warn=clippy::doc_markdown --warn=clippy::debug_assert_with_mut_call --warn=clippy::dbg_macro --warn=clippy::create_dir --allow=clippy::collapsible_else_if --warn=clippy::checked_conversions --allow=clippy::branches_sharing_code --allow=clippy::bool_assert_comparison -C debug-assertions=on --cfg "feature=\"default\"" --check-cfg cfg(docsrs,test) --check-cfg "cfg(feature, values(\"default\"))" -C metadata=c7420cea6fccf6e5 -C extra-filename=-3732c7810169e9eb --out-dir C:\workspace\target\debug\deps -L dependency=C:\workspace\target\debug\deps --cap-lints allow`
[19:17:58]        Fresh unicode-width v0.2.2
[19:17:58]    Compiling colorchoice v1.0.4
[19:17:58]      Running `C:\Users\ContainerAdministrator\scoop\persist\rustup\.rustup\toolchains\stable-x86_64-pc-windows-msvc\bin\rustc.exe --crate-name colorchoice --edition=2021 C:\Users\ContainerAdministrator\scoop\persist\rustup\.cargo\registry\src\index.crates.io-1949cf8c6b5b557f\colorchoice-1.0.4\src\lib.rs --error-format=json --json=diagnostic-rendered-ansi,artifacts,future-incompat --crate-type lib --emit=dep-info,metadata,link -C opt-level=2 -C embed-bitcode=no -C debuginfo=2 --warn=rust_2018_idioms --warn=clippy::zero_sized_map_values --warn=clippy::wildcard_imports --warn=clippy::verbose_file_reads --warn=unused_qualifications --warn=unused_macro_rules --warn=unused_lifetimes --warn=unsafe_op_in_unsafe_fn --warn=unreachable_pub --warn=unnameable_types --warn=clippy::uninlined_format_args --warn=clippy::trait_duplication_in_bounds --warn=clippy::todo --warn=clippy::string_to_string --warn=clippy::string_lit_as_bytes --warn=clippy::string_add_assign --warn=clippy::string_add --warn=clippy::str_to_string --warn=clippy::semicolon_if_nothing_returned --warn=clippy::self_named_module_files --warn=clippy::same_functions_in_if_condition --allow=clippy::result_large_err --warn=clippy::rest_pat_in_fully_bound_structs --warn=clippy::ref_option_ref --warn=clippy::redundant_feature_names --warn=clippy::rc_mutex --warn=clippy::ptr_as_ptr --warn=clippy::path_buf_push_overwrite --warn=clippy::negative_feature_names --warn=clippy::needless_for_each --allow=clippy::needless_continue --warn=clippy::mutex_integer --warn=clippy::mem_forget --warn=clippy::macro_use_imports --warn=clippy::lossy_float_literal --warn=clippy::linkedlist --allow=clippy::let_and_return --warn=clippy::large_types_passed_by_value --warn=clippy::large_stack_arrays --warn=clippy::large_digit_groups --warn=clippy::invalid_upcast_comparisons --warn=clippy::infinite_loop --warn=clippy::inefficient_to_string --warn=clippy::inconsistent_struct_constructor --warn=clippy::imprecise_flops --warn=clippy::implicit_clone --allow=clippy::if_same_then_else --warn=clippy::from_iter_instead_of_collect --warn=clippy::fn_params_excessive_bools --warn=clippy::float_cmp_const --warn=clippy::flat_map_option --warn=clippy::filter_map_next --warn=clippy::fallible_impl_from --warn=clippy::explicit_into_iter_loop --warn=clippy::explicit_deref_methods --warn=clippy::expl_impl_clone_on_copy --warn=clippy::enum_glob_use --warn=clippy::empty_enum --warn=clippy::doc_markdown --warn=clippy::debug_assert_with_mut_call --warn=clippy::dbg_macro --warn=clippy::create_dir --allow=clippy::collapsible_else_if --warn=clippy::checked_conversions --allow=clippy::branches_sharing_code --allow=clippy::bool_assert_comparison -C debug-assertions=on --check-cfg cfg(docsrs,test) --check-cfg "cfg(feature, values())" -C metadata=577f1f155a64026f -C extra-filename=-fe9233a6258aae1c --out-dir C:\workspace\target\debug\deps -L dependency=C:\workspace\target\debug\deps --cap-lints allow`
[19:17:58]    Compiling anstream v0.6.21
[19:17:58]      Running `C:\Users\ContainerAdministrator\scoop\persist\rustup\.rustup\toolchains\stable-x86_64-pc-windows-msvc\bin\rustc.exe --crate-name anstream --edition=2021 C:\Users\ContainerAdministrator\scoop\persist\rustup\.cargo\registry\src\index.crates.io-1949cf8c6b5b557f\anstream-0.6.21\src\lib.rs --error-format=json --json=diagnostic-rendered-ansi,artifacts,future-incompat --crate-type lib --emit=dep-info,metadata,link -C opt-level=2 -C embed-bitcode=no -C debuginfo=2 --warn=rust_2018_idioms --warn=clippy::zero_sized_map_values --warn=clippy::wildcard_imports --warn=clippy::verbose_file_reads --warn=unused_qualifications --warn=unused_macro_rules --warn=unused_lifetimes --warn=unsafe_op_in_unsafe_fn --warn=unreachable_pub --warn=unnameable_types --warn=clippy::uninlined_format_args --warn=clippy::trait_duplication_in_bounds --warn=clippy::todo --warn=clippy::string_to_string --warn=clippy::string_lit_as_bytes --warn=clippy::string_add_assign --warn=clippy::string_add --warn=clippy::str_to_string --warn=clippy::semicolon_if_nothing_returned --warn=clippy::self_named_module_files --warn=clippy::same_functions_in_if_condition --allow=clippy::result_large_err --warn=clippy::rest_pat_in_fully_bound_structs --warn=clippy::ref_option_ref --warn=clippy::redundant_feature_names --warn=clippy::rc_mutex --warn=clippy::ptr_as_ptr --warn=clippy::path_buf_push_overwrite --warn=clippy::negative_feature_names --warn=clippy::needless_for_each --allow=clippy::needless_continue --warn=clippy::mutex_integer --warn=clippy::mem_forget --warn=clippy::macro_use_imports --warn=clippy::lossy_float_literal --warn=clippy::linkedlist --allow=clippy::let_and_return --warn=clippy::large_types_passed_by_value --warn=clippy::large_stack_arrays --warn=clippy::large_digit_groups --warn=clippy::invalid_upcast_comparisons --warn=clippy::infinite_loop --warn=clippy::inefficient_to_string --warn=clippy::inconsistent_struct_constructor --warn=clippy::imprecise_flops --warn=clippy::implicit_clone --allow=clippy::if_same_then_else --warn=clippy::from_iter_instead_of_collect --warn=clippy::fn_params_excessive_bools --warn=clippy::float_cmp_const --warn=clippy::flat_map_option --warn=clippy::filter_map_next --warn=clippy::fallible_impl_from --warn=clippy::explicit_into_iter_loop --warn=clippy::explicit_deref_methods --warn=clippy::expl_impl_clone_on_copy --warn=clippy::enum_glob_use --warn=clippy::empty_enum --warn=clippy::doc_markdown --warn=clippy::debug_assert_with_mut_call --warn=clippy::dbg_macro --warn=clippy::create_dir --allow=clippy::collapsible_else_if --warn=clippy::checked_conversions --allow=clippy::branches_sharing_code --allow=clippy::bool_assert_comparison -C debug-assertions=on --cfg "feature=\"auto\"" --cfg "feature=\"default\"" --cfg "feature=\"wincon\"" --check-cfg cfg(docsrs,test) --check-cfg "cfg(feature, values(\"auto\", \"default\", \"test\", \"wincon\"))" -C metadata=7eb0ab1ca207af36 -C extra-filename=-457a96f07b40ce4b --out-dir C:\workspace\target\debug\deps -L dependency=C:\workspace\target\debug\deps --extern anstyle=C:\workspace\target\debug\deps\libanstyle-a430ef4a1f9ba2db.rmeta --extern anstyle_parse=C:\workspace\target\debug\deps\libanstyle_parse-0b4b9ee6224f7d7d.rmeta --extern anstyle_query=C:\workspace\target\debug\deps\libanstyle_query-315996e4b131f0ff.rmeta --extern anstyle_wincon=C:\workspace\target\debug\deps\libanstyle_wincon-fd3a480e1b1ffc0d.rmeta --extern colorchoice=C:\workspace\target\debug\deps\libcolorchoice-fe9233a6258aae1c.rmeta --extern is_terminal_polyfill=C:\workspace\target\debug\deps\libis_terminal_polyfill-3732c7810169e9eb.rmeta --extern utf8parse=C:\workspace\target\debug\deps\libutf8parse-ba6ba85e264ed642.rmeta --cap-lints allow`
[19:17:58]    Compiling codespan-reporting v0.13.1
[19:17:58]      Running `C:\Users\ContainerAdministrator\scoop\persist\rustup\.rustup\toolchains\stable-x86_64-pc-windows-msvc\bin\rustc.exe --crate-name codespan_reporting --edition=2021 C:\Users\ContainerAdministrator\scoop\persist\rustup\.cargo\registry\src\index.crates.io-1949cf8c6b5b557f\codespan-reporting-0.13.1\src\lib.rs --error-format=json --json=diagnostic-rendered-ansi,artifacts,future-incompat --crate-type lib --emit=dep-info,metadata,link -C opt-level=2 -C embed-bitcode=no --warn=clippy::std_instead_of_core --warn=clippy::std_instead_of_alloc --warn=clippy::alloc_instead_of_core -C debug-assertions=on --cfg "feature=\"default\"" --cfg "feature=\"std\"" --cfg "feature=\"termcolor\"" --check-cfg cfg(docsrs,test) --check-cfg "cfg(feature, values(\"ascii-only\", \"default\", \"serde\", \"serialization\", \"std\", \"termcolor\"))" -C metadata=0b2df877cb6dcc97 -C extra-filename=-e0b943c78ac5bc00 --out-dir C:\workspace\target\debug\deps -L dependency=C:\workspace\target\debug\deps --extern termcolor=C:\workspace\target\debug\deps\libtermcolor-bbd005c07d0c31eb.rmeta --extern unicode_width=C:\workspace\target\debug\deps\libunicode_width-98064b6e5d3accb7.rmeta --cap-lints allow`
[19:17:58]      Running `C:\workspace\target\debug\build\winapi-1adb5e928ae22f35\build-script-build`
[19:17:58]      Running `C:\workspace\target\debug\build\serde-90165599447802a6\build-script-build`
[19:17:58]    Compiling windows-future v0.3.2
[19:17:58]      Running `C:\Users\ContainerAdministrator\scoop\persist\rustup\.rustup\toolchains\stable-x86_64-pc-windows-msvc\bin\rustc.exe --crate-name windows_future --edition=2021 C:\Users\ContainerAdministrator\scoop\persist\rustup\.cargo\registry\src\index.crates.io-1949cf8c6b5b557f\windows-future-0.3.2\src\lib.rs --error-format=json --json=diagnostic-rendered-ansi,artifacts,future-incompat --crate-type lib --emit=dep-info,metadata,link -C opt-level=2 -C embed-bitcode=no -C debuginfo=2 --warn=unexpected_cfgs --warn=missing_unsafe_on_extern --check-cfg "cfg(windows_raw_dylib, windows_slim_errors)" -C debug-assertions=on --cfg "feature=\"std\"" --check-cfg cfg(docsrs,test) --check-cfg "cfg(feature, values(\"default\", \"std\"))" -C metadata=7d337884e0270666 -C extra-filename=-313ff5d7b2d9dc1e --out-dir C:\workspace\target\debug\deps -L dependency=C:\workspace\target\debug\deps --extern windows_core=C:\workspace\target\debug\deps\libwindows_core-d08dcb17c447d251.rmeta --extern windows_link=C:\workspace\target\debug\deps\libwindows_link-f077ee1bf59aae6f.rmeta --extern windows_threading=C:\workspace\target\debug\deps\libwindows_threading-d91b7f3d254b8d9a.rmeta --cap-lints allow`
[19:17:58]    Compiling futures-util v0.3.32
[19:17:58]      Running `C:\Users\ContainerAdministrator\scoop\persist\rustup\.rustup\toolchains\stable-x86_64-pc-windows-msvc\bin\rustc.exe --crate-name futures_util --edition=2018 C:\Users\ContainerAdministrator\scoop\persist\rustup\.cargo\registry\src\index.crates.io-1949cf8c6b5b557f\futures-util-0.3.32\src\lib.rs --error-format=json --json=diagnostic-rendered-ansi,artifacts,future-incompat --crate-type lib --emit=dep-info,metadata,link -C opt-level=2 -C embed-bitcode=no -C debuginfo=2 --warn=unreachable_pub --warn=unexpected_cfgs --warn=single_use_lifetimes --warn=rust_2018_idioms --warn=missing_debug_implementations --check-cfg cfg(futures_sanitizer) -C debug-assertions=on --cfg "feature=\"alloc\"" --cfg "feature=\"async-await\"" --cfg "feature=\"async-await-macro\"" --cfg "feature=\"channel\"" --cfg "feature=\"futures-channel\"" --cfg "feature=\"futures-io\"" --cfg "feature=\"futures-macro\"" --cfg "feature=\"futures-sink\"" --cfg "feature=\"io\"" --cfg "feature=\"memchr\"" --cfg "feature=\"sink\"" --cfg "feature=\"slab\"" --cfg "feature=\"std\"" --check-cfg cfg(docsrs,test) --check-cfg "cfg(feature, values(\"alloc\", \"async-await\", \"async-await-macro\", \"bilock\", \"cfg-target-has-atomic\", \"channel\", \"compat\", \"default\", \"futures-channel\", \"futures-io\", \"futures-macro\", \"futures-sink\", \"futures_01\", \"io\", \"io-compat\", \"libc\", \"memchr\", \"portable-atomic\", \"sink\", \"slab\", \"spin\", \"std\", \"tokio-io\", \"unstable\", \"write-all-vectored\"))" -C metadata=6bfa52c12926c263 -C extra-filename=-f8c390050f6b803b --out-dir C:\workspace\target\debug\deps -L dependency=C:\workspace\target\debug\deps --extern futures_channel=C:\workspace\target\debug\deps\libfutures_channel-159a8ae65f237cce.rmeta --extern futures_core=C:\workspace\target\debug\deps\libfutures_core-7f1efafdf2fe23ed.rmeta --extern futures_io=C:\workspace\target\debug\deps\libfutures_io-d37eec8e249b9e36.rmeta --extern futures_macro=C:\workspace\target\debug\deps\futures_macro-976d4d786842816b.dll --extern futures_sink=C:\workspace\target\debug\deps\libfutures_sink-2beb904abe55628a.rmeta --extern futures_task=C:\workspace\target\debug\deps\libfutures_task-d358321fad2fbe6e.rmeta --extern memchr=C:\workspace\target\debug\deps\libmemchr-f04c0fb69fa91af8.rmeta --extern pin_project_lite=C:\workspace\target\debug\deps\libpin_project_lite-b3d976a96f2a4e89.rmeta --extern slab=C:\workspace\target\debug\deps\libslab-53645dd58c36c28f.rmeta --cap-lints allow`
[19:17:58]        Fresh digest v0.10.7
[19:17:58]      Running `C:\Users\ContainerAdministrator\scoop\persist\rustup\.rustup\toolchains\stable-x86_64-pc-windows-msvc\bin\rustc.exe --crate-name serde_core --edition=2021 C:\Users\ContainerAdministrator\scoop\persist\rustup\.cargo\registry\src\index.crates.io-1949cf8c6b5b557f\serde_core-1.0.228\src\lib.rs --error-format=json --json=diagnostic-rendered-ansi,artifacts,future-incompat --crate-type lib --emit=dep-info,metadata,link -C opt-level=2 -C embed-bitcode=no -C debuginfo=2 -C debug-assertions=on --cfg "feature=\"result\"" --cfg "feature=\"std\"" --check-cfg cfg(docsrs,test) --check-cfg "cfg(feature, values(\"alloc\", \"default\", \"rc\", \"result\", \"std\", \"unstable\"))" -C metadata=5c461e821dbd9af2 -C extra-filename=-32b17082537e2dd5 --out-dir C:\workspace\target\debug\deps -L dependency=C:\workspace\target\debug\deps --cap-lints allow --check-cfg cfg(if_docsrs_then_no_serde_core) --check-cfg cfg(no_core_cstr) --check-cfg cfg(no_core_error) --check-cfg cfg(no_core_net) --check-cfg cfg(no_core_num_saturating) --check-cfg cfg(no_diagnostic_namespace) --check-cfg cfg(no_serde_derive) --check-cfg cfg(no_std_atomic) --check-cfg cfg(no_std_atomic64) --check-cfg cfg(no_target_has_atomic)`
[19:17:58]    Compiling futures-executor v0.3.32
[19:17:58]      Running `C:\Users\ContainerAdministrator\scoop\persist\rustup\.rustup\toolchains\stable-x86_64-pc-windows-msvc\bin\rustc.exe --crate-name futures_executor --edition=2018 C:\Users\ContainerAdministrator\scoop\persist\rustup\.cargo\registry\src\index.crates.io-1949cf8c6b5b557f\futures-executor-0.3.32\src\lib.rs --error-format=json --json=diagnostic-rendered-ansi,artifacts,future-incompat --crate-type lib --emit=dep-info,metadata,link -C opt-level=2 -C embed-bitcode=no -C debuginfo=2 --warn=unreachable_pub --warn=unexpected_cfgs --warn=single_use_lifetimes --warn=rust_2018_idioms --warn=missing_debug_implementations --check-cfg cfg(futures_sanitizer) -C debug-assertions=on --cfg "feature=\"std\"" --check-cfg cfg(docsrs,test) --check-cfg "cfg(feature, values(\"default\", \"std\", \"thread-pool\"))" -C metadata=00dd9eae82fceb56 -C extra-filename=-57285a8af4c7aa95 --out-dir C:\workspace\target\debug\deps -L dependency=C:\workspace\target\debug\deps --extern futures_core=C:\workspace\target\debug\deps\libfutures_core-7f1efafdf2fe23ed.rmeta --extern futures_task=C:\workspace\target\debug\deps\libfutures_task-d358321fad2fbe6e.rmeta --extern futures_util=C:\workspace\target\debug\deps\libfutures_util-f8c390050f6b803b.rmeta --cap-lints allow`
[19:17:58]        Fresh scratch v1.0.9
[19:17:58]    Compiling windows-numerics v0.3.1
[19:17:58]      Running `C:\Users\ContainerAdministrator\scoop\persist\rustup\.rustup\toolchains\stable-x86_64-pc-windows-msvc\bin\rustc.exe --crate-name windows_numerics --edition=2021 C:\Users\ContainerAdministrator\scoop\persist\rustup\.cargo\registry\src\index.crates.io-1949cf8c6b5b557f\windows-numerics-0.3.1\src\lib.rs --error-format=json --json=diagnostic-rendered-ansi,artifacts,future-incompat --crate-type lib --emit=dep-info,metadata,link -C opt-level=2 -C embed-bitcode=no -C debuginfo=2 --warn=unexpected_cfgs --warn=missing_unsafe_on_extern --check-cfg "cfg(windows_raw_dylib, windows_slim_errors)" -C debug-assertions=on --cfg "feature=\"std\"" --check-cfg cfg(docsrs,test) --check-cfg "cfg(feature, values(\"default\", \"std\"))" -C metadata=862006436c69ceee -C extra-filename=-f2c38242a081aee4 --out-dir C:\workspace\target\debug\deps -L dependency=C:\workspace\target\debug\deps --extern windows_core=C:\workspace\target\debug\deps\libwindows_core-d08dcb17c447d251.rmeta --extern windows_link=C:\workspace\target\debug\deps\libwindows_link-f077ee1bf59aae6f.rmeta --cap-lints allow`
[19:17:58]    Compiling windows-collections v0.3.2
[19:17:58]      Running `C:\Users\ContainerAdministrator\scoop\persist\rustup\.rustup\toolchains\stable-x86_64-pc-windows-msvc\bin\rustc.exe --crate-name windows_collections --edition=2021 C:\Users\ContainerAdministrator\scoop\persist\rustup\.cargo\registry\src\index.crates.io-1949cf8c6b5b557f\windows-collections-0.3.2\src\lib.rs --error-format=json --json=diagnostic-rendered-ansi,artifacts,future-incompat --crate-type lib --emit=dep-info,metadata,link -C opt-level=2 -C embed-bitcode=no -C debuginfo=2 --warn=unexpected_cfgs --warn=missing_unsafe_on_extern --check-cfg "cfg(windows_raw_dylib, windows_slim_errors)" -C debug-assertions=on --cfg "feature=\"std\"" --check-cfg cfg(docsrs,test) --check-cfg "cfg(feature, values(\"default\", \"std\"))" -C metadata=956bde47cc134c72 -C extra-filename=-02c3bd6e97f9f6e1 --out-dir C:\workspace\target\debug\deps -L dependency=C:\workspace\target\debug\deps --extern windows_core=C:\workspace\target\debug\deps\libwindows_core-d08dcb17c447d251.rmeta --cap-lints allow`
[19:17:58]    Compiling serde_derive v1.0.228
[19:17:58]      Running `C:\Users\ContainerAdministrator\scoop\persist\rustup\.rustup\toolchains\stable-x86_64-pc-windows-msvc\bin\rustc.exe --crate-name serde_derive --edition=2021 C:\Users\ContainerAdministrator\scoop\persist\rustup\.cargo\registry\src\index.crates.io-1949cf8c6b5b557f\serde_derive-1.0.228\src\lib.rs --error-format=json --json=diagnostic-rendered-ansi,artifacts,future-incompat --crate-type proc-macro --emit=dep-info,link -C prefer-dynamic -C opt-level=2 -C embed-bitcode=no -C debug-assertions=on --cfg "feature=\"default\"" --check-cfg cfg(docsrs,test) --check-cfg "cfg(feature, values(\"default\", \"deserialize_in_place\"))" -C metadata=4c251a7e50e5f519 -C extra-filename=-84fe2afe1888dfe8 --out-dir C:\workspace\target\debug\deps -L dependency=C:\workspace\target\debug\deps --extern proc_macro2=C:\workspace\target\debug\deps\libproc_macro2-146b8bf3c15b97b0.rlib --extern quote=C:\workspace\target\debug\deps\libquote-0126ba1443770dd6.rlib --extern syn=C:\workspace\target\debug\deps\libsyn-741f49bdb063edbe.rlib --extern proc_macro --cap-lints allow`
[19:17:58]        Fresh build-target v0.4.0
[19:17:58]    Compiling portable-atomic v1.13.1
[19:17:58]      Running `C:\Users\ContainerAdministrator\scoop\persist\rustup\.rustup\toolchains\stable-x86_64-pc-windows-msvc\bin\rustc.exe --crate-name build_script_build --edition=2018 C:\Users\ContainerAdministrator\scoop\persist\rustup\.cargo\registry\src\index.crates.io-1949cf8c6b5b557f\portable-atomic-1.13.1\build.rs --error-format=json --json=diagnostic-rendered-ansi,artifacts,future-incompat --crate-type bin --emit=dep-info,link -C opt-level=2 -C embed-bitcode=no --warn=clippy::unused_trait_names --warn=unreachable_pub --warn=unnameable_types --warn=unexpected_cfgs --warn=clippy::undocumented_unsafe_blocks --warn=clippy::transmute_undefined_repr --warn=clippy::trailing_empty_array --warn=single_use_lifetimes --warn=rust_2018_idioms --warn=clippy::pedantic --warn=non_ascii_idents --warn=clippy::inline_asm_x86_att_syntax --warn=improper_ctypes_definitions --warn=improper_ctypes --warn=deprecated_safe --warn=clippy::default_union_representation --warn=clippy::as_underscore --warn=clippy::as_ptr_cast_mut --warn=clippy::all --allow=clippy::unreadable_literal --allow=clippy::type_complexity --allow=clippy::too_many_lines --allow=clippy::too_many_arguments --allow=clippy::struct_field_names --allow=clippy::struct_excessive_bools --allow=clippy::single_match_else --allow=clippy::single_match --allow=clippy::similar_names --allow=clippy::range_plus_one --allow=clippy::nonminimal_bool --allow=clippy::naive_bytecount --allow=clippy::module_name_repetitions --allow=clippy::missing_errors_doc --allow=clippy::manual_range_contains --allow=clippy::manual_assert --allow=clippy::lint_groups_priority --allow=clippy::incompatible_msrv --allow=clippy::float_cmp --allow=clippy::doc_markdown --allow=clippy::declare_interior_mutable_const --allow=clippy::cast_lossless --allow=clippy::borrow_as_ptr --allow=clippy::bool_assert_comparison --check-cfg "cfg(target_arch,values(\"xtensa\"))" --check-cfg "cfg(target_arch,values(\"amdgpu\"))" --check-cfg "cfg(target_arch,values(\"loongarch32\"))" --check-cfg "cfg(target_os,values(\"trusty\"))" --check-cfg "cfg(target_os,values(\"psx\"))" --check-cfg "cfg(target_env,values(\"psx\"))" --check-cfg "cfg(target_feature,values(\"lse2\",\"lse128\",\"rcpc3\"))" --check-cfg "cfg(target_feature,values(\"quadword-atomics\"))" --check-cfg "cfg(target_feature,values(\"zaamo\",\"zabha\"))" --check-cfg "cfg(target_feature,values(\"zacas\"))" --check-cfg "cfg(target_feature,values(\"miscellaneous-extensions-3\"))" --check-cfg "cfg(target_pointer_width,values(\"128\"))" --check-cfg cfg(portable_atomic_no_outline_atomics,portable_atomic_outline_atomics,portable_atomic_unstable_f16,portable_atomic_unstable_f128) --check-cfg cfg(portable_atomic_unstable_coerce_unsized) --check-cfg cfg(portable_atomic_test_detect_false,portable_atomic_test_no_std_static_assert_ffi,qemu,valgrind) -C debug-assertions=on --cfg "feature=\"default\"" --cfg "feature=\"fallback\"" --check-cfg cfg(docsrs,test) --check-cfg "cfg(feature, values(\"critical-section\", \"default\", \"disable-fiq\", \"fallback\", \"float\", \"force-amo\", \"require-cas\", \"s-mode\", \"serde\", \"std\", \"unsafe-assume-privileged\", \"unsafe-assume-single-core\"))" -C metadata=c7e0b4b7ef1262f1 -C extra-filename=-0c5944cd5abf0a8f --out-dir C:\workspace\target\debug\build\portable-atomic-0c5944cd5abf0a8f -L dependency=C:\workspace\target\debug\deps --cap-lints allow`
[19:17:58]    Compiling rustc-demangle v0.1.27
[19:17:58]      Running `C:\Users\ContainerAdministrator\scoop\persist\rustup\.rustup\toolchains\stable-x86_64-pc-windows-msvc\bin\rustc.exe --crate-name rustc_demangle --edition=2015 C:\Users\ContainerAdministrator\scoop\persist\rustup\.cargo\registry\src\index.crates.io-1949cf8c6b5b557f\rustc-demangle-0.1.27\src\lib.rs --error-format=json --json=diagnostic-rendered-ansi,artifacts,future-incompat --crate-type lib --emit=dep-info,metadata,link -C opt-level=2 -C embed-bitcode=no -C debuginfo=2 -C debug-assertions=on --check-cfg cfg(docsrs,test) --check-cfg "cfg(feature, values(\"compiler_builtins\", \"core\", \"rustc-dep-of-std\", \"std\"))" -C metadata=49191672972cf1f3 -C extra-filename=-a62aa5bc41c28470 --out-dir C:\workspace\target\debug\deps -L dependency=C:\workspace\target\debug\deps --cap-lints allow`
[19:17:58]    Compiling backtrace v0.3.76
[19:17:58]      Running `C:\Users\ContainerAdministrator\scoop\persist\rustup\.rustup\toolchains\stable-x86_64-pc-windows-msvc\bin\rustc.exe --crate-name backtrace --edition=2021 C:\Users\ContainerAdministrator\scoop\persist\rustup\.cargo\registry\src\index.crates.io-1949cf8c6b5b557f\backtrace-0.3.76\src\lib.rs --error-format=json --json=diagnostic-rendered-ansi,artifacts,future-incompat --crate-type lib --emit=dep-info,metadata,link -C opt-level=2 -C embed-bitcode=no -C debuginfo=2 --allow=unexpected_cfgs -C debug-assertions=on --cfg "feature=\"default\"" --cfg "feature=\"std\"" --check-cfg cfg(docsrs,test) --check-cfg "cfg(feature, values(\"coresymbolication\", \"cpp_demangle\", \"dbghelp\", \"default\", \"dl_iterate_phdr\", \"dladdr\", \"kernel32\", \"libunwind\", \"ruzstd\", \"serde\", \"serialize-serde\", \"std\", \"unix-backtrace\"))" -C metadata=a7c652422b8b5e4c -C extra-filename=-72ccdd5b15906fe3 --out-dir C:\workspace\target\debug\deps -L dependency=C:\workspace\target\debug\deps --extern cfg_if=C:\workspace\target\debug\deps\libcfg_if-6eafb3c7b38ef01d.rmeta --extern rustc_demangle=C:\workspace\target\debug\deps\librustc_demangle-a62aa5bc41c28470.rmeta --extern windows_link=C:\workspace\target\debug\deps\libwindows_link-f077ee1bf59aae6f.rmeta --cap-lints allow`
[19:17:58]      Running `C:\workspace\target\debug\build\portable-atomic-0c5944cd5abf0a8f\build-script-build`
[19:17:58]    Compiling windows v0.62.2
[19:17:58]      Running `C:\Users\ContainerAdministrator\scoop\persist\rustup\.rustup\toolchains\stable-x86_64-pc-windows-msvc\bin\rustc.exe --crate-name windows --edition=2021 C:\Users\ContainerAdministrator\scoop\persist\rustup\.cargo\registry\src\index.crates.io-1949cf8c6b5b557f\windows-0.62.2\src\lib.rs --error-format=json --json=diagnostic-rendered-ansi,artifacts,future-incompat --crate-type lib --emit=dep-info,metadata,link -C opt-level=2 -C embed-bitcode=no -C debuginfo=2 --warn=unexpected_cfgs --warn=missing_unsafe_on_extern --check-cfg "cfg(windows_raw_dylib, windows_slim_errors)" -C debug-assertions=on --cfg "feature=\"Wdk\"" --cfg "feature=\"Wdk_System\"" --cfg "feature=\"Wdk_System_SystemInformation\"" --cfg "feature=\"Wdk_System_SystemServices\"" --cfg "feature=\"Wdk_System_Threading\"" --cfg "feature=\"Win32\"" --cfg "feature=\"Win32_Foundation\"" --cfg "feature=\"Win32_NetworkManagement\"" --cfg "feature=\"Win32_NetworkManagement_IpHelper\"" --cfg "feature=\"Win32_NetworkManagement_Ndis\"" --cfg "feature=\"Win32_NetworkManagement_NetManagement\"" --cfg "feature=\"Win32_Networking\"" --cfg "feature=\"Win32_Networking_WinSock\"" --cfg "feature=\"Win32_Security\"" --cfg "feature=\"Win32_Security_Authentication\"" --cfg "feature=\"Win32_Security_Authentication_Identity\"" --cfg "feature=\"Win32_Security_Authorization\"" --cfg "feature=\"Win32_Storage\"" --cfg "feature=\"Win32_Storage_FileSystem\"" --cfg "feature=\"Win32_System\"" --cfg "feature=\"Win32_System_Com\"" --cfg "feature=\"Win32_System_Diagnostics\"" --cfg "feature=\"Win32_System_Diagnostics_Debug\"" --cfg "feature=\"Win32_System_Diagnostics_ToolHelp\"" --cfg "feature=\"Win32_System_IO\"" --cfg "feature=\"Win32_System_Ioctl\"" --cfg "feature=\"Win32_System_Kernel\"" --cfg "feature=\"Win32_System_Memory\"" --cfg "feature=\"Win32_System_Ole\"" --cfg "feature=\"Win32_System_Performance\"" --cfg "feature=\"Win32_System_Power\"" --cfg "feature=\"Win32_System_ProcessStatus\"" --cfg "feature=\"Win32_System_Registry\"" --cfg "feature=\"Win32_System_RemoteDesktop\"" --cfg "feature=\"Win32_System_Rpc\"" --cfg "feature=\"Win32_System_SystemInformation\"" --cfg "feature=\"Win32_System_SystemServices\"" --cfg "feature=\"Win32_System_Threading\"" --cfg "feature=\"Win32_System_Variant\"" --cfg "feature=\"Win32_System_WindowsProgramming\"" --cfg "feature=\"Win32_System_Wmi\"" --cfg "feature=\"Win32_UI\"" --cfg "feature=\"Win32_UI_Shell\"" --cfg "feature=\"default\"" --cfg "feature=\"std\"" --check-cfg cfg(docsrs,test) --check-cfg "cfg(feature, values(\"AI\", \"AI_Actions\", \"AI_Actions_Hosting\", \"AI_Actions_Provider\", \"AI_Agents\", \"AI_Agents_Mcp\", \"AI_MachineLearning\", \"ApplicationModel\", \"ApplicationModel_Activation\", \"ApplicationModel_AppExtensions\", \"ApplicationModel_AppService\", \"ApplicationModel_Appointments\", \"ApplicationModel_Appointments_AppointmentsProvider\", \"ApplicationModel_Appointments_DataProvider\", \"ApplicationModel_Background\", \"ApplicationModel_Calls\", \"ApplicationModel_Calls_Background\", \"ApplicationModel_Calls_Provider\", \"ApplicationModel_Chat\", \"ApplicationModel_CommunicationBlocking\", \"ApplicationModel_Contacts\", \"ApplicationModel_Contacts_DataProvider\", \"ApplicationModel_Contacts_Provider\", \"ApplicationModel_ConversationalAgent\", \"ApplicationModel_Core\", \"ApplicationModel_DataTransfer\", \"ApplicationModel_DataTransfer_DragDrop\", \"ApplicationModel_DataTransfer_DragDrop_Core\", \"ApplicationModel_DataTransfer_ShareTarget\", \"ApplicationModel_Email\", \"ApplicationModel_Email_DataProvider\", \"ApplicationModel_ExtendedExecution\", \"ApplicationModel_ExtendedExecution_Foreground\", \"ApplicationModel_Holographic\", \"ApplicationModel_LockScreen\", \"ApplicationModel_PackageExtensions\", \"ApplicationModel_Payments\", \"ApplicationModel_Payments_Provider\", \"ApplicationModel_Preview\", \"ApplicationModel_Preview_Holographic\", \"ApplicationModel_Preview_InkWorkspace\", \"ApplicationModel_Preview_Notes\", \"ApplicationModel_Resources\", \"ApplicationModel_Resources_Core\", \"ApplicationModel_Resources_Management\", \"ApplicationModel_Search\", \"ApplicationModel_Search_Core\", \"ApplicationModel_UserActivities\", \"ApplicationModel_UserActivities_Core\", \"ApplicationModel_UserDataAccounts\", \"ApplicationModel_UserDataAccounts_Provider\", \"ApplicationModel_UserDataAccounts_SystemAccess\", \"ApplicationModel_UserDataTasks\", \"ApplicationModel_UserDataTasks_DataProvider\", \"ApplicationModel_VoiceCommands\", \"ApplicationModel_Wallet\", \"ApplicationModel_Wallet_System\", \"Data\", \"Data_Html\", \"Data_Json\", \"Data_Pdf\", \"Data_Text\", \"Data_Xml\", \"Data_Xml_Dom\", \"Data_Xml_Xsl\", \"Devices\", \"Devices_Adc\", \"Devices_Adc_Provider\", \"Devices_Background\", \"Devices_Bluetooth\", \"Devices_Bluetooth_Advertisement\", \"Devices_Bluetooth_Background\", \"Devices_Bluetooth_GenericAttributeProfile\", \"Devices_Bluetooth_Rfcomm\", \"Devices_Custom\", \"Devices_Display\", \"Devices_Display_Core\", \"Devices_Enumeration\", \"Devices_Enumeration_Pnp\", \"Devices_Geolocation\", \"Devices_Geolocation_Geofencing\", \"Devices_Geolocation_Provider\", \"Devices_Gpio\", \"Devices_Gpio_Provider\", \"Devices_Haptics\", \"Devices_HumanInterfaceDevice\", \"Devices_I2c\", \"Devices_I2c_Provider\", \"Devices_Input\", \"Devices_Input_Preview\", \"Devices_Lights\", \"Devices_Lights_Effects\", \"Devices_Midi\", \"Devices_PointOfService\", \"Devices_PointOfService_Provider\", \"Devices_Portable\", \"Devices_Power\", \"Devices_Printers\", \"Devices_Printers_Extensions\", \"Devices_Pwm\", \"Devices_Pwm_Provider\", \"Devices_Radios\", \"Devices_Scanners\", \"Devices_Sensors\", \"Devices_Sensors_Custom\", \"Devices_SerialCommunication\", \"Devices_SmartCards\", \"Devices_Sms\", \"Devices_Spi\", \"Devices_Spi_Provider\", \"Devices_Usb\", \"Devices_WiFi\", \"Devices_WiFiDirect\", \"Devices_WiFiDirect_Services\", \"Foundation\", \"Foundation_Collections\", \"Foundation_Diagnostics\", \"Foundation_Metadata\", \"Foundation_Numerics\", \"Gaming\", \"Gaming_Input\", \"Gaming_Input_Custom\", \"Gaming_Input_ForceFeedback\", \"Gaming_Input_Preview\", \"Gaming_Preview\", \"Gaming_Preview_GamesEnumeration\", \"Gaming_UI\", \"Gaming_XboxLive\", \"Gaming_XboxLive_Storage\", \"Globalization\", \"Globalization_Collation\", \"Globalization_DateTimeFormatting\", \"Globalization_Fonts\", \"Globalization_NumberFormatting\", \"Globalization_PhoneNumberFormatting\", \"Graphics\", \"Graphics_Capture\", \"Graphics_DirectX\", \"Graphics_DirectX_Direct3D11\", \"Graphics_Display\", \"Graphics_Display_Core\", \"Graphics_Effects\", \"Graphics_Holographic\", \"Graphics_Imaging\", \"Graphics_Printing\", \"Graphics_Printing3D\", \"Graphics_Printing_OptionDetails\", \"Graphics_Printing_PrintSupport\", \"Graphics_Printing_PrintTicket\", \"Graphics_Printing_ProtectedPrint\", \"Graphics_Printing_Workflow\", \"Management\", \"Management_Core\", \"Management_Deployment\", \"Management_Deployment_Preview\", \"Management_Policies\", \"Management_Setup\", \"Management_Update\", \"Management_Workplace\", \"Media\", \"Media_AppBroadcasting\", \"Media_AppRecording\", \"Media_Audio\", \"Media_Capture\", \"Media_Capture_Core\", \"Media_Capture_Frames\", \"Media_Casting\", \"Media_ClosedCaptioning\", \"Media_ContentRestrictions\", \"Media_Control\", \"Media_Core\", \"Media_Core_Preview\", \"Media_Devices\", \"Media_Devices_Core\", \"Media_DialProtocol\", \"Media_Editing\", \"Media_Effects\", \"Media_FaceAnalysis\", \"Media_Import\", \"Media_MediaProperties\", \"Media_Miracast\", \"Media_Ocr\", \"Media_PlayTo\", \"Media_Playback\", \"Media_Playlists\", \"Media_Protection\", \"Media_Protection_PlayReady\", \"Media_Render\", \"Media_SpeechRecognition\", \"Media_SpeechSynthesis\", \"Media_Streaming\", \"Media_Streaming_Adaptive\", \"Media_Transcoding\", \"Networking\", \"Networking_BackgroundTransfer\", \"Networking_Connectivity\", \"Networking_NetworkOperators\", \"Networking_Proximity\", \"Networking_PushNotifications\", \"Networking_ServiceDiscovery\", \"Networking_ServiceDiscovery_Dnssd\", \"Networking_Sockets\", \"Networking_Vpn\", \"Networking_XboxLive\", \"Perception\", \"Perception_Automation\", \"Perception_Automation_Core\", \"Perception_People\", \"Perception_Spatial\", \"Perception_Spatial_Preview\", \"Perception_Spatial_Surfaces\", \"Security\", \"Security_Authentication\", \"Security_Authentication_Identity\", \"Security_Authentication_Identity_Core\", \"Security_Authentication_OnlineId\", \"Security_Authentication_Web\", \"Security_Authentication_Web_Core\", \"Security_Authentication_Web_Provider\", \"Security_Authorization\", \"Security_Authorization_AppCapabilityAccess\", \"Security_Credentials\", \"Security_Credentials_UI\", \"Security_Cryptography\", \"Security_Cryptography_Certificates\", \"Security_Cryptography_Core\", \"Security_Cryptography_DataProtection\", \"Security_DataProtection\", \"Security_EnterpriseData\", \"Security_ExchangeActiveSyncProvisioning\", \"Security_Isolation\", \"Services\", \"Services_Maps\", \"Services_Maps_Guidance\", \"Services_Maps_LocalSearch\", \"Services_Maps_OfflineMaps\", \"Services_Store\", \"Services_TargetedContent\", \"Storage\", \"Storage_AccessCache\", \"Storage_BulkAccess\", \"Storage_Compression\", \"Storage_FileProperties\", \"Storage_Pickers\", \"Storage_Pickers_Provider\", \"Storage_Provider\", \"Storage_Search\", \"Storage_Streams\", \"System\", \"System_Diagnostics\", \"System_Diagnostics_DevicePortal\", \"System_Diagnostics_Telemetry\", \"System_Diagnostics_TraceReporting\", \"System_Display\", \"System_Implementation\", \"System_Implementation_FileExplorer\", \"System_Inventory\", \"System_Power\", \"System_Profile\", \"System_Profile_SystemManufacturers\", \"System_RemoteDesktop\", \"System_RemoteDesktop_Input\", \"System_RemoteDesktop_Provider\", \"System_RemoteSystems\", \"System_Threading\", \"System_Threading_Core\", \"System_Update\", \"System_UserProfile\", \"UI\", \"UI_Accessibility\", \"UI_ApplicationSettings\", \"UI_Composition\", \"UI_Composition_Core\", \"UI_Composition_Desktop\", \"UI_Composition_Diagnostics\", \"UI_Composition_Effects\", \"UI_Composition_Interactions\", \"UI_Composition_Scenes\", \"UI_Core\", \"UI_Core_AnimationMetrics\", \"UI_Core_Preview\", \"UI_Input\", \"UI_Input_Core\", \"UI_Input_Inking\", \"UI_Input_Inking_Analysis\", \"UI_Input_Inking_Core\", \"UI_Input_Inking_Preview\", \"UI_Input_Preview\", \"UI_Input_Preview_Injection\", \"UI_Input_Preview_Text\", \"UI_Input_Spatial\", \"UI_Notifications\", \"UI_Notifications_Management\", \"UI_Notifications_Preview\", \"UI_Popups\", \"UI_Shell\", \"UI_StartScreen\", \"UI_Text\", \"UI_Text_Core\", \"UI_UIAutomation\", \"UI_UIAutomation_Core\", \"UI_ViewManagement\", \"UI_ViewManagement_Core\", \"UI_WebUI\", \"UI_WindowManagement\", \"UI_WindowManagement_Preview\", \"Wdk\", \"Wdk_Devices\", \"Wdk_Devices_Bluetooth\", \"Wdk_Devices_HumanInterfaceDevice\", \"Wdk_Foundation\", \"Wdk_Graphics\", \"Wdk_Graphics_Direct3D\", \"Wdk_NetworkManagement\", \"Wdk_NetworkManagement_Ndis\", \"Wdk_NetworkManagement_WindowsFilteringPlatform\", \"Wdk_Storage\", \"Wdk_Storage_FileSystem\", \"Wdk_Storage_FileSystem_Minifilters\", \"Wdk_System\", \"Wdk_System_IO\", \"Wdk_System_Memory\", \"Wdk_System_OfflineRegistry\", \"Wdk_System_Registry\", \"Wdk_System_SystemInformation\", \"Wdk_System_SystemServices\", \"Wdk_System_Threading\", \"Web\", \"Web_AtomPub\", \"Web_Http\", \"Web_Http_Diagnostics\", \"Web_Http_Filters\", \"Web_Http_Headers\", \"Web_Syndication\", \"Web_UI\", \"Web_UI_Interop\", \"Win32\", \"Win32_AI\", \"Win32_AI_MachineLearning\", \"Win32_AI_MachineLearning_DirectML\", \"Win32_AI_MachineLearning_WinML\", \"Win32_Data\", \"Win32_Data_HtmlHelp\", \"Win32_Data_RightsManagement\", \"Win32_Data_Xml\", \"Win32_Data_Xml_MsXml\", \"Win32_Data_Xml_XmlLite\", \"Win32_Devices\", \"Win32_Devices_AllJoyn\", \"Win32_Devices_Beep\", \"Win32_Devices_BiometricFramework\", \"Win32_Devices_Bluetooth\", \"Win32_Devices_Cdrom\", \"Win32_Devices_Communication\", \"Win32_Devices_DeviceAccess\", \"Win32_Devices_DeviceAndDriverInstallation\", \"Win32_Devices_DeviceQuery\", \"Win32_Devices_Display\", \"Win32_Devices_Dvd\", \"Win32_Devices_Enumeration\", \"Win32_Devices_Enumeration_Pnp\", \"Win32_Devices_Fax\", \"Win32_Devices_FunctionDiscovery\", \"Win32_Devices_Geolocation\", \"Win32_Devices_HumanInterfaceDevice\", \"Win32_Devices_ImageAcquisition\", \"Win32_Devices_Nfc\", \"Win32_Devices_Nfp\", \"Win32_Devices_PortableDevices\", \"Win32_Devices_Properties\", \"Win32_Devices_Pwm\", \"Win32_Devices_Sensors\", \"Win32_Devices_SerialCommunication\", \"Win32_Devices_Tapi\", \"Win32_Devices_Usb\", \"Win32_Devices_WebServicesOnDevices\", \"Win32_Foundation\", \"Win32_Gaming\", \"Win32_Globalization\", \"Win32_Graphics\", \"Win32_Graphics_CompositionSwapchain\", \"Win32_Graphics_DXCore\", \"Win32_Graphics_Direct2D\", \"Win32_Graphics_Direct2D_Common\", \"Win32_Graphics_Direct3D\", \"Win32_Graphics_Direct3D10\", \"Win32_Graphics_Direct3D11\", \"Win32_Graphics_Direct3D11on12\", \"Win32_Graphics_Direct3D12\", \"Win32_Graphics_Direct3D9\", \"Win32_Graphics_Direct3D9on12\", \"Win32_Graphics_Direct3D_Dxc\", \"Win32_Graphics_Direct3D_Fxc\", \"Win32_Graphics_DirectComposition\", \"Win32_Graphics_DirectDraw\", \"Win32_Graphics_DirectManipulation\", \"Win32_Graphics_DirectWrite\", \"Win32_Graphics_Dwm\", \"Win32_Graphics_Dxgi\", \"Win32_Graphics_Dxgi_Common\", \"Win32_Graphics_Gdi\", \"Win32_Graphics_GdiPlus\", \"Win32_Graphics_Hlsl\", \"Win32_Graphics_Imaging\", \"Win32_Graphics_Imaging_D2D\", \"Win32_Graphics_OpenGL\", \"Win32_Graphics_Printing\", \"Win32_Graphics_Printing_PrintTicket\", \"Win32_Management\", \"Win32_Management_MobileDeviceManagementRegistration\", \"Win32_Media\", \"Win32_Media_Audio\", \"Win32_Media_Audio_Apo\", \"Win32_Media_Audio_DirectMusic\", \"Win32_Media_Audio_DirectSound\", \"Win32_Media_Audio_Endpoints\", \"Win32_Media_Audio_XAudio2\", \"Win32_Media_DeviceManager\", \"Win32_Media_DirectShow\", \"Win32_Media_DirectShow_Tv\", \"Win32_Media_DirectShow_Xml\", \"Win32_Media_DxMediaObjects\", \"Win32_Media_KernelStreaming\", \"Win32_Media_LibrarySharingServices\", \"Win32_Media_MediaFoundation\", \"Win32_Media_MediaPlayer\", \"Win32_Media_Multimedia\", \"Win32_Media_PictureAcquisition\", \"Win32_Media_Speech\", \"Win32_Media_Streaming\", \"Win32_Media_WindowsMediaFormat\", \"Win32_NetworkManagement\", \"Win32_NetworkManagement_Dhcp\", \"Win32_NetworkManagement_Dns\", \"Win32_NetworkManagement_InternetConnectionWizard\", \"Win32_NetworkManagement_IpHelper\", \"Win32_NetworkManagement_MobileBroadband\", \"Win32_NetworkManagement_Multicast\", \"Win32_NetworkManagement_Ndis\", \"Win32_NetworkManagement_NetBios\", \"Win32_NetworkManagement_NetManagement\", \"Win32_NetworkManagement_NetShell\", \"Win32_NetworkManagement_NetworkDiagnosticsFramework\", \"Win32_NetworkManagement_NetworkPolicyServer\", \"Win32_NetworkManagement_P2P\", \"Win32_NetworkManagement_QoS\", \"Win32_NetworkManagement_Rras\", \"Win32_NetworkManagement_Snmp\", \"Win32_NetworkManagement_WNet\", \"Win32_NetworkManagement_WebDav\", \"Win32_NetworkManagement_WiFi\", \"Win32_NetworkManagement_WindowsConnectNow\", \"Win32_NetworkManagement_WindowsConnectionManager\", \"Win32_NetworkManagement_WindowsFilteringPlatform\", \"Win32_NetworkManagement_WindowsFirewall\", \"Win32_NetworkManagement_WindowsNetworkVirtualization\", \"Win32_Networking\", \"Win32_Networking_ActiveDirectory\", \"Win32_Networking_BackgroundIntelligentTransferService\", \"Win32_Networking_Clustering\", \"Win32_Networking_HttpServer\", \"Win32_Networking_Ldap\", \"Win32_Networking_NetworkListManager\", \"Win32_Networking_RemoteDifferentialCompression\", \"Win32_Networking_WebSocket\", \"Win32_Networking_WinHttp\", \"Win32_Networking_WinInet\", \"Win32_Networking_WinSock\", \"Win32_Networking_WindowsWebServices\", \"Win32_Security\", \"Win32_Security_AppLocker\", \"Win32_Security_Authentication\", \"Win32_Security_Authentication_Identity\", \"Win32_Security_Authentication_Identity_Provider\", \"Win32_Security_Authorization\", \"Win32_Security_Authorization_UI\", \"Win32_Security_ConfigurationSnapin\", \"Win32_Security_Credentials\", \"Win32_Security_Cryptography\", \"Win32_Security_Cryptography_Catalog\", \"Win32_Security_Cryptography_Certificates\", \"Win32_Security_Cryptography_Sip\", \"Win32_Security_Cryptography_UI\", \"Win32_Security_DiagnosticDataQuery\", \"Win32_Security_DirectoryServices\", \"Win32_Security_EnterpriseData\", \"Win32_Security_ExtensibleAuthenticationProtocol\", \"Win32_Security_Isolation\", \"Win32_Security_LicenseProtection\", \"Win32_Security_NetworkAccessProtection\", \"Win32_Security_Tpm\", \"Win32_Security_WinTrust\", \"Win32_Security_WinWlx\", \"Win32_Storage\", \"Win32_Storage_Cabinets\", \"Win32_Storage_CloudFilters\", \"Win32_Storage_Compression\", \"Win32_Storage_DataDeduplication\", \"Win32_Storage_DistributedFileSystem\", \"Win32_Storage_EnhancedStorage\", \"Win32_Storage_FileHistory\", \"Win32_Storage_FileServerResourceManager\", \"Win32_Storage_FileSystem\", \"Win32_Storage_Imapi\", \"Win32_Storage_IndexServer\", \"Win32_Storage_InstallableFileSystems\", \"Win32_Storage_IscsiDisc\", \"Win32_Storage_Jet\", \"Win32_Storage_Nvme\", \"Win32_Storage_OfflineFiles\", \"Win32_Storage_OperationRecorder\", \"Win32_Storage_Packaging\", \"Win32_Storage_Packaging_Appx\", \"Win32_Storage_Packaging_Opc\", \"Win32_Storage_ProjectedFileSystem\", \"Win32_Storage_StructuredStorage\", \"Win32_Storage_Vhd\", \"Win32_Storage_VirtualDiskService\", \"Win32_Storage_Vss\", \"Win32_Storage_Xps\", \"Win32_Storage_Xps_Printing\", \"Win32_System\", \"Win32_System_AddressBook\", \"Win32_System_Antimalware\", \"Win32_System_ApplicationInstallationAndServicing\", \"Win32_System_ApplicationVerifier\", \"Win32_System_AssessmentTool\", \"Win32_System_ClrHosting\", \"Win32_System_Com\", \"Win32_System_Com_CallObj\", \"Win32_System_Com_ChannelCredentials\", \"Win32_System_Com_Events\", \"Win32_System_Com_Marshal\", \"Win32_System_Com_StructuredStorage\", \"Win32_System_Com_UI\", \"Win32_System_Com_Urlmon\", \"Win32_System_ComponentServices\", \"Win32_System_Console\", \"Win32_System_Contacts\", \"Win32_System_CorrelationVector\", \"Win32_System_DataExchange\", \"Win32_System_DeploymentServices\", \"Win32_System_DesktopSharing\", \"Win32_System_DeveloperLicensing\", \"Win32_System_Diagnostics\", \"Win32_System_Diagnostics_Ceip\", \"Win32_System_Diagnostics_ClrProfiling\", \"Win32_System_Diagnostics_Debug\", \"Win32_System_Diagnostics_Debug_ActiveScript\", \"Win32_System_Diagnostics_Debug_Extensions\", \"Win32_System_Diagnostics_Etw\", \"Win32_System_Diagnostics_ProcessSnapshotting\", \"Win32_System_Diagnostics_ToolHelp\", \"Win32_System_Diagnostics_TraceLogging\", \"Win32_System_DistributedTransactionCoordinator\", \"Win32_System_Environment\", \"Win32_System_ErrorReporting\", \"Win32_System_EventCollector\", \"Win32_System_EventLog\", \"Win32_System_EventNotificationService\", \"Win32_System_GroupPolicy\", \"Win32_System_HostCompute\", \"Win32_System_HostComputeNetwork\", \"Win32_System_HostComputeSystem\", \"Win32_System_Hypervisor\", \"Win32_System_IO\", \"Win32_System_Iis\", \"Win32_System_Ioctl\", \"Win32_System_JobObjects\", \"Win32_System_Js\", \"Win32_System_Kernel\", \"Win32_System_LibraryLoader\", \"Win32_System_Mailslots\", \"Win32_System_Mapi\", \"Win32_System_Memory\", \"Win32_System_Memory_NonVolatile\", \"Win32_System_MessageQueuing\", \"Win32_System_MixedReality\", \"Win32_System_Mmc\", \"Win32_System_Ole\", \"Win32_System_ParentalControls\", \"Win32_System_PasswordManagement\", \"Win32_System_Performance\", \"Win32_System_Performance_HardwareCounterProfiling\", \"Win32_System_Pipes\", \"Win32_System_Power\", \"Win32_System_ProcessStatus\", \"Win32_System_RealTimeCommunications\", \"Win32_System_Recovery\", \"Win32_System_Registry\", \"Win32_System_RemoteAssistance\", \"Win32_System_RemoteDesktop\", \"Win32_System_RemoteManagement\", \"Win32_System_RestartManager\", \"Win32_System_Restore\", \"Win32_System_Rpc\", \"Win32_System_Search\", \"Win32_System_Search_Common\", \"Win32_System_SecurityCenter\", \"Win32_System_ServerBackup\", \"Win32_System_Services\", \"Win32_System_SettingsManagementInfrastructure\", \"Win32_System_SetupAndMigration\", \"Win32_System_Shutdown\", \"Win32_System_SideShow\", \"Win32_System_StationsAndDesktops\", \"Win32_System_SubsystemForLinux\", \"Win32_System_SystemInformation\", \"Win32_System_SystemServices\", \"Win32_System_TaskScheduler\", \"Win32_System_Threading\", \"Win32_System_Time\", \"Win32_System_TpmBaseServices\", \"Win32_System_TransactionServer\", \"Win32_System_UpdateAgent\", \"Win32_System_UpdateAssessment\", \"Win32_System_UserAccessLogging\", \"Win32_System_Variant\", \"Win32_System_VirtualDosMachines\", \"Win32_System_WinRT\", \"Win32_System_WinRT_AllJoyn\", \"Win32_System_WinRT_Composition\", \"Win32_System_WinRT_CoreInputView\", \"Win32_System_WinRT_Direct3D11\", \"Win32_System_WinRT_Display\", \"Win32_System_WinRT_Graphics\", \"Win32_System_WinRT_Graphics_Capture\", \"Win32_System_WinRT_Graphics_Direct2D\", \"Win32_System_WinRT_Graphics_Imaging\", \"Win32_System_WinRT_Holographic\", \"Win32_System_WinRT_Isolation\", \"Win32_System_WinRT_ML\", \"Win32_System_WinRT_Media\", \"Win32_System_WinRT_Metadata\", \"Win32_System_WinRT_Pdf\", \"Win32_System_WinRT_Printing\", \"Win32_System_WinRT_Shell\", \"Win32_System_WinRT_Storage\", \"Win32_System_WindowsProgramming\", \"Win32_System_WindowsSync\", \"Win32_System_Wmi\", \"Win32_UI\", \"Win32_UI_Accessibility\", \"Win32_UI_Animation\", \"Win32_UI_ColorSystem\", \"Win32_UI_Controls\", \"Win32_UI_Controls_Dialogs\", \"Win32_UI_Controls_RichEdit\", \"Win32_UI_HiDpi\", \"Win32_UI_Input\", \"Win32_UI_Input_Ime\", \"Win32_UI_Input_Ink\", \"Win32_UI_Input_KeyboardAndMouse\", \"Win32_UI_Input_Pointer\", \"Win32_UI_Input_Radial\", \"Win32_UI_Input_Touch\", \"Win32_UI_Input_XboxController\", \"Win32_UI_InteractionContext\", \"Win32_UI_LegacyWindowsEnvironmentFeatures\", \"Win32_UI_Magnification\", \"Win32_UI_Notifications\", \"Win32_UI_Ribbon\", \"Win32_UI_Shell\", \"Win32_UI_Shell_Common\", \"Win32_UI_Shell_PropertiesSystem\", \"Win32_UI_TabletPC\", \"Win32_UI_TextServices\", \"Win32_UI_WindowsAndMessaging\", \"Win32_UI_Wpf\", \"Win32_Web\", \"Win32_Web_InternetExplorer\", \"default\", \"docs\", \"std\"))" -C metadata=f774178a34bf054f -C extra-filename=-b0d9571dd3dd58f9 --out-dir C:\workspace\target\debug\deps -L dependency=C:\workspace\target\debug\deps --extern windows_collections=C:\workspace\target\debug\deps\libwindows_collections-02c3bd6e97f9f6e1.rmeta --extern windows_core=C:\workspace\target\debug\deps\libwindows_core-d08dcb17c447d251.rmeta --extern windows_future=C:\workspace\target\debug\deps\libwindows_future-313ff5d7b2d9dc1e.rmeta --extern windows_numerics=C:\workspace\target\debug\deps\libwindows_numerics-f2c38242a081aee4.rmeta --cap-lints allow`
[19:17:58]      Running `C:\Users\ContainerAdministrator\scoop\persist\rustup\.rustup\toolchains\stable-x86_64-pc-windows-msvc\bin\rustc.exe --crate-name serde --edition=2021 C:\Users\ContainerAdministrator\scoop\persist\rustup\.cargo\registry\src\index.crates.io-1949cf8c6b5b557f\serde-1.0.228\src\lib.rs --error-format=json --json=diagnostic-rendered-ansi,artifacts,future-incompat --crate-type lib --emit=dep-info,metadata,link -C opt-level=2 -C embed-bitcode=no -C debuginfo=2 -C debug-assertions=on --cfg "feature=\"default\"" --cfg "feature=\"derive\"" --cfg "feature=\"serde_derive\"" --cfg "feature=\"std\"" --check-cfg cfg(docsrs,test) --check-cfg "cfg(feature, values(\"alloc\", \"default\", \"derive\", \"rc\", \"serde_derive\", \"std\", \"unstable\"))" -C metadata=164aadd2cf191b5e -C extra-filename=-8182bb3d4a437e42 --out-dir C:\workspace\target\debug\deps -L dependency=C:\workspace\target\debug\deps --extern serde_core=C:\workspace\target\debug\deps\libserde_core-32b17082537e2dd5.rmeta --extern serde_derive=C:\workspace\target\debug\deps\serde_derive-84fe2afe1888dfe8.dll --cap-lints allow --cfg if_docsrs_then_no_serde_core --check-cfg "cfg(feature, values(\"result\"))" --check-cfg cfg(if_docsrs_then_no_serde_core) --check-cfg cfg(no_core_cstr) --check-cfg cfg(no_core_error) --check-cfg cfg(no_core_net) --check-cfg cfg(no_core_num_saturating) --check-cfg cfg(no_diagnostic_namespace) --check-cfg cfg(no_serde_derive) --check-cfg cfg(no_std_atomic) --check-cfg cfg(no_std_atomic64) --check-cfg cfg(no_target_has_atomic)`
[19:17:58]    Compiling cxx-build v1.0.194
[19:17:58]      Running `C:\Users\ContainerAdministrator\scoop\persist\rustup\.rustup\toolchains\stable-x86_64-pc-windows-msvc\bin\rustc.exe --crate-name cxx_build --edition=2021 C:\Users\ContainerAdministrator\scoop\persist\rustup\.cargo\registry\src\index.crates.io-1949cf8c6b5b557f\cxx-build-1.0.194\src\lib.rs --error-format=json --json=diagnostic-rendered-ansi,artifacts,future-incompat --crate-type lib --emit=dep-info,metadata,link -C opt-level=2 -C embed-bitcode=no -C debug-assertions=on --check-cfg cfg(docsrs,test) --check-cfg "cfg(feature, values(\"parallel\"))" -C metadata=8e083866ccab9f7c -C extra-filename=-1c3536302ebf84bc --out-dir C:\workspace\target\debug\deps -L dependency=C:\workspace\target\debug\deps --extern cc=C:\workspace\target\debug\deps\libcc-17cfc720dfafe0f0.rmeta --extern codespan_reporting=C:\workspace\target\debug\deps\libcodespan_reporting-e0b943c78ac5bc00.rmeta --extern indexmap=C:\workspace\target\debug\deps\libindexmap-cfedc4237255437c.rmeta --extern proc_macro2=C:\workspace\target\debug\deps\libproc_macro2-146b8bf3c15b97b0.rmeta --extern quote=C:\workspace\target\debug\deps\libquote-0126ba1443770dd6.rmeta --extern scratch=C:\workspace\target\debug\deps\libscratch-390f02293fe1a091.rmeta --extern syn=C:\workspace\target\debug\deps\libsyn-741f49bdb063edbe.rmeta --cap-lints allow`
[19:17:58]    Compiling futures v0.3.32
[19:17:58]      Running `C:\Users\ContainerAdministrator\scoop\persist\rustup\.rustup\toolchains\stable-x86_64-pc-windows-msvc\bin\rustc.exe --crate-name futures --edition=2018 C:\Users\ContainerAdministrator\scoop\persist\rustup\.cargo\registry\src\index.crates.io-1949cf8c6b5b557f\futures-0.3.32\src\lib.rs --error-format=json --json=diagnostic-rendered-ansi,artifacts,future-incompat --crate-type lib --emit=dep-info,metadata,link -C opt-level=2 -C embed-bitcode=no -C debuginfo=2 --warn=unreachable_pub --warn=unexpected_cfgs --warn=single_use_lifetimes --warn=rust_2018_idioms --warn=missing_debug_implementations --check-cfg cfg(futures_sanitizer) -C debug-assertions=on --cfg "feature=\"alloc\"" --cfg "feature=\"async-await\"" --cfg "feature=\"default\"" --cfg "feature=\"executor\"" --cfg "feature=\"futures-executor\"" --cfg "feature=\"std\"" --check-cfg cfg(docsrs,test) --check-cfg "cfg(feature, values(\"alloc\", \"async-await\", \"bilock\", \"cfg-target-has-atomic\", \"compat\", \"default\", \"executor\", \"futures-executor\", \"io-compat\", \"spin\", \"std\", \"thread-pool\", \"unstable\", \"write-all-vectored\"))" -C metadata=313fcc2a8452c7da -C extra-filename=-958a78628e0549da --out-dir C:\workspace\target\debug\deps -L dependency=C:\workspace\target\debug\deps --extern futures_channel=C:\workspace\target\debug\deps\libfutures_channel-159a8ae65f237cce.rmeta --extern futures_core=C:\workspace\target\debug\deps\libfutures_core-7f1efafdf2fe23ed.rmeta --extern futures_executor=C:\workspace\target\debug\deps\libfutures_executor-57285a8af4c7aa95.rmeta --extern futures_io=C:\workspace\target\debug\deps\libfutures_io-d37eec8e249b9e36.rmeta --extern futures_sink=C:\workspace\target\debug\deps\libfutures_sink-2beb904abe55628a.rmeta --extern futures_task=C:\workspace\target\debug\deps\libfutures_task-d358321fad2fbe6e.rmeta --extern futures_util=C:\workspace\target\debug\deps\libfutures_util-f8c390050f6b803b.rmeta --cap-lints allow`
[19:17:58]    Compiling md-5 v0.10.6
[19:17:58]      Running `C:\Users\ContainerAdministrator\scoop\persist\rustup\.rustup\toolchains\stable-x86_64-pc-windows-msvc\bin\rustc.exe --crate-name md5 --edition=2018 C:\Users\ContainerAdministrator\scoop\persist\rustup\.cargo\registry\src\index.crates.io-1949cf8c6b5b557f\md-5-0.10.6\src\lib.rs --error-format=json --json=diagnostic-rendered-ansi,artifacts,future-incompat --crate-type lib --emit=dep-info,metadata,link -C opt-level=2 -C embed-bitcode=no -C debug-assertions=on --cfg "feature=\"default\"" --cfg "feature=\"std\"" --check-cfg cfg(docsrs,test) --check-cfg "cfg(feature, values(\"asm\", \"default\", \"force-soft\", \"loongarch64_asm\", \"md5-asm\", \"oid\", \"std\"))" -C metadata=eb428b88741318b0 -C extra-filename=-7d658602c0708e51 --out-dir C:\workspace\target\debug\deps -L dependency=C:\workspace\target\debug\deps --extern cfg_if=C:\workspace\target\debug\deps\libcfg_if-6eafb3c7b38ef01d.rmeta --extern digest=C:\workspace\target\debug\deps\libdigest-d2c0e5faf07fb3c1.rmeta --cap-lints allow`
[19:17:58]    Compiling anyhow v1.0.102
[19:17:58]      Running `C:\Users\ContainerAdministrator\scoop\persist\rustup\.rustup\toolchains\stable-x86_64-pc-windows-msvc\bin\rustc.exe --crate-name anyhow --edition=2021 C:\Users\ContainerAdministrator\scoop\persist\rustup\.cargo\registry\src\index.crates.io-1949cf8c6b5b557f\anyhow-1.0.102\src\lib.rs --error-format=json --json=diagnostic-rendered-ansi,artifacts,future-incompat --crate-type lib --emit=dep-info,metadata,link -C opt-level=2 -C embed-bitcode=no -C debuginfo=2 -C debug-assertions=on --cfg "feature=\"default\"" --cfg "feature=\"std\"" --check-cfg cfg(docsrs,test) --check-cfg "cfg(feature, values(\"backtrace\", \"default\", \"std\"))" -C metadata=868052c202e16387 -C extra-filename=-8225cbef6f33b86e --out-dir C:\workspace\target\debug\deps -L dependency=C:\workspace\target\debug\deps --cap-lints allow --check-cfg cfg(anyhow_build_probe) --check-cfg cfg(anyhow_nightly_testing) --check-cfg cfg(anyhow_no_clippy_format_args) --check-cfg cfg(anyhow_no_core_error) --check-cfg cfg(error_generic_member_access)`
[19:17:58]      Running `C:\Users\ContainerAdministrator\scoop\persist\rustup\.rustup\toolchains\stable-x86_64-pc-windows-msvc\bin\rustc.exe --crate-name winapi --edition=2015 C:\Users\ContainerAdministrator\scoop\persist\rustup\.cargo\registry\src\index.crates.io-1949cf8c6b5b557f\winapi-0.3.9\src\lib.rs --error-format=json --json=diagnostic-rendered-ansi,artifacts,future-incompat --crate-type lib --emit=dep-info,metadata,link -C opt-level=2 -C embed-bitcode=no -C debuginfo=2 -C debug-assertions=on --cfg "feature=\"cfg\"" --cfg "feature=\"evntrace\"" --cfg "feature=\"in6addr\"" --cfg "feature=\"inaddr\"" --cfg "feature=\"minwinbase\"" --cfg "feature=\"ntsecapi\"" --cfg "feature=\"windef\"" --cfg "feature=\"winioctl\"" --check-cfg cfg(docsrs,test) --check-cfg "cfg(feature, values(\"accctrl\", \"aclapi\", \"activation\", \"adhoc\", \"appmgmt\", \"audioclient\", \"audiosessiontypes\", \"avrt\", \"basetsd\", \"bcrypt\", \"bits\", \"bits10_1\", \"bits1_5\", \"bits2_0\", \"bits2_5\", \"bits3_0\", \"bits4_0\", \"bits5_0\", \"bitscfg\", \"bitsmsg\", \"bluetoothapis\", \"bluetoothleapis\", \"bthdef\", \"bthioctl\", \"bthledef\", \"bthsdpdef\", \"bugcodes\", \"cderr\", \"cfg\", \"cfgmgr32\", \"cguid\", \"combaseapi\", \"coml2api\", \"commapi\", \"commctrl\", \"commdlg\", \"commoncontrols\", \"consoleapi\", \"corecrt\", \"corsym\", \"d2d1\", \"d2d1_1\", \"d2d1_2\", \"d2d1_3\", \"d2d1effectauthor\", \"d2d1effects\", \"d2d1effects_1\", \"d2d1effects_2\", \"d2d1svg\", \"d2dbasetypes\", \"d3d\", \"d3d10\", \"d3d10_1\", \"d3d10_1shader\", \"d3d10effect\", \"d3d10misc\", \"d3d10sdklayers\", \"d3d10shader\", \"d3d11\", \"d3d11_1\", \"d3d11_2\", \"d3d11_3\", \"d3d11_4\", \"d3d11on12\", \"d3d11sdklayers\", \"d3d11shader\", \"d3d11tokenizedprogramformat\", \"d3d12\", \"d3d12sdklayers\", \"d3d12shader\", \"d3d9\", \"d3d9caps\", \"d3d9types\", \"d3dcommon\", \"d3dcompiler\", \"d3dcsx\", \"d3dkmdt\", \"d3dkmthk\", \"d3dukmdt\", \"d3dx10core\", \"d3dx10math\", \"d3dx10mesh\", \"datetimeapi\", \"davclnt\", \"dbghelp\", \"dbt\", \"dcommon\", \"dcomp\", \"dcompanimation\", \"dcomptypes\", \"dde\", \"ddraw\", \"ddrawi\", \"ddrawint\", \"debug\", \"debugapi\", \"devguid\", \"devicetopology\", \"devpkey\", \"devpropdef\", \"dinput\", \"dinputd\", \"dispex\", \"dmksctl\", \"dmusicc\", \"docobj\", \"documenttarget\", \"dot1x\", \"dpa_dsa\", \"dpapi\", \"dsgetdc\", \"dsound\", \"dsrole\", \"dvp\", \"dwmapi\", \"dwrite\", \"dwrite_1\", \"dwrite_2\", \"dwrite_3\", \"dxdiag\", \"dxfile\", \"dxgi\", \"dxgi1_2\", \"dxgi1_3\", \"dxgi1_4\", \"dxgi1_5\", \"dxgi1_6\", \"dxgidebug\", \"dxgiformat\", \"dxgitype\", \"dxva2api\", \"dxvahd\", \"eaptypes\", \"enclaveapi\", \"endpointvolume\", \"errhandlingapi\", \"everything\", \"evntcons\", \"evntprov\", \"evntrace\", \"excpt\", \"exdisp\", \"fibersapi\", \"fileapi\", \"functiondiscoverykeys_devpkey\", \"gl-gl\", \"guiddef\", \"handleapi\", \"heapapi\", \"hidclass\", \"hidpi\", \"hidsdi\", \"hidusage\", \"highlevelmonitorconfigurationapi\", \"hstring\", \"http\", \"ifdef\", \"ifmib\", \"imm\", \"impl-debug\", \"impl-default\", \"in6addr\", \"inaddr\", \"inspectable\", \"interlockedapi\", \"intsafe\", \"ioapiset\", \"ipexport\", \"iphlpapi\", \"ipifcons\", \"ipmib\", \"iprtrmib\", \"iptypes\", \"jobapi\", \"jobapi2\", \"knownfolders\", \"ks\", \"ksmedia\", \"ktmtypes\", \"ktmw32\", \"l2cmn\", \"libloaderapi\", \"limits\", \"lmaccess\", \"lmalert\", \"lmapibuf\", \"lmat\", \"lmcons\", \"lmdfs\", \"lmerrlog\", \"lmjoin\", \"lmmsg\", \"lmremutl\", \"lmrepl\", \"lmserver\", \"lmshare\", \"lmstats\", \"lmsvc\", \"lmuse\", \"lmwksta\", \"lowlevelmonitorconfigurationapi\", \"lsalookup\", \"memoryapi\", \"minschannel\", \"minwinbase\", \"minwindef\", \"mmdeviceapi\", \"mmeapi\", \"mmreg\", \"mmsystem\", \"mprapidef\", \"msaatext\", \"mscat\", \"mschapp\", \"mssip\", \"mstcpip\", \"mswsock\", \"mswsockdef\", \"namedpipeapi\", \"namespaceapi\", \"nb30\", \"ncrypt\", \"netioapi\", \"nldef\", \"ntddndis\", \"ntddscsi\", \"ntddser\", \"ntdef\", \"ntlsa\", \"ntsecapi\", \"ntstatus\", \"oaidl\", \"objbase\", \"objidl\", \"objidlbase\", \"ocidl\", \"ole2\", \"oleauto\", \"olectl\", \"oleidl\", \"opmapi\", \"pdh\", \"perflib\", \"physicalmonitorenumerationapi\", \"playsoundapi\", \"portabledevice\", \"portabledeviceapi\", \"portabledevicetypes\", \"powerbase\", \"powersetting\", \"powrprof\", \"processenv\", \"processsnapshot\", \"processthreadsapi\", \"processtopologyapi\", \"profileapi\", \"propidl\", \"propkey\", \"propkeydef\", \"propsys\", \"prsht\", \"psapi\", \"qos\", \"realtimeapiset\", \"reason\", \"restartmanager\", \"restrictederrorinfo\", \"rmxfguid\", \"roapi\", \"robuffer\", \"roerrorapi\", \"rpc\", \"rpcdce\", \"rpcndr\", \"rtinfo\", \"sapi\", \"sapi51\", \"sapi53\", \"sapiddk\", \"sapiddk51\", \"schannel\", \"sddl\", \"securityappcontainer\", \"securitybaseapi\", \"servprov\", \"setupapi\", \"shellapi\", \"shellscalingapi\", \"shlobj\", \"shobjidl\", \"shobjidl_core\", \"shtypes\", \"softpub\", \"spapidef\", \"spellcheck\", \"sporder\", \"sql\", \"sqlext\", \"sqltypes\", \"sqlucode\", \"sspi\", \"std\", \"stralign\", \"stringapiset\", \"strmif\", \"subauth\", \"synchapi\", \"sysinfoapi\", \"systemtopologyapi\", \"taskschd\", \"tcpestats\", \"tcpmib\", \"textstor\", \"threadpoolapiset\", \"threadpoollegacyapiset\", \"timeapi\", \"timezoneapi\", \"tlhelp32\", \"transportsettingcommon\", \"tvout\", \"udpmib\", \"unknwnbase\", \"urlhist\", \"urlmon\", \"usb\", \"usbioctl\", \"usbiodef\", \"usbscan\", \"usbspec\", \"userenv\", \"usp10\", \"utilapiset\", \"uxtheme\", \"vadefs\", \"vcruntime\", \"vsbackup\", \"vss\", \"vsserror\", \"vswriter\", \"wbemads\", \"wbemcli\", \"wbemdisp\", \"wbemprov\", \"wbemtran\", \"wct\", \"werapi\", \"winbase\", \"wincodec\", \"wincodecsdk\", \"wincon\", \"wincontypes\", \"wincred\", \"wincrypt\", \"windef\", \"windot11\", \"windowsceip\", \"windowsx\", \"winefs\", \"winerror\", \"winevt\", \"wingdi\", \"winhttp\", \"wininet\", \"winineti\", \"winioctl\", \"winnetwk\", \"winnls\", \"winnt\", \"winreg\", \"winsafer\", \"winscard\", \"winsmcrd\", \"winsock2\", \"winspool\", \"winstring\", \"winsvc\", \"wintrust\", \"winusb\", \"winusbio\", \"winuser\", \"winver\", \"wlanapi\", \"wlanihv\", \"wlanihvtypes\", \"wlantypes\", \"wlclient\", \"wmistr\", \"wnnc\", \"wow64apiset\", \"wpdmtpextensions\", \"ws2bth\", \"ws2def\", \"ws2ipdef\", \"ws2spi\", \"ws2tcpip\", \"wtsapi32\", \"wtypes\", \"wtypesbase\", \"xinput\"))" -C metadata=4c7e14f92c496e4d -C extra-filename=-27c63d2915ea5150 --out-dir C:\workspace\target\debug\deps -L dependency=C:\workspace\target\debug\deps --cap-lints allow -l dylib=advapi32 -l dylib=credui -l dylib=kernel32 -l dylib=secur32 --cfg "feature=\"ntstatus\"" --cfg "feature=\"guiddef\"" --cfg "feature=\"vcruntime\"" --cfg "feature=\"minwindef\"" --cfg "feature=\"handleapi\"" --cfg "feature=\"lsalookup\"" --cfg "feature=\"devpropdef\"" --cfg "feature=\"timezoneapi\"" --cfg "feature=\"vadefs\"" --cfg "feature=\"basetsd\"" --cfg "feature=\"evntcons\"" --cfg "feature=\"winnt\"" --cfg "feature=\"evntprov\"" --cfg "feature=\"subauth\"" --cfg "feature=\"wincred\"" --cfg "feature=\"ktmtypes\"" --cfg "feature=\"wmistr\"" --cfg "feature=\"excpt\"" --cfg "feature=\"sspi\"" --cfg "feature=\"ntdef\""`
[19:17:58]    Compiling thiserror-impl v2.0.18
[19:17:58]      Running `C:\Users\ContainerAdministrator\scoop\persist\rustup\.rustup\toolchains\stable-x86_64-pc-windows-msvc\bin\rustc.exe --crate-name thiserror_impl --edition=2021 C:\Users\ContainerAdministrator\scoop\persist\rustup\.cargo\registry\src\index.crates.io-1949cf8c6b5b557f\thiserror-impl-2.0.18\src\lib.rs --error-format=json --json=diagnostic-rendered-ansi,artifacts,future-incompat --crate-type proc-macro --emit=dep-info,link -C prefer-dynamic -C opt-level=2 -C embed-bitcode=no -C debug-assertions=on --check-cfg cfg(docsrs,test) --check-cfg "cfg(feature, values())" -C metadata=b71866739f668099 -C extra-filename=-d36b395b7111b7a3 --out-dir C:\workspace\target\debug\deps -L dependency=C:\workspace\target\debug\deps --extern proc_macro2=C:\workspace\target\debug\deps\libproc_macro2-146b8bf3c15b97b0.rlib --extern quote=C:\workspace\target\debug\deps\libquote-0126ba1443770dd6.rlib --extern syn=C:\workspace\target\debug\deps\libsyn-741f49bdb063edbe.rlib --extern proc_macro --cap-lints allow`
[19:17:58]    Compiling tokio-macros v2.6.1
[19:17:58]      Running `C:\Users\ContainerAdministrator\scoop\persist\rustup\.rustup\toolchains\stable-x86_64-pc-windows-msvc\bin\rustc.exe --crate-name tokio_macros --edition=2021 C:\Users\ContainerAdministrator\scoop\persist\rustup\.cargo\registry\src\index.crates.io-1949cf8c6b5b557f\tokio-macros-2.6.1\src\lib.rs --error-format=json --json=diagnostic-rendered-ansi,artifacts,future-incompat --crate-type proc-macro --emit=dep-info,link -C prefer-dynamic -C opt-level=2 -C embed-bitcode=no --warn=unexpected_cfgs --check-cfg cfg(fuzzing) --check-cfg cfg(loom) --check-cfg cfg(mio_unsupported_force_poll_poll) --check-cfg cfg(tokio_allow_from_blocking_fd) --check-cfg cfg(tokio_internal_mt_counters) --check-cfg cfg(tokio_no_parking_lot) --check-cfg cfg(tokio_no_tuning_tests) --check-cfg cfg(tokio_unstable) --check-cfg "cfg(target_os, values(\"cygwin\"))" -C debug-assertions=on --check-cfg cfg(docsrs,test) --check-cfg "cfg(feature, values())" -C metadata=211c1ba052f979e6 -C extra-filename=-26fdc8dc35017ac6 --out-dir C:\workspace\target\debug\deps -L dependency=C:\workspace\target\debug\deps --extern proc_macro2=C:\workspace\target\debug\deps\libproc_macro2-146b8bf3c15b97b0.rlib --extern quote=C:\workspace\target\debug\deps\libquote-0126ba1443770dd6.rlib --extern syn=C:\workspace\target\debug\deps\libsyn-741f49bdb063edbe.rlib --extern proc_macro --cap-lints allow`
[19:17:58]    Compiling atomic v0.5.3
[19:17:58]      Running `C:\Users\ContainerAdministrator\scoop\persist\rustup\.rustup\toolchains\stable-x86_64-pc-windows-msvc\bin\rustc.exe --crate-name atomic --edition=2018 C:\Users\ContainerAdministrator\scoop\persist\rustup\.cargo\registry\src\index.crates.io-1949cf8c6b5b557f\atomic-0.5.3\src\lib.rs --error-format=json --json=diagnostic-rendered-ansi,artifacts,future-incompat --crate-type lib --emit=dep-info,metadata,link -C opt-level=2 -C embed-bitcode=no -C debuginfo=2 -C debug-assertions=on --cfg "feature=\"default\"" --cfg "feature=\"fallback\"" --check-cfg cfg(docsrs,test) --check-cfg "cfg(feature, values(\"default\", \"fallback\", \"nightly\", \"std\"))" -C metadata=87dc64516f7d44be -C extra-filename=-c52302931401cb6f --out-dir C:\workspace\target\debug\deps -L dependency=C:\workspace\target\debug\deps --cap-lints allow`
[19:17:58]    Compiling strsim v0.11.1
[19:17:58]      Running `C:\Users\ContainerAdministrator\scoop\persist\rustup\.rustup\toolchains\stable-x86_64-pc-windows-msvc\bin\rustc.exe --crate-name strsim --edition=2015 C:\Users\ContainerAdministrator\scoop\persist\rustup\.cargo\registry\src\index.crates.io-1949cf8c6b5b557f\strsim-0.11.1\src\lib.rs --error-format=json --json=diagnostic-rendered-ansi,artifacts,future-incompat --crate-type lib --emit=dep-info,metadata,link -C opt-level=2 -C embed-bitcode=no -C debuginfo=2 -C debug-assertions=on --check-cfg cfg(docsrs,test) --check-cfg "cfg(feature, values())" -C metadata=e15730ae1a295284 -C extra-filename=-cc355d8e6b3a9efd --out-dir C:\workspace\target\debug\deps -L dependency=C:\workspace\target\debug\deps --cap-lints allow`
[19:17:58]        Fresh hex v0.4.3
[19:17:58]    Compiling clap_lex v1.0.0
[19:17:58]      Running `C:\Users\ContainerAdministrator\scoop\persist\rustup\.rustup\toolchains\stable-x86_64-pc-windows-msvc\bin\rustc.exe --crate-name clap_lex --edition=2021 C:\Users\ContainerAdministrator\scoop\persist\rustup\.cargo\registry\src\index.crates.io-1949cf8c6b5b557f\clap_lex-1.0.0\src\lib.rs --error-format=json --json=diagnostic-rendered-ansi,artifacts,future-incompat --crate-type lib --emit=dep-info,metadata,link -C opt-level=2 -C embed-bitcode=no -C debuginfo=2 --warn=rust_2018_idioms --warn=clippy::zero_sized_map_values --warn=clippy::verbose_file_reads --warn=unused_qualifications --warn=unused_macro_rules --warn=unused_lifetimes --warn=unsafe_op_in_unsafe_fn --warn=unreachable_pub --allow=unnameable_types --warn=clippy::uninlined_format_args --warn=clippy::trait_duplication_in_bounds --warn=clippy::todo --warn=clippy::string_lit_as_bytes --warn=clippy::string_add_assign --warn=clippy::semicolon_if_nothing_returned --warn=clippy::self_named_module_files --warn=clippy::same_functions_in_if_condition --allow=clippy::result_large_err --warn=clippy::rest_pat_in_fully_bound_structs --warn=clippy::ref_option_ref --warn=clippy::redundant_feature_names --warn=clippy::rc_mutex --warn=clippy::ptr_as_ptr --warn=clippy::path_buf_push_overwrite --warn=clippy::negative_feature_names --warn=clippy::needless_for_each --allow=clippy::needless_continue --warn=clippy::mutex_integer --allow=clippy::multiple_bound_locations --warn=clippy::mem_forget --warn=clippy::macro_use_imports --warn=clippy::lossy_float_literal --warn=clippy::linkedlist --allow=clippy::let_and_return --warn=clippy::large_types_passed_by_value --warn=clippy::large_stack_arrays --warn=clippy::large_digit_groups --warn=clippy::invalid_upcast_comparisons --warn=clippy::infinite_loop --warn=clippy::inefficient_to_string --warn=clippy::inconsistent_struct_constructor --warn=clippy::imprecise_flops --warn=clippy::implicit_clone --allow=clippy::if_same_then_else --warn=clippy::from_iter_instead_of_collect --warn=clippy::fn_params_excessive_bools --warn=clippy::float_cmp_const --warn=clippy::flat_map_option --warn=clippy::filter_map_next --warn=clippy::fallible_impl_from --warn=clippy::explicit_into_iter_loop --warn=clippy::explicit_deref_methods --warn=clippy::expl_impl_clone_on_copy --warn=clippy::enum_glob_use --warn=clippy::empty_enums --warn=clippy::doc_markdown --warn=clippy::debug_assert_with_mut_call --warn=clippy::dbg_macro --warn=clippy::create_dir --allow=clippy::collapsible_else_if --warn=clippy::checked_conversions --allow=clippy::branches_sharing_code --allow=clippy::bool_assert_comparison --allow=clippy::blocks_in_conditions --allow=clippy::assigning_clones -C debug-assertions=on --check-cfg cfg(docsrs,test) --check-cfg "cfg(feature, values())" -C metadata=a84ad434e4d5a42f -C extra-filename=-6a31239f91780047 --out-dir C:\workspace\target\debug\deps -L dependency=C:\workspace\target\debug\deps --cap-lints allow`
[19:17:58]        Fresh heck v0.5.0
[19:17:58]    Compiling num_cpus v1.17.0
[19:17:58]      Running `C:\Users\ContainerAdministrator\scoop\persist\rustup\.rustup\toolchains\stable-x86_64-pc-windows-msvc\bin\rustc.exe --crate-name num_cpus --edition=2015 C:\Users\ContainerAdministrator\scoop\persist\rustup\.cargo\registry\src\index.crates.io-1949cf8c6b5b557f\num_cpus-1.17.0\src\lib.rs --error-format=json --json=diagnostic-rendered-ansi,artifacts,future-incompat --crate-type lib --emit=dep-info,metadata,link -C opt-level=2 -C embed-bitcode=no -C debuginfo=2 -C debug-assertions=on --check-cfg cfg(docsrs,test) --check-cfg "cfg(feature, values())" -C metadata=8411998afb5b7af9 -C extra-filename=-281c2a0cad7a0f3b --out-dir C:\workspace\target\debug\deps -L dependency=C:\workspace\target\debug\deps --cap-lints allow`
[19:17:58]    Compiling threadpool v1.8.1
[19:17:58]      Running `C:\Users\ContainerAdministrator\scoop\persist\rustup\.rustup\toolchains\stable-x86_64-pc-windows-msvc\bin\rustc.exe --crate-name threadpool --edition=2015 C:\Users\ContainerAdministrator\scoop\persist\rustup\.cargo\registry\src\index.crates.io-1949cf8c6b5b557f\threadpool-1.8.1\src\lib.rs --error-format=json --json=diagnostic-rendered-ansi,artifacts,future-incompat --crate-type lib --emit=dep-info,metadata,link -C opt-level=2 -C embed-bitcode=no -C debuginfo=2 -C debug-assertions=on --check-cfg cfg(docsrs,test) --check-cfg "cfg(feature, values())" -C metadata=6b25a23dd8795665 -C extra-filename=-2669bd25de5db382 --out-dir C:\workspace\target\debug\deps -L dependency=C:\workspace\target\debug\deps --extern num_cpus=C:\workspace\target\debug\deps\libnum_cpus-281c2a0cad7a0f3b.rmeta --cap-lints allow`
[19:17:58]    Compiling clap_derive v4.5.55
[19:17:58]      Running `C:\Users\ContainerAdministrator\scoop\persist\rustup\.rustup\toolchains\stable-x86_64-pc-windows-msvc\bin\rustc.exe --crate-name clap_derive --edition=2021 C:\Users\ContainerAdministrator\scoop\persist\rustup\.cargo\registry\src\index.crates.io-1949cf8c6b5b557f\clap_derive-4.5.55\src\lib.rs --error-format=json --json=diagnostic-rendered-ansi,artifacts,future-incompat --crate-type proc-macro --emit=dep-info,link -C prefer-dynamic -C opt-level=2 -C embed-bitcode=no --warn=rust_2018_idioms --warn=clippy::zero_sized_map_values --warn=clippy::verbose_file_reads --warn=unused_qualifications --warn=unused_macro_rules --warn=unused_lifetimes --warn=unsafe_op_in_unsafe_fn --warn=unreachable_pub --allow=unnameable_types --warn=clippy::uninlined_format_args --warn=clippy::trait_duplication_in_bounds --warn=clippy::todo --warn=clippy::string_lit_as_bytes --warn=clippy::string_add_assign --warn=clippy::semicolon_if_nothing_returned --warn=clippy::self_named_module_files --warn=clippy::same_functions_in_if_condition --allow=clippy::result_large_err --warn=clippy::rest_pat_in_fully_bound_structs --warn=clippy::ref_option_ref --warn=clippy::redundant_feature_names --warn=clippy::rc_mutex --warn=clippy::ptr_as_ptr --warn=clippy::path_buf_push_overwrite --warn=clippy::negative_feature_names --warn=clippy::needless_for_each --allow=clippy::needless_continue --warn=clippy::mutex_integer --allow=clippy::multiple_bound_locations --warn=clippy::mem_forget --warn=clippy::macro_use_imports --warn=clippy::lossy_float_literal --warn=clippy::linkedlist --allow=clippy::let_and_return --warn=clippy::large_types_passed_by_value --warn=clippy::large_stack_arrays --warn=clippy::large_digit_groups --warn=clippy::invalid_upcast_comparisons --warn=clippy::infinite_loop --warn=clippy::inefficient_to_string --warn=clippy::inconsistent_struct_constructor --warn=clippy::imprecise_flops --warn=clippy::implicit_clone --allow=clippy::if_same_then_else --warn=clippy::from_iter_instead_of_collect --warn=clippy::fn_params_excessive_bools --warn=clippy::float_cmp_const --warn=clippy::flat_map_option --warn=clippy::filter_map_next --warn=clippy::fallible_impl_from --warn=clippy::explicit_into_iter_loop --warn=clippy::explicit_deref_methods --warn=clippy::expl_impl_clone_on_copy --warn=clippy::enum_glob_use --warn=clippy::empty_enums --warn=clippy::doc_markdown --warn=clippy::debug_assert_with_mut_call --warn=clippy::dbg_macro --warn=clippy::create_dir --allow=clippy::collapsible_else_if --warn=clippy::checked_conversions --allow=clippy::branches_sharing_code --allow=clippy::bool_assert_comparison --allow=clippy::blocks_in_conditions --allow=clippy::assigning_clones -C debug-assertions=on --cfg "feature=\"default\"" --check-cfg cfg(docsrs,test) --check-cfg "cfg(feature, values(\"debug\", \"default\", \"deprecated\", \"raw-deprecated\", \"unstable-markdown\", \"unstable-v5\"))" -C metadata=c475361651894a0a -C extra-filename=-f00edb175025ad54 --out-dir C:\workspace\target\debug\deps -L dependency=C:\workspace\target\debug\deps --extern heck=C:\workspace\target\debug\deps\libheck-f46851520eba12f4.rlib --extern proc_macro2=C:\workspace\target\debug\deps\libproc_macro2-146b8bf3c15b97b0.rlib --extern quote=C:\workspace\target\debug\deps\libquote-0126ba1443770dd6.rlib --extern syn=C:\workspace\target\debug\deps\libsyn-741f49bdb063edbe.rlib --extern proc_macro --cap-lints allow`
[19:17:58]    Compiling clap_builder v4.5.60
[19:17:58]      Running `C:\Users\ContainerAdministrator\scoop\persist\rustup\.rustup\toolchains\stable-x86_64-pc-windows-msvc\bin\rustc.exe --crate-name clap_builder --edition=2021 C:\Users\ContainerAdministrator\scoop\persist\rustup\.cargo\registry\src\index.crates.io-1949cf8c6b5b557f\clap_builder-4.5.60\src\lib.rs --error-format=json --json=diagnostic-rendered-ansi,artifacts,future-incompat --crate-type lib --emit=dep-info,metadata,link -C opt-level=2 -C embed-bitcode=no -C debuginfo=2 --warn=rust_2018_idioms --warn=clippy::zero_sized_map_values --warn=clippy::verbose_file_reads --warn=unused_qualifications --warn=unused_macro_rules --warn=unused_lifetimes --warn=unsafe_op_in_unsafe_fn --warn=unreachable_pub --allow=unnameable_types --warn=clippy::uninlined_format_args --warn=clippy::trait_duplication_in_bounds --warn=clippy::todo --warn=clippy::string_lit_as_bytes --warn=clippy::string_add_assign --warn=clippy::semicolon_if_nothing_returned --warn=clippy::self_named_module_files --warn=clippy::same_functions_in_if_condition --allow=clippy::result_large_err --warn=clippy::rest_pat_in_fully_bound_structs --warn=clippy::ref_option_ref --warn=clippy::redundant_feature_names --warn=clippy::rc_mutex --warn=clippy::ptr_as_ptr --warn=clippy::path_buf_push_overwrite --warn=clippy::negative_feature_names --warn=clippy::needless_for_each --allow=clippy::needless_continue --warn=clippy::mutex_integer --allow=clippy::multiple_bound_locations --warn=clippy::mem_forget --warn=clippy::macro_use_imports --warn=clippy::lossy_float_literal --warn=clippy::linkedlist --allow=clippy::let_and_return --warn=clippy::large_types_passed_by_value --warn=clippy::large_stack_arrays --warn=clippy::large_digit_groups --warn=clippy::invalid_upcast_comparisons --warn=clippy::infinite_loop --warn=clippy::inefficient_to_string --warn=clippy::inconsistent_struct_constructor --warn=clippy::imprecise_flops --warn=clippy::implicit_clone --allow=clippy::if_same_then_else --warn=clippy::from_iter_instead_of_collect --warn=clippy::fn_params_excessive_bools --warn=clippy::float_cmp_const --warn=clippy::flat_map_option --warn=clippy::filter_map_next --warn=clippy::fallible_impl_from --warn=clippy::explicit_into_iter_loop --warn=clippy::explicit_deref_methods --warn=clippy::expl_impl_clone_on_copy --warn=clippy::enum_glob_use --warn=clippy::empty_enums --warn=clippy::doc_markdown --warn=clippy::debug_assert_with_mut_call --warn=clippy::dbg_macro --warn=clippy::create_dir --allow=clippy::collapsible_else_if --warn=clippy::checked_conversions --allow=clippy::branches_sharing_code --allow=clippy::bool_assert_comparison --allow=clippy::blocks_in_conditions --allow=clippy::assigning_clones -C debug-assertions=on --cfg "feature=\"color\"" --cfg "feature=\"error-context\"" --cfg "feature=\"help\"" --cfg "feature=\"std\"" --cfg "feature=\"suggestions\"" --cfg "feature=\"usage\"" --check-cfg cfg(docsrs,test) --check-cfg "cfg(feature, values(\"cargo\", \"color\", \"debug\", \"default\", \"deprecated\", \"env\", \"error-context\", \"help\", \"std\", \"string\", \"suggestions\", \"unicode\", \"unstable-doc\", \"unstable-ext\", \"unstable-styles\", \"unstable-v5\", \"usage\", \"wrap_help\"))" -C metadata=28a216d661c24e6a -C extra-filename=-97b244073979689a --out-dir C:\workspace\target\debug\deps -L dependency=C:\workspace\target\debug\deps --extern anstream=C:\workspace\target\debug\deps\libanstream-457a96f07b40ce4b.rmeta --extern anstyle=C:\workspace\target\debug\deps\libanstyle-a430ef4a1f9ba2db.rmeta --extern clap_lex=C:\workspace\target\debug\deps\libclap_lex-6a31239f91780047.rmeta --extern strsim=C:\workspace\target\debug\deps\libstrsim-cc355d8e6b3a9efd.rmeta --cap-lints allow`
[19:17:58]    Compiling flutter_rust_bridge_macros v2.11.1
[19:17:58]      Running `C:\Users\ContainerAdministrator\scoop\persist\rustup\.rustup\toolchains\stable-x86_64-pc-windows-msvc\bin\rustc.exe --crate-name flutter_rust_bridge_macros --edition=2021 C:\Users\ContainerAdministrator\scoop\persist\rustup\.cargo\registry\src\index.crates.io-1949cf8c6b5b557f\flutter_rust_bridge_macros-2.11.1\src\lib.rs --error-format=json --json=diagnostic-rendered-ansi,artifacts,future-incompat --crate-type proc-macro --emit=dep-info,link -C prefer-dynamic -C opt-level=2 -C embed-bitcode=no --warn=unexpected_cfgs --check-cfg cfg(frb_expand) -C debug-assertions=on --check-cfg cfg(docsrs,test) --check-cfg "cfg(feature, values())" -C metadata=d2e15ae4eda39f89 -C extra-filename=-be5461e5bfc751dc --out-dir C:\workspace\target\debug\deps -L dependency=C:\workspace\target\debug\deps --extern hex=C:\workspace\target\debug\deps\libhex-b321cc95b8883fa0.rlib --extern md5=C:\workspace\target\debug\deps\libmd5-7d658602c0708e51.rlib --extern proc_macro2=C:\workspace\target\debug\deps\libproc_macro2-146b8bf3c15b97b0.rlib --extern quote=C:\workspace\target\debug\deps\libquote-0126ba1443770dd6.rlib --extern syn=C:\workspace\target\debug\deps\libsyn-741f49bdb063edbe.rlib --extern proc_macro --cap-lints allow`
[19:17:58]    Compiling allo-isolate v0.1.27
[19:17:58]      Running `C:\Users\ContainerAdministrator\scoop\persist\rustup\.rustup\toolchains\stable-x86_64-pc-windows-msvc\bin\rustc.exe --crate-name allo_isolate --edition=2021 C:\Users\ContainerAdministrator\scoop\persist\rustup\.cargo\registry\src\index.crates.io-1949cf8c6b5b557f\allo-isolate-0.1.27\src\lib.rs --error-format=json --json=diagnostic-rendered-ansi,artifacts,future-incompat --crate-type lib --emit=dep-info,metadata,link -C opt-level=2 -C embed-bitcode=no -C debuginfo=2 -C debug-assertions=on --cfg "feature=\"anyhow\"" --cfg "feature=\"backtrace\"" --cfg "feature=\"default\"" --cfg "feature=\"zero-copy\"" --check-cfg cfg(docsrs,test) --check-cfg "cfg(feature, values(\"anyhow\", \"backtrace\", \"catch-unwind\", \"chrono\", \"default\", \"pin-project\", \"uuid\", \"zero-copy\"))" -C metadata=e59d7faf1785b01a -C extra-filename=-c9d10a0d6519129c --out-dir C:\workspace\target\debug\deps -L dependency=C:\workspace\target\debug\deps --extern anyhow=C:\workspace\target\debug\deps\libanyhow-8225cbef6f33b86e.rmeta --extern atomic=C:\workspace\target\debug\deps\libatomic-c52302931401cb6f.rmeta --extern backtrace=C:\workspace\target\debug\deps\libbacktrace-72ccdd5b15906fe3.rmeta --cap-lints allow`
[19:17:58]    Compiling tokio v1.50.0
[19:17:58]      Running `C:\Users\ContainerAdministrator\scoop\persist\rustup\.rustup\toolchains\stable-x86_64-pc-windows-msvc\bin\rustc.exe --crate-name tokio --edition=2021 C:\Users\ContainerAdministrator\scoop\persist\rustup\.cargo\registry\src\index.crates.io-1949cf8c6b5b557f\tokio-1.50.0\src\lib.rs --error-format=json --json=diagnostic-rendered-ansi,artifacts,future-incompat --crate-type lib --emit=dep-info,metadata,link -C opt-level=2 -C embed-bitcode=no -C debuginfo=2 --warn=unexpected_cfgs --check-cfg cfg(fuzzing) --check-cfg cfg(loom) --check-cfg cfg(mio_unsupported_force_poll_poll) --check-cfg cfg(tokio_allow_from_blocking_fd) --check-cfg cfg(tokio_internal_mt_counters) --check-cfg cfg(tokio_no_parking_lot) --check-cfg cfg(tokio_no_tuning_tests) --check-cfg cfg(tokio_unstable) --check-cfg "cfg(target_os, values(\"cygwin\"))" -C debug-assertions=on --cfg "feature=\"default\"" --cfg "feature=\"fs\"" --cfg "feature=\"macros\"" --cfg "feature=\"rt\"" --cfg "feature=\"rt-multi-thread\"" --cfg "feature=\"sync\"" --cfg "feature=\"time\"" --cfg "feature=\"tokio-macros\"" --check-cfg cfg(docsrs,test) --check-cfg "cfg(feature, values(\"bytes\", \"default\", \"fs\", \"full\", \"io-std\", \"io-uring\", \"io-util\", \"libc\", \"macros\", \"mio\", \"net\", \"parking_lot\", \"process\", \"rt\", \"rt-multi-thread\", \"signal\", \"signal-hook-registry\", \"socket2\", \"sync\", \"taskdump\", \"test-util\", \"time\", \"tokio-macros\", \"tracing\", \"windows-sys\"))" -C metadata=4e119076cbc11c5b -C extra-filename=-6a2927063bffc7d7 --out-dir C:\workspace\target\debug\deps -L dependency=C:\workspace\target\debug\deps --extern pin_project_lite=C:\workspace\target\debug\deps\libpin_project_lite-b3d976a96f2a4e89.rmeta --extern tokio_macros=C:\workspace\target\debug\deps\tokio_macros-26fdc8dc35017ac6.dll --cap-lints allow`
[19:17:58]    Compiling thiserror v2.0.18
[19:17:58]      Running `C:\Users\ContainerAdministrator\scoop\persist\rustup\.rustup\toolchains\stable-x86_64-pc-windows-msvc\bin\rustc.exe --crate-name thiserror --edition=2021 C:\Users\ContainerAdministrator\scoop\persist\rustup\.cargo\registry\src\index.crates.io-1949cf8c6b5b557f\thiserror-2.0.18\src\lib.rs --error-format=json --json=diagnostic-rendered-ansi,artifacts,future-incompat --crate-type lib --emit=dep-info,metadata,link -C opt-level=2 -C embed-bitcode=no -C debuginfo=2 -C debug-assertions=on --cfg "feature=\"default\"" --cfg "feature=\"std\"" --check-cfg cfg(docsrs,test) --check-cfg "cfg(feature, values(\"default\", \"std\"))" -C metadata=4801566d8924a68c -C extra-filename=-eb5ff59d1a421a2b --out-dir C:\workspace\target\debug\deps -L dependency=C:\workspace\target\debug\deps --extern thiserror_impl=C:\workspace\target\debug\deps\thiserror_impl-d36b395b7111b7a3.dll --cap-lints allow --check-cfg cfg(error_generic_member_access) --check-cfg cfg(thiserror_nightly_testing) --check-cfg cfg(thiserror_no_backtrace_type)`
[19:17:58]    Compiling ntapi v0.4.3
[19:17:58]      Running `C:\Users\ContainerAdministrator\scoop\persist\rustup\.rustup\toolchains\stable-x86_64-pc-windows-msvc\bin\rustc.exe --crate-name ntapi --edition=2018 C:\Users\ContainerAdministrator\scoop\persist\rustup\.cargo\registry\src\index.crates.io-1949cf8c6b5b557f\ntapi-0.4.3\src\lib.rs --error-format=json --json=diagnostic-rendered-ansi,artifacts,future-incompat --crate-type lib --emit=dep-info,metadata,link -C opt-level=2 -C embed-bitcode=no -C debuginfo=2 -C debug-assertions=on --cfg "feature=\"default\"" --cfg "feature=\"user\"" --check-cfg cfg(docsrs,test) --check-cfg "cfg(feature, values(\"default\", \"func-types\", \"impl-default\", \"kernel\", \"user\"))" -C metadata=5c0c359dce4339e8 -C extra-filename=-544c4456afecfbcd --out-dir C:\workspace\target\debug\deps -L dependency=C:\workspace\target\debug\deps --extern winapi=C:\workspace\target\debug\deps\libwinapi-27c63d2915ea5150.rmeta --cap-lints allow`
[19:17:58]    Compiling kataglyphis_rustprojecttemplate v0.1.0 (C:\workspace)
[19:17:58]      Running `C:\Users\ContainerAdministrator\scoop\persist\rustup\.rustup\toolchains\stable-x86_64-pc-windows-msvc\bin\rustc.exe --crate-name build_script_build --edition=2024 build.rs --error-format=json --json=diagnostic-rendered-ansi,artifacts,future-incompat --crate-type bin --emit=dep-info,link -C embed-bitcode=no --warn=unexpected_cfgs --check-cfg cfg(frb_expand) --check-cfg cfg(onnx) --check-cfg cfg(gui_wgpu_backend) --cfg "feature=\"default\"" --check-cfg cfg(docsrs,test) --check-cfg "cfg(feature, values(\"_gui_wgpu_deps\", \"burn_demos\", \"default\", \"gui\", \"gui_linux\", \"gui_unix\", \"gui_wgpu\", \"gui_windows\", \"onnx_tract\", \"onnxruntime\", \"onnxruntime_cuda\", \"onnxruntime_directml\", \"with_cxxbridge\"))" -C metadata=31c1092fd00ee5f9 -C extra-filename=-ecb755b796f750bd --out-dir C:\workspace\target\debug\build\kataglyphis_rustprojecttemplate-ecb755b796f750bd -C incremental=C:\workspace\target\debug\incremental -L dependency=C:\workspace\target\debug\deps --extern cxx_build=C:\workspace\target\debug\deps\libcxx_build-1c3536302ebf84bc.rlib`
[19:17:58]    Compiling chrono v0.4.44
[19:17:58]      Running `C:\Users\ContainerAdministrator\scoop\persist\rustup\.rustup\toolchains\stable-x86_64-pc-windows-msvc\bin\rustc.exe --crate-name chrono --edition=2021 C:\Users\ContainerAdministrator\scoop\persist\rustup\.cargo\registry\src\index.crates.io-1949cf8c6b5b557f\chrono-0.4.44\src\lib.rs --error-format=json --json=diagnostic-rendered-ansi,artifacts,future-incompat --crate-type lib --emit=dep-info,metadata,link -C opt-level=2 -C embed-bitcode=no -C debuginfo=2 -C debug-assertions=on --cfg "feature=\"alloc\"" --cfg "feature=\"clock\"" --cfg "feature=\"default\"" --cfg "feature=\"iana-time-zone\"" --cfg "feature=\"js-sys\"" --cfg "feature=\"now\"" --cfg "feature=\"oldtime\"" --cfg "feature=\"serde\"" --cfg "feature=\"std\"" --cfg "feature=\"wasm-bindgen\"" --cfg "feature=\"wasmbind\"" --cfg "feature=\"winapi\"" --cfg "feature=\"windows-link\"" --check-cfg cfg(docsrs,test) --check-cfg "cfg(feature, values(\"__internal_bench\", \"alloc\", \"arbitrary\", \"clock\", \"core-error\", \"default\", \"defmt\", \"iana-time-zone\", \"js-sys\", \"libc\", \"now\", \"oldtime\", \"pure-rust-locales\", \"rkyv\", \"rkyv-16\", \"rkyv-32\", \"rkyv-64\", \"rkyv-validation\", \"serde\", \"std\", \"unstable-locales\", \"wasm-bindgen\", \"wasmbind\", \"winapi\", \"windows-link\"))" -C metadata=54e90f05a369d2b7 -C extra-filename=-3634fa5ee53cab45 --out-dir C:\workspace\target\debug\deps -L dependency=C:\workspace\target\debug\deps --extern num_traits=C:\workspace\target\debug\deps\libnum_traits-c7c8cf2c33b42f69.rmeta --extern serde=C:\workspace\target\debug\deps\libserde-8182bb3d4a437e42.rmeta --extern windows_link=C:\workspace\target\debug\deps\libwindows_link-f077ee1bf59aae6f.rmeta --cap-lints allow`
[19:17:58]    Compiling dart-sys v4.1.5
[19:17:58]      Running `C:\Users\ContainerAdministrator\scoop\persist\rustup\.rustup\toolchains\stable-x86_64-pc-windows-msvc\bin\rustc.exe --crate-name dart_sys --edition=2021 C:\Users\ContainerAdministrator\scoop\persist\rustup\.cargo\registry\src\index.crates.io-1949cf8c6b5b557f\dart-sys-4.1.5\src\lib.rs --error-format=json --json=diagnostic-rendered-ansi,artifacts,future-incompat --crate-type lib --emit=dep-info,metadata,link -C opt-level=2 -C embed-bitcode=no -C debuginfo=2 -C debug-assertions=on --check-cfg cfg(docsrs,test) --check-cfg "cfg(feature, values())" -C metadata=63b6b661e0fe8d51 -C extra-filename=-bfb9f421ca3d5b17 --out-dir C:\workspace\target\debug\deps -L dependency=C:\workspace\target\debug\deps --cap-lints allow -L native=C:\workspace\target\debug\build\dart-sys-c3d24d043b7b558c\out -l static=dart_api_dl`
[19:17:58]      Running `C:\Users\ContainerAdministrator\scoop\persist\rustup\.rustup\toolchains\stable-x86_64-pc-windows-msvc\bin\rustc.exe --crate-name portable_atomic --edition=2018 C:\Users\ContainerAdministrator\scoop\persist\rustup\.cargo\registry\src\index.crates.io-1949cf8c6b5b557f\portable-atomic-1.13.1\src\lib.rs --error-format=json --json=diagnostic-rendered-ansi,artifacts,future-incompat --crate-type lib --emit=dep-info,metadata,link -C opt-level=2 -C embed-bitcode=no -C debuginfo=2 --warn=clippy::unused_trait_names --warn=unreachable_pub --warn=unnameable_types --warn=unexpected_cfgs --warn=clippy::undocumented_unsafe_blocks --warn=clippy::transmute_undefined_repr --warn=clippy::trailing_empty_array --warn=single_use_lifetimes --warn=rust_2018_idioms --warn=clippy::pedantic --warn=non_ascii_idents --warn=clippy::inline_asm_x86_att_syntax --warn=improper_ctypes_definitions --warn=improper_ctypes --warn=deprecated_safe --warn=clippy::default_union_representation --warn=clippy::as_underscore --warn=clippy::as_ptr_cast_mut --warn=clippy::all --allow=clippy::unreadable_literal --allow=clippy::type_complexity --allow=clippy::too_many_lines --allow=clippy::too_many_arguments --allow=clippy::struct_field_names --allow=clippy::struct_excessive_bools --allow=clippy::single_match_else --allow=clippy::single_match --allow=clippy::similar_names --allow=clippy::range_plus_one --allow=clippy::nonminimal_bool --allow=clippy::naive_bytecount --allow=clippy::module_name_repetitions --allow=clippy::missing_errors_doc --allow=clippy::manual_range_contains --allow=clippy::manual_assert --allow=clippy::lint_groups_priority --allow=clippy::incompatible_msrv --allow=clippy::float_cmp --allow=clippy::doc_markdown --allow=clippy::declare_interior_mutable_const --allow=clippy::cast_lossless --allow=clippy::borrow_as_ptr --allow=clippy::bool_assert_comparison --check-cfg "cfg(target_arch,values(\"xtensa\"))" --check-cfg "cfg(target_arch,values(\"amdgpu\"))" --check-cfg "cfg(target_arch,values(\"loongarch32\"))" --check-cfg "cfg(target_os,values(\"trusty\"))" --check-cfg "cfg(target_os,values(\"psx\"))" --check-cfg "cfg(target_env,values(\"psx\"))" --check-cfg "cfg(target_feature,values(\"lse2\",\"lse128\",\"rcpc3\"))" --check-cfg "cfg(target_feature,values(\"quadword-atomics\"))" --check-cfg "cfg(target_feature,values(\"zaamo\",\"zabha\"))" --check-cfg "cfg(target_feature,values(\"zacas\"))" --check-cfg "cfg(target_feature,values(\"miscellaneous-extensions-3\"))" --check-cfg "cfg(target_pointer_width,values(\"128\"))" --check-cfg cfg(portable_atomic_no_outline_atomics,portable_atomic_outline_atomics,portable_atomic_unstable_f16,portable_atomic_unstable_f128) --check-cfg cfg(portable_atomic_unstable_coerce_unsized) --check-cfg cfg(portable_atomic_test_detect_false,portable_atomic_test_no_std_static_assert_ffi,qemu,valgrind) -C debug-assertions=on --cfg "feature=\"default\"" --cfg "feature=\"fallback\"" --check-cfg cfg(docsrs,test) --check-cfg "cfg(feature, values(\"critical-section\", \"default\", \"disable-fiq\", \"fallback\", \"float\", \"force-amo\", \"require-cas\", \"s-mode\", \"serde\", \"std\", \"unsafe-assume-privileged\", \"unsafe-assume-single-core\"))" -C metadata=4befa56779247383 -C extra-filename=-9c39b419f6e0e3cf --out-dir C:\workspace\target\debug\deps -L dependency=C:\workspace\target\debug\deps --cap-lints allow --check-cfg "cfg(target_feature,values(\"lsfe\",\"fast-serialization\",\"load-store-on-cond\",\"distinct-ops\",\"rmw\"))" --check-cfg cfg(portable_atomic_atomic_intrinsics,portable_atomic_disable_fiq,portable_atomic_force_amo,portable_atomic_ll_sc_rmw,portable_atomic_no_asm,portable_atomic_no_asm_maybe_uninit,portable_atomic_no_atomic_64,portable_atomic_no_atomic_cas,portable_atomic_no_atomic_load_store,portable_atomic_no_atomic_min_max,portable_atomic_no_cfg_target_has_atomic,portable_atomic_no_cmpxchg16b_intrinsic,portable_atomic_no_cmpxchg16b_target_feature,portable_atomic_no_const_mut_refs,portable_atomic_no_const_raw_ptr_deref,portable_atomic_no_const_transmute,portable_atomic_no_core_unwind_safe,portable_atomic_no_diagnostic_namespace,portable_atomic_no_strict_provenance,portable_atomic_no_strict_provenance_atomic_ptr,portable_atomic_no_stronger_failure_ordering,portable_atomic_no_track_caller,portable_atomic_no_unsafe_op_in_unsafe_fn,portable_atomic_pre_llvm_15,portable_atomic_pre_llvm_16,portable_atomic_pre_llvm_18,portable_atomic_pre_llvm_20,portable_atomic_s_mode,portable_atomic_sanitize_thread,portable_atomic_target_feature,portable_atomic_unsafe_assume_privileged,portable_atomic_unsafe_assume_single_core,portable_atomic_unstable_asm,portable_atomic_unstable_asm_experimental_arch,portable_atomic_unstable_cfg_target_has_atomic,portable_atomic_unstable_isa_attribute) --check-cfg "cfg(portable_atomic_target_feature,values(\"cmpxchg16b\",\"distinct-ops\",\"fast-serialization\",\"load-store-on-cond\",\"lse\",\"lse128\",\"lse2\",\"lsfe\",\"mclass\",\"miscellaneous-extensions-3\",\"quadword-atomics\",\"rcpc3\",\"rmw\",\"v6\",\"v7\",\"zaamo\",\"zabha\",\"zacas\"))"`
[19:17:58]    Compiling libc v0.2.183
[19:17:58]      Running `C:\Users\ContainerAdministrator\scoop\persist\rustup\.rustup\toolchains\stable-x86_64-pc-windows-msvc\bin\rustc.exe --crate-name libc --edition=2021 C:\Users\ContainerAdministrator\scoop\persist\rustup\.cargo\registry\src\index.crates.io-1949cf8c6b5b557f\libc-0.2.183\src\lib.rs --error-format=json --json=diagnostic-rendered-ansi,artifacts,future-incompat --crate-type lib --emit=dep-info,metadata,link -C opt-level=2 -C embed-bitcode=no -C debuginfo=2 --allow=clippy::used_underscore_binding --allow=unused_qualifications --warn=clippy::unnecessary_semicolon --allow=clippy::unnecessary_cast --allow=clippy::uninlined_format_args --warn=clippy::ptr_as_ptr --allow=clippy::non_minimal_cfg --allow=clippy::missing_safety_doc --warn=clippy::map_unwrap_or --warn=clippy::manual_assert --allow=clippy::identity_op --warn=clippy::explicit_iter_loop --allow=clippy::expl_impl_clone_on_copy -C debug-assertions=on --cfg "feature=\"default\"" --cfg "feature=\"std\"" --check-cfg cfg(docsrs,test) --check-cfg "cfg(feature, values(\"align\", \"const-extern-fn\", \"default\", \"extra_traits\", \"rustc-dep-of-std\", \"rustc-std-workspace-core\", \"std\", \"use_std\"))" -C metadata=2f3a3c4d99d97a1c -C extra-filename=-1156f92127b7bc96 --out-dir C:\workspace\target\debug\deps -L dependency=C:\workspace\target\debug\deps --cap-lints allow --cfg freebsd12 --check-cfg cfg(emscripten_old_stat_abi) --check-cfg cfg(espidf_time32) --check-cfg cfg(freebsd10) --check-cfg cfg(freebsd11) --check-cfg cfg(freebsd12) --check-cfg cfg(freebsd13) --check-cfg cfg(freebsd14) --check-cfg cfg(freebsd15) --check-cfg cfg(gnu_file_offset_bits64) --check-cfg cfg(gnu_time_bits64) --check-cfg cfg(libc_deny_warnings) --check-cfg cfg(linux_time_bits64) --check-cfg cfg(musl_v1_2_3) --check-cfg cfg(musl32_time64) --check-cfg cfg(vxworks_lt_25_09) --check-cfg "cfg(target_os,values(\"switch\",\"aix\",\"ohos\",\"hurd\",\"rtems\",\"visionos\",\"nuttx\",\"cygwin\",\"qurt\"))" --check-cfg "cfg(target_env,values(\"illumos\",\"wasi\",\"aix\",\"ohos\",\"nto71_iosock\",\"nto80\"))" --check-cfg "cfg(target_arch,values(\"loongarch64\",\"mips32r6\",\"mips64r6\",\"csky\"))"`
[19:17:58]    Compiling env_filter v1.0.0
[19:17:58]      Running `C:\Users\ContainerAdministrator\scoop\persist\rustup\.rustup\toolchains\stable-x86_64-pc-windows-msvc\bin\rustc.exe --crate-name env_filter --edition=2021 C:\Users\ContainerAdministrator\scoop\persist\rustup\.cargo\registry\src\index.crates.io-1949cf8c6b5b557f\env_filter-1.0.0\src\lib.rs --error-format=json --json=diagnostic-rendered-ansi,artifacts,future-incompat --crate-type lib --emit=dep-info,metadata,link -C opt-level=2 -C embed-bitcode=no -C debuginfo=2 --warn=rust_2018_idioms --warn=clippy::zero_sized_map_values --warn=clippy::wildcard_imports --warn=clippy::verbose_file_reads --warn=unused_qualifications --warn=unused_macro_rules --warn=unused_lifetimes --warn=unsafe_op_in_unsafe_fn --warn=unreachable_pub --warn=unnameable_types --warn=clippy::uninlined_format_args --warn=clippy::trait_duplication_in_bounds --warn=clippy::todo --warn=clippy::string_lit_as_bytes --warn=clippy::string_add_assign --warn=clippy::string_add --warn=clippy::str_to_string --warn=clippy::semicolon_if_nothing_returned --warn=clippy::self_named_module_files --warn=clippy::same_functions_in_if_condition --allow=clippy::result_large_err --warn=clippy::rest_pat_in_fully_bound_structs --warn=clippy::ref_option_ref --warn=clippy::redundant_feature_names --warn=clippy::rc_mutex --warn=clippy::ptr_as_ptr --warn=clippy::path_buf_push_overwrite --warn=clippy::negative_feature_names --warn=clippy::needless_for_each --allow=clippy::needless_continue --warn=clippy::mutex_integer --warn=clippy::mem_forget --warn=clippy::macro_use_imports --warn=clippy::lossy_float_literal --warn=clippy::linkedlist --allow=clippy::let_and_return --warn=clippy::large_types_passed_by_value --warn=clippy::large_stack_arrays --warn=clippy::large_digit_groups --warn=clippy::invalid_upcast_comparisons --warn=clippy::infinite_loop --warn=clippy::inefficient_to_string --warn=clippy::inconsistent_struct_constructor --warn=clippy::imprecise_flops --warn=clippy::implicit_clone --allow=clippy::if_same_then_else --warn=clippy::from_iter_instead_of_collect --warn=clippy::fn_params_excessive_bools --warn=clippy::float_cmp_const --warn=clippy::flat_map_option --warn=clippy::filter_map_next --warn=clippy::fallible_impl_from --warn=clippy::explicit_into_iter_loop --warn=clippy::explicit_deref_methods --warn=clippy::expl_impl_clone_on_copy --warn=clippy::enum_glob_use --warn=clippy::empty_enums --warn=clippy::doc_markdown --warn=clippy::debug_assert_with_mut_call --warn=clippy::dbg_macro --warn=clippy::create_dir --allow=clippy::collapsible_else_if --warn=clippy::checked_conversions --allow=clippy::branches_sharing_code --allow=clippy::bool_assert_comparison -C debug-assertions=on --cfg "feature=\"regex\"" --check-cfg cfg(docsrs,test) --check-cfg "cfg(feature, values(\"default\", \"regex\"))" -C metadata=fa1096f553055dbc -C extra-filename=-5f235adff72538b4 --out-dir C:\workspace\target\debug\deps -L dependency=C:\workspace\target\debug\deps --extern log=C:\workspace\target\debug\deps\liblog-594a8023f002d901.rmeta --extern regex=C:\workspace\target\debug\deps\libregex-5d41e35879635a39.rmeta --cap-lints allow`
[19:17:58]    Compiling link-cplusplus v1.0.12
[19:17:58]      Running `C:\Users\ContainerAdministrator\scoop\persist\rustup\.rustup\toolchains\stable-x86_64-pc-windows-msvc\bin\rustc.exe --crate-name link_cplusplus --edition=2018 C:\Users\ContainerAdministrator\scoop\persist\rustup\.cargo\registry\src\index.crates.io-1949cf8c6b5b557f\link-cplusplus-1.0.12\src\lib.rs --error-format=json --json=diagnostic-rendered-ansi,artifacts,future-incompat --crate-type lib --emit=dep-info,metadata,link -C opt-level=2 -C embed-bitcode=no -C debuginfo=2 -C debug-assertions=on --cfg "feature=\"default\"" --check-cfg cfg(docsrs,test) --check-cfg "cfg(feature, values(\"default\", \"libc++\", \"libcxx\", \"libstdc++\", \"libstdcxx\", \"nothing\"))" -C metadata=ef7c30ac924e2d15 -C extra-filename=-e29fd94ff2afa9a2 --out-dir C:\workspace\target\debug\deps -L dependency=C:\workspace\target\debug\deps --cap-lints allow -L native=C:\workspace\target\debug\build\link-cplusplus-7d8ee91791c1dd4c\out -l static=link-cplusplus`
[19:17:58]    Compiling cxxbridge-macro v1.0.194
[19:17:58]      Running `C:\Users\ContainerAdministrator\scoop\persist\rustup\.rustup\toolchains\stable-x86_64-pc-windows-msvc\bin\rustc.exe --crate-name cxxbridge_macro --edition=2021 C:\Users\ContainerAdministrator\scoop\persist\rustup\.cargo\registry\src\index.crates.io-1949cf8c6b5b557f\cxxbridge-macro-1.0.194\src\lib.rs --error-format=json --json=diagnostic-rendered-ansi,artifacts,future-incompat --crate-type proc-macro --emit=dep-info,link -C prefer-dynamic -C opt-level=2 -C embed-bitcode=no -C debug-assertions=on --check-cfg cfg(docsrs,test) --check-cfg "cfg(feature, values())" -C metadata=4057b474202c74f2 -C extra-filename=-36b357f41064be45 --out-dir C:\workspace\target\debug\deps -L dependency=C:\workspace\target\debug\deps --extern indexmap=C:\workspace\target\debug\deps\libindexmap-cfedc4237255437c.rlib --extern proc_macro2=C:\workspace\target\debug\deps\libproc_macro2-146b8bf3c15b97b0.rlib --extern quote=C:\workspace\target\debug\deps\libquote-0126ba1443770dd6.rlib --extern syn=C:\workspace\target\debug\deps\libsyn-741f49bdb063edbe.rlib --extern proc_macro --cap-lints allow`
[19:17:58]    Compiling delegate-attr v0.3.0
[19:17:58]      Running `C:\Users\ContainerAdministrator\scoop\persist\rustup\.rustup\toolchains\stable-x86_64-pc-windows-msvc\bin\rustc.exe --crate-name delegate_attr --edition=2018 C:\Users\ContainerAdministrator\scoop\persist\rustup\.cargo\registry\src\index.crates.io-1949cf8c6b5b557f\delegate-attr-0.3.0\src\lib.rs --error-format=json --json=diagnostic-rendered-ansi,artifacts,future-incompat --crate-type proc-macro --emit=dep-info,link -C prefer-dynamic -C opt-level=2 -C embed-bitcode=no -C debug-assertions=on --check-cfg cfg(docsrs,test) --check-cfg "cfg(feature, values())" -C metadata=e14962d3c149c1b1 -C extra-filename=-d2400d42f12f9a12 --out-dir C:\workspace\target\debug\deps -L dependency=C:\workspace\target\debug\deps --extern proc_macro2=C:\workspace\target\debug\deps\libproc_macro2-146b8bf3c15b97b0.rlib --extern quote=C:\workspace\target\debug\deps\libquote-0126ba1443770dd6.rlib --extern syn=C:\workspace\target\debug\deps\libsyn-741f49bdb063edbe.rlib --extern proc_macro --cap-lints allow`
[19:17:58]    Compiling byteorder v1.5.0
[19:17:58]      Running `C:\Users\ContainerAdministrator\scoop\persist\rustup\.rustup\toolchains\stable-x86_64-pc-windows-msvc\bin\rustc.exe --crate-name byteorder --edition=2021 C:\Users\ContainerAdministrator\scoop\persist\rustup\.cargo\registry\src\index.crates.io-1949cf8c6b5b557f\byteorder-1.5.0\src\lib.rs --error-format=json --json=diagnostic-rendered-ansi,artifacts,future-incompat --crate-type lib --emit=dep-info,metadata,link -C opt-level=2 -C embed-bitcode=no -C debuginfo=2 -C debug-assertions=on --cfg "feature=\"default\"" --cfg "feature=\"std\"" --check-cfg cfg(docsrs,test) --check-cfg "cfg(feature, values(\"default\", \"i128\", \"std\"))" -C metadata=87c1621b14251405 -C extra-filename=-de32001b1f71e8b0 --out-dir C:\workspace\target\debug\deps -L dependency=C:\workspace\target\debug\deps --cap-lints allow`
[19:17:58]    Compiling lazy_static v1.5.0
[19:17:58]      Running `C:\Users\ContainerAdministrator\scoop\persist\rustup\.rustup\toolchains\stable-x86_64-pc-windows-msvc\bin\rustc.exe --crate-name lazy_static --edition=2015 C:\Users\ContainerAdministrator\scoop\persist\rustup\.cargo\registry\src\index.crates.io-1949cf8c6b5b557f\lazy_static-1.5.0\src\lib.rs --error-format=json --json=diagnostic-rendered-ansi,artifacts,future-incompat --crate-type lib --emit=dep-info,metadata,link -C opt-level=2 -C embed-bitcode=no -C debuginfo=2 -C debug-assertions=on --check-cfg cfg(docsrs,test) --check-cfg "cfg(feature, values(\"spin\", \"spin_no_std\"))" -C metadata=08d8703d0fdda106 -C extra-filename=-cae4e53b7ade3524 --out-dir C:\workspace\target\debug\deps -L dependency=C:\workspace\target\debug\deps --cap-lints allow`
[19:17:58]    Compiling predicates-core v1.0.10
[19:17:58]      Running `C:\Users\ContainerAdministrator\scoop\persist\rustup\.rustup\toolchains\stable-x86_64-pc-windows-msvc\bin\rustc.exe --crate-name predicates_core --edition=2021 C:\Users\ContainerAdministrator\scoop\persist\rustup\.cargo\registry\src\index.crates.io-1949cf8c6b5b557f\predicates-core-1.0.10\src\lib.rs --error-format=json --json=diagnostic-rendered-ansi,artifacts,future-incompat --crate-type lib --emit=dep-info,metadata,link -C opt-level=2 -C embed-bitcode=no -C debuginfo=2 -C debug-assertions=on --check-cfg cfg(docsrs,test) --check-cfg "cfg(feature, values())" -C metadata=f7034062b3f10cbb -C extra-filename=-fb548af9d6856935 --out-dir C:\workspace\target\debug\deps -L dependency=C:\workspace\target\debug\deps --cap-lints allow`
[19:17:58]    Compiling foldhash v0.2.0
[19:17:58]      Running `C:\Users\ContainerAdministrator\scoop\persist\rustup\.rustup\toolchains\stable-x86_64-pc-windows-msvc\bin\rustc.exe --crate-name foldhash --edition=2021 C:\Users\ContainerAdministrator\scoop\persist\rustup\.cargo\registry\src\index.crates.io-1949cf8c6b5b557f\foldhash-0.2.0\src\lib.rs --error-format=json --json=diagnostic-rendered-ansi,artifacts,future-incompat --crate-type lib --emit=dep-info,metadata,link -C opt-level=2 -C embed-bitcode=no -C debuginfo=2 -C debug-assertions=on --cfg "feature=\"std\"" --check-cfg cfg(docsrs,test) --check-cfg "cfg(feature, values(\"default\", \"nightly\", \"std\"))" -C metadata=8171447a405b3812 -C extra-filename=-23afba3f7bebd618 --out-dir C:\workspace\target\debug\deps -L dependency=C:\workspace\target\debug\deps --cap-lints allow`
[19:17:58]    Compiling jiff v0.2.23
[19:17:58]      Running `C:\Users\ContainerAdministrator\scoop\persist\rustup\.rustup\toolchains\stable-x86_64-pc-windows-msvc\bin\rustc.exe --crate-name jiff --edition=2021 C:\Users\ContainerAdministrator\scoop\persist\rustup\.cargo\registry\src\index.crates.io-1949cf8c6b5b557f\jiff-0.2.23\src\lib.rs --error-format=json --json=diagnostic-rendered-ansi,artifacts,future-incompat --crate-type lib --emit=dep-info,metadata,link -C opt-level=2 -C embed-bitcode=no -C debuginfo=2 --allow=unexpected_cfgs --check-cfg cfg(docsrs_jiff) -C debug-assertions=on --cfg "feature=\"alloc\"" --cfg "feature=\"std\"" --check-cfg cfg(docsrs,test) --check-cfg "cfg(feature, values(\"alloc\", \"default\", \"js\", \"logging\", \"perf-inline\", \"serde\", \"static\", \"static-tz\", \"std\", \"tz-fat\", \"tz-system\", \"tzdb-bundle-always\", \"tzdb-bundle-platform\", \"tzdb-concatenated\", \"tzdb-zoneinfo\"))" -C metadata=cd80e149d8a23480 -C extra-filename=-7f74c238150308e3 --out-dir C:\workspace\target\debug\deps -L dependency=C:\workspace\target\debug\deps --cap-lints allow`
[19:17:58]    Compiling env_logger v0.11.9
[19:17:58]      Running `C:\Users\ContainerAdministrator\scoop\persist\rustup\.rustup\toolchains\stable-x86_64-pc-windows-msvc\bin\rustc.exe --crate-name env_logger --edition=2021 C:\Users\ContainerAdministrator\scoop\persist\rustup\.cargo\registry\src\index.crates.io-1949cf8c6b5b557f\env_logger-0.11.9\src\lib.rs --error-format=json --json=diagnostic-rendered-ansi,artifacts,future-incompat --crate-type lib --emit=dep-info,metadata,link -C opt-level=2 -C embed-bitcode=no -C debuginfo=2 --warn=rust_2018_idioms --warn=clippy::zero_sized_map_values --warn=clippy::wildcard_imports --warn=clippy::verbose_file_reads --warn=unused_qualifications --warn=unused_macro_rules --warn=unused_lifetimes --warn=unsafe_op_in_unsafe_fn --warn=unreachable_pub --warn=unnameable_types --warn=clippy::uninlined_format_args --warn=clippy::trait_duplication_in_bounds --warn=clippy::todo --warn=clippy::string_lit_as_bytes --warn=clippy::string_add_assign --warn=clippy::string_add --warn=clippy::str_to_string --warn=clippy::semicolon_if_nothing_returned --warn=clippy::self_named_module_files --warn=clippy::same_functions_in_if_condition --allow=clippy::result_large_err --warn=clippy::rest_pat_in_fully_bound_structs --warn=clippy::ref_option_ref --warn=clippy::redundant_feature_names --warn=clippy::rc_mutex --warn=clippy::ptr_as_ptr --warn=clippy::path_buf_push_overwrite --warn=clippy::negative_feature_names --warn=clippy::needless_for_each --allow=clippy::needless_continue --warn=clippy::mutex_integer --warn=clippy::mem_forget --warn=clippy::macro_use_imports --warn=clippy::lossy_float_literal --warn=clippy::linkedlist --allow=clippy::let_and_return --warn=clippy::large_types_passed_by_value --warn=clippy::large_stack_arrays --warn=clippy::large_digit_groups --warn=clippy::invalid_upcast_comparisons --warn=clippy::infinite_loop --warn=clippy::inefficient_to_string --warn=clippy::inconsistent_struct_constructor --warn=clippy::imprecise_flops --warn=clippy::implicit_clone --allow=clippy::if_same_then_else --warn=clippy::from_iter_instead_of_collect --warn=clippy::fn_params_excessive_bools --warn=clippy::float_cmp_const --warn=clippy::flat_map_option --warn=clippy::filter_map_next --warn=clippy::fallible_impl_from --warn=clippy::explicit_into_iter_loop --warn=clippy::explicit_deref_methods --warn=clippy::expl_impl_clone_on_copy --warn=clippy::enum_glob_use --warn=clippy::empty_enums --warn=clippy::doc_markdown --warn=clippy::debug_assert_with_mut_call --warn=clippy::dbg_macro --warn=clippy::create_dir --allow=clippy::collapsible_else_if --warn=clippy::checked_conversions --allow=clippy::branches_sharing_code --allow=clippy::bool_assert_comparison -C debug-assertions=on --cfg "feature=\"auto-color\"" --cfg "feature=\"color\"" --cfg "feature=\"default\"" --cfg "feature=\"humantime\"" --cfg "feature=\"regex\"" --check-cfg cfg(docsrs,test) --check-cfg "cfg(feature, values(\"auto-color\", \"color\", \"default\", \"humantime\", \"kv\", \"regex\", \"unstable-kv\"))" -C metadata=e6ab419c5efae3ac -C extra-filename=-db953fc2ca0de25f --out-dir C:\workspace\target\debug\deps -L dependency=C:\workspace\target\debug\deps --extern anstream=C:\workspace\target\debug\deps\libanstream-457a96f07b40ce4b.rmeta --extern anstyle=C:\workspace\target\debug\deps\libanstyle-a430ef4a1f9ba2db.rmeta --extern env_filter=C:\workspace\target\debug\deps\libenv_filter-5f235adff72538b4.rmeta --extern jiff=C:\workspace\target\debug\deps\libjiff-7f74c238150308e3.rmeta --extern log=C:\workspace\target\debug\deps\liblog-594a8023f002d901.rmeta --cap-lints allow`
[19:17:58]    Compiling cxx v1.0.194
[19:17:58]      Running `C:\Users\ContainerAdministrator\scoop\persist\rustup\.rustup\toolchains\stable-x86_64-pc-windows-msvc\bin\rustc.exe --crate-name cxx --edition=2021 C:\Users\ContainerAdministrator\scoop\persist\rustup\.cargo\registry\src\index.crates.io-1949cf8c6b5b557f\cxx-1.0.194\src\lib.rs --error-format=json --json=diagnostic-rendered-ansi,artifacts,future-incompat --crate-type lib --emit=dep-info,metadata,link -C opt-level=2 -C embed-bitcode=no -C debuginfo=2 -C debug-assertions=on --cfg "feature=\"alloc\"" --cfg "feature=\"default\"" --cfg "feature=\"std\"" --check-cfg cfg(docsrs,test) --check-cfg "cfg(feature, values(\"alloc\", \"c++14\", \"c++17\", \"c++20\", \"default\", \"std\"))" -C metadata=a990f461f87b0b60 -C extra-filename=-bb10c2d745c2fe85 --out-dir C:\workspace\target\debug\deps -L dependency=C:\workspace\target\debug\deps --extern cxxbridge_macro=C:\workspace\target\debug\deps\cxxbridge_macro-36b357f41064be45.dll --extern foldhash=C:\workspace\target\debug\deps\libfoldhash-23afba3f7bebd618.rmeta --extern link_cplusplus=C:\workspace\target\debug\deps\liblink_cplusplus-e29fd94ff2afa9a2.rmeta --cap-lints allow -L native=C:\workspace\target\debug\build\cxx-0b56f4377e6ce5a2\out -L native=C:\workspace\target\debug\build\link-cplusplus-7d8ee91791c1dd4c\out -l static=cxxbridge1 --cfg built_with_cargo --check-cfg cfg(built_with_cargo) --check-cfg cfg(compile_error_if_alloc) --check-cfg cfg(compile_error_if_std) --check-cfg cfg(cxx_experimental_no_alloc) --check-cfg cfg(skip_ui_tests)`
[19:17:58]    Compiling flutter_rust_bridge v2.11.1
[19:17:58]      Running `C:\Users\ContainerAdministrator\scoop\persist\rustup\.rustup\toolchains\stable-x86_64-pc-windows-msvc\bin\rustc.exe --crate-name flutter_rust_bridge --edition=2021 C:\Users\ContainerAdministrator\scoop\persist\rustup\.cargo\registry\src\index.crates.io-1949cf8c6b5b557f\flutter_rust_bridge-2.11.1\src\lib.rs --error-format=json --json=diagnostic-rendered-ansi,artifacts,future-incompat --crate-type lib --emit=dep-info,metadata,link -C opt-level=2 -C embed-bitcode=no -C debuginfo=2 --warn=unexpected_cfgs --check-cfg cfg(frb_expand) -C debug-assertions=on --cfg "feature=\"anyhow\"" --cfg "feature=\"console_error_panic_hook\"" --cfg "feature=\"dart-opaque\"" --cfg "feature=\"default\"" --cfg "feature=\"log\"" --cfg "feature=\"portable-atomic\"" --cfg "feature=\"rust-async\"" --cfg "feature=\"thread-pool\"" --cfg "feature=\"user-utils\"" --cfg "feature=\"wasm-start\"" --check-cfg cfg(docsrs,test) --check-cfg "cfg(feature, values(\"anyhow\", \"backtrace\", \"chrono\", \"console_error_panic_hook\", \"dart-opaque\", \"default\", \"log\", \"portable-atomic\", \"rust-async\", \"thread-pool\", \"user-utils\", \"uuid\", \"wasm-start\"))" -C metadata=50f3f84c813bc858 -C extra-filename=-4215f22e7381a99e --out-dir C:\workspace\target\debug\deps -L dependency=C:\workspace\target\debug\deps --extern allo_isolate=C:\workspace\target\debug\deps\liballo_isolate-c9d10a0d6519129c.rmeta --extern anyhow=C:\workspace\target\debug\deps\libanyhow-8225cbef6f33b86e.rmeta --extern byteorder=C:\workspace\target\debug\deps\libbyteorder-de32001b1f71e8b0.rmeta --extern dart_sys=C:\workspace\target\debug\deps\libdart_sys-bfb9f421ca3d5b17.rmeta --extern delegate_attr=C:\workspace\target\debug\deps\delegate_attr-d2400d42f12f9a12.dll --extern flutter_rust_bridge_macros=C:\workspace\target\debug\deps\flutter_rust_bridge_macros-be5461e5bfc751dc.dll --extern futures=C:\workspace\target\debug\deps\libfutures-958a78628e0549da.rmeta --extern lazy_static=C:\workspace\target\debug\deps\liblazy_static-cae4e53b7ade3524.rmeta --extern log=C:\workspace\target\debug\deps\liblog-594a8023f002d901.rmeta --extern portable_atomic=C:\workspace\target\debug\deps\libportable_atomic-9c39b419f6e0e3cf.rmeta --extern threadpool=C:\workspace\target\debug\deps\libthreadpool-2669bd25de5db382.rmeta --extern tokio=C:\workspace\target\debug\deps\libtokio-6a2927063bffc7d7.rmeta --cap-lints allow -L native=C:\workspace\target\debug\build\dart-sys-c3d24d043b7b558c\out`
[19:17:58]    Compiling sysinfo v0.38.4
[19:17:58]      Running `C:\Users\ContainerAdministrator\scoop\persist\rustup\.rustup\toolchains\stable-x86_64-pc-windows-msvc\bin\rustc.exe --crate-name sysinfo --edition=2024 C:\Users\ContainerAdministrator\scoop\persist\rustup\.cargo\registry\src\index.crates.io-1949cf8c6b5b557f\sysinfo-0.38.4\src\lib.rs --error-format=json --json=diagnostic-rendered-ansi,artifacts,future-incompat --crate-type lib --emit=dep-info,metadata,link -C opt-level=2 -C embed-bitcode=no -C debuginfo=2 -C debug-assertions=on --cfg "feature=\"component\"" --cfg "feature=\"default\"" --cfg "feature=\"disk\"" --cfg "feature=\"network\"" --cfg "feature=\"objc2-io-kit\"" --cfg "feature=\"system\"" --cfg "feature=\"user\"" --cfg "feature=\"windows\"" --check-cfg cfg(docsrs,test) --check-cfg "cfg(feature, values(\"apple-app-store\", \"apple-sandbox\", \"c-interface\", \"component\", \"debug\", \"default\", \"disk\", \"linux-netdevs\", \"linux-tmpfs\", \"multithread\", \"network\", \"objc2-core-foundation\", \"objc2-io-kit\", \"serde\", \"system\", \"unknown-ci\", \"user\", \"windows\"))" -C metadata=de4475b845435109 -C extra-filename=-5e7862ffd97e04f3 --out-dir C:\workspace\target\debug\deps -L dependency=C:\workspace\target\debug\deps --extern libc=C:\workspace\target\debug\deps\liblibc-1156f92127b7bc96.rmeta --extern memchr=C:\workspace\target\debug\deps\libmemchr-f04c0fb69fa91af8.rmeta --extern ntapi=C:\workspace\target\debug\deps\libntapi-544c4456afecfbcd.rmeta --extern windows=C:\workspace\target\debug\deps\libwindows-b0d9571dd3dd58f9.rmeta --cap-lints allow`
[19:17:58]    Compiling wmi v0.18.3
[19:17:58]      Running `C:\Users\ContainerAdministrator\scoop\persist\rustup\.rustup\toolchains\stable-x86_64-pc-windows-msvc\bin\rustc.exe --crate-name wmi --edition=2024 C:\Users\ContainerAdministrator\scoop\persist\rustup\.cargo\registry\src\index.crates.io-1949cf8c6b5b557f\wmi-0.18.3\src\lib.rs --error-format=json --json=diagnostic-rendered-ansi,artifacts,future-incompat --crate-type lib --emit=dep-info,metadata,link -C opt-level=2 -C embed-bitcode=no -C debuginfo=2 -C debug-assertions=on --cfg "feature=\"chrono\"" --cfg "feature=\"default\"" --check-cfg cfg(docsrs,test) --check-cfg "cfg(feature, values(\"chrono\", \"default\", \"test\", \"time\"))" -C metadata=e831d30d951e35f6 -C extra-filename=-02d56bb04c483182 --out-dir C:\workspace\target\debug\deps -L dependency=C:\workspace\target\debug\deps --extern chrono=C:\workspace\target\debug\deps\libchrono-3634fa5ee53cab45.rmeta --extern futures=C:\workspace\target\debug\deps\libfutures-958a78628e0549da.rmeta --extern log=C:\workspace\target\debug\deps\liblog-594a8023f002d901.rmeta --extern serde=C:\workspace\target\debug\deps\libserde-8182bb3d4a437e42.rmeta --extern thiserror=C:\workspace\target\debug\deps\libthiserror-eb5ff59d1a421a2b.rmeta --extern windows=C:\workspace\target\debug\deps\libwindows-b0d9571dd3dd58f9.rmeta --extern windows_core=C:\workspace\target\debug\deps\libwindows_core-d08dcb17c447d251.rmeta --cap-lints allow`
[19:17:58]      Running `C:\workspace\target\debug\build\kataglyphis_rustprojecttemplate-ecb755b796f750bd\build-script-build`
[19:17:58]    Compiling clap v4.5.60
[19:17:58]      Running `C:\Users\ContainerAdministrator\scoop\persist\rustup\.rustup\toolchains\stable-x86_64-pc-windows-msvc\bin\rustc.exe --crate-name clap --edition=2021 C:\Users\ContainerAdministrator\scoop\persist\rustup\.cargo\registry\src\index.crates.io-1949cf8c6b5b557f\clap-4.5.60\src\lib.rs --error-format=json --json=diagnostic-rendered-ansi,artifacts,future-incompat --crate-type lib --emit=dep-info,metadata,link -C opt-level=2 -C embed-bitcode=no -C debuginfo=2 --warn=rust_2018_idioms --warn=clippy::zero_sized_map_values --warn=clippy::verbose_file_reads --warn=unused_qualifications --warn=unused_macro_rules --warn=unused_lifetimes --warn=unsafe_op_in_unsafe_fn --warn=unreachable_pub --allow=unnameable_types --warn=clippy::uninlined_format_args --warn=clippy::trait_duplication_in_bounds --warn=clippy::todo --warn=clippy::string_lit_as_bytes --warn=clippy::string_add_assign --warn=clippy::semicolon_if_nothing_returned --warn=clippy::self_named_module_files --warn=clippy::same_functions_in_if_condition --allow=clippy::result_large_err --warn=clippy::rest_pat_in_fully_bound_structs --warn=clippy::ref_option_ref --warn=clippy::redundant_feature_names --warn=clippy::rc_mutex --warn=clippy::ptr_as_ptr --warn=clippy::path_buf_push_overwrite --warn=clippy::negative_feature_names --warn=clippy::needless_for_each --allow=clippy::needless_continue --warn=clippy::mutex_integer --allow=clippy::multiple_bound_locations --warn=clippy::mem_forget --warn=clippy::macro_use_imports --warn=clippy::lossy_float_literal --warn=clippy::linkedlist --allow=clippy::let_and_return --warn=clippy::large_types_passed_by_value --warn=clippy::large_stack_arrays --warn=clippy::large_digit_groups --warn=clippy::invalid_upcast_comparisons --warn=clippy::infinite_loop --warn=clippy::inefficient_to_string --warn=clippy::inconsistent_struct_constructor --warn=clippy::imprecise_flops --warn=clippy::implicit_clone --allow=clippy::if_same_then_else --warn=clippy::from_iter_instead_of_collect --warn=clippy::fn_params_excessive_bools --warn=clippy::float_cmp_const --warn=clippy::flat_map_option --warn=clippy::filter_map_next --warn=clippy::fallible_impl_from --warn=clippy::explicit_into_iter_loop --warn=clippy::explicit_deref_methods --warn=clippy::expl_impl_clone_on_copy --warn=clippy::enum_glob_use --warn=clippy::empty_enums --warn=clippy::doc_markdown --warn=clippy::debug_assert_with_mut_call --warn=clippy::dbg_macro --warn=clippy::create_dir --allow=clippy::collapsible_else_if --warn=clippy::checked_conversions --allow=clippy::branches_sharing_code --allow=clippy::bool_assert_comparison --allow=clippy::blocks_in_conditions --allow=clippy::assigning_clones -C debug-assertions=on --cfg "feature=\"color\"" --cfg "feature=\"default\"" --cfg "feature=\"derive\"" --cfg "feature=\"error-context\"" --cfg "feature=\"help\"" --cfg "feature=\"std\"" --cfg "feature=\"suggestions\"" --cfg "feature=\"usage\"" --check-cfg cfg(docsrs,test) --check-cfg "cfg(feature, values(\"cargo\", \"color\", \"debug\", \"default\", \"deprecated\", \"derive\", \"env\", \"error-context\", \"help\", \"std\", \"string\", \"suggestions\", \"unicode\", \"unstable-derive-ui-tests\", \"unstable-doc\", \"unstable-ext\", \"unstable-markdown\", \"unstable-styles\", \"unstable-v5\", \"usage\", \"wrap_help\"))" -C metadata=23c85319328254f9 -C extra-filename=-ba02773b51633081 --out-dir C:\workspace\target\debug\deps -L dependency=C:\workspace\target\debug\deps --extern clap_builder=C:\workspace\target\debug\deps\libclap_builder-97b244073979689a.rmeta --extern clap_derive=C:\workspace\target\debug\deps\clap_derive-f00edb175025ad54.dll --cap-lints allow`
[19:17:58]    Compiling float-cmp v0.10.0
[19:17:58]      Running `C:\Users\ContainerAdministrator\scoop\persist\rustup\.rustup\toolchains\stable-x86_64-pc-windows-msvc\bin\rustc.exe --crate-name float_cmp --edition=2018 C:\Users\ContainerAdministrator\scoop\persist\rustup\.cargo\registry\src\index.crates.io-1949cf8c6b5b557f\float-cmp-0.10.0\src\lib.rs --error-format=json --json=diagnostic-rendered-ansi,artifacts,future-incompat --crate-type lib --emit=dep-info,metadata,link -C opt-level=2 -C embed-bitcode=no -C debuginfo=2 -C debug-assertions=on --cfg "feature=\"default\"" --cfg "feature=\"num-traits\"" --cfg "feature=\"ratio\"" --check-cfg cfg(docsrs,test) --check-cfg "cfg(feature, values(\"default\", \"num-traits\", \"ratio\", \"std\"))" -C metadata=83fc15b327f245bd -C extra-filename=-d70213fadadd6137 --out-dir C:\workspace\target\debug\deps -L dependency=C:\workspace\target\debug\deps --extern num_traits=C:\workspace\target\debug\deps\libnum_traits-c7c8cf2c33b42f69.rmeta --cap-lints allow`
[19:17:58]    Compiling termtree v0.5.1
[19:17:58]      Running `C:\Users\ContainerAdministrator\scoop\persist\rustup\.rustup\toolchains\stable-x86_64-pc-windows-msvc\bin\rustc.exe --crate-name termtree --edition=2021 C:\Users\ContainerAdministrator\scoop\persist\rustup\.cargo\registry\src\index.crates.io-1949cf8c6b5b557f\termtree-0.5.1\src\lib.rs --error-format=json --json=diagnostic-rendered-ansi,artifacts,future-incompat --crate-type lib --emit=dep-info,metadata,link -C opt-level=2 -C embed-bitcode=no -C debuginfo=2 --warn=clippy::zero_sized_map_values --warn=clippy::wildcard_imports --warn=clippy::verbose_file_reads --warn=unused_qualifications --warn=unused_macro_rules --warn=unused_lifetimes --warn=unsafe_op_in_unsafe_fn --warn=unreachable_pub --warn=clippy::trait_duplication_in_bounds --warn=clippy::todo --warn=clippy::string_to_string --warn=clippy::string_lit_as_bytes --warn=clippy::string_add_assign --warn=clippy::string_add --warn=clippy::str_to_string --warn=clippy::single_match_else --warn=clippy::semicolon_if_nothing_returned --warn=clippy::self_named_module_files --warn=clippy::same_functions_in_if_condition --warn=rust_2018_idioms --warn=clippy::rest_pat_in_fully_bound_structs --warn=clippy::ref_option_ref --warn=clippy::redundant_feature_names --warn=clippy::rc_mutex --warn=clippy::ptr_as_ptr --warn=clippy::path_buf_push_overwrite --warn=clippy::negative_feature_names --warn=clippy::needless_for_each --warn=clippy::needless_continue --warn=clippy::mutex_integer --warn=clippy::mem_forget --warn=clippy::match_wildcard_for_single_variants --warn=clippy::macro_use_imports --warn=clippy::lossy_float_literal --warn=clippy::linkedlist --allow=clippy::let_and_return --warn=clippy::large_types_passed_by_value --warn=clippy::large_stack_arrays --warn=clippy::large_digit_groups --warn=clippy::items_after_statements --warn=clippy::invalid_upcast_comparisons --warn=clippy::infinite_loop --warn=clippy::inefficient_to_string --warn=clippy::inconsistent_struct_constructor --warn=clippy::imprecise_flops --warn=clippy::implicit_clone --allow=clippy::if_same_then_else --warn=clippy::from_iter_instead_of_collect --warn=clippy::fn_params_excessive_bools --warn=clippy::float_cmp_const --warn=clippy::flat_map_option --warn=clippy::filter_map_next --warn=clippy::fallible_impl_from --warn=clippy::explicit_into_iter_loop --warn=clippy::explicit_deref_methods --warn=clippy::expl_impl_clone_on_copy --warn=clippy::enum_glob_use --warn=clippy::empty_enum --warn=clippy::doc_markdown --warn=clippy::debug_assert_with_mut_call --warn=clippy::dbg_macro --warn=clippy::create_dir --allow=clippy::collapsible_else_if --warn=clippy::checked_conversions --allow=clippy::branches_sharing_code --allow=clippy::bool_assert_comparison -C debug-assertions=on --check-cfg cfg(docsrs,test) --check-cfg "cfg(feature, values())" -C metadata=58b15e6e97555e52 -C extra-filename=-f96fbd09754a8e09 --out-dir C:\workspace\target\debug\deps -L dependency=C:\workspace\target\debug\deps --cap-lints allow`
[19:17:58]    Compiling normalize-line-endings v0.3.0
[19:17:58]      Running `C:\Users\ContainerAdministrator\scoop\persist\rustup\.rustup\toolchains\stable-x86_64-pc-windows-msvc\bin\rustc.exe --crate-name normalize_line_endings --edition=2015 C:\Users\ContainerAdministrator\scoop\persist\rustup\.cargo\registry\src\index.crates.io-1949cf8c6b5b557f\normalize-line-endings-0.3.0\src\lib.rs --error-format=json --json=diagnostic-rendered-ansi,artifacts,future-incompat --crate-type lib --emit=dep-info,metadata,link -C opt-level=2 -C embed-bitcode=no -C debuginfo=2 -C debug-assertions=on --check-cfg cfg(docsrs,test) --check-cfg "cfg(feature, values())" -C metadata=7033fd6a70a29c58 -C extra-filename=-7005c92fe900a472 --out-dir C:\workspace\target\debug\deps -L dependency=C:\workspace\target\debug\deps --cap-lints allow`
[19:17:58]    Compiling difflib v0.4.0
[19:17:58]      Running `C:\Users\ContainerAdministrator\scoop\persist\rustup\.rustup\toolchains\stable-x86_64-pc-windows-msvc\bin\rustc.exe --crate-name difflib --edition=2015 C:\Users\ContainerAdministrator\scoop\persist\rustup\.cargo\registry\src\index.crates.io-1949cf8c6b5b557f\difflib-0.4.0\src\lib.rs --error-format=json --json=diagnostic-rendered-ansi,artifacts,future-incompat --crate-type lib --emit=dep-info,metadata,link -C opt-level=2 -C embed-bitcode=no -C debuginfo=2 -C debug-assertions=on --check-cfg cfg(docsrs,test) --check-cfg "cfg(feature, values())" -C metadata=a0ecf078a56e2cbd -C extra-filename=-4e90d7aa5e5c4145 --out-dir C:\workspace\target\debug\deps -L dependency=C:\workspace\target\debug\deps --cap-lints allow`
[19:17:58]    Compiling predicates-tree v1.0.13
[19:17:58]      Running `C:\Users\ContainerAdministrator\scoop\persist\rustup\.rustup\toolchains\stable-x86_64-pc-windows-msvc\bin\rustc.exe --crate-name predicates_tree --edition=2021 C:\Users\ContainerAdministrator\scoop\persist\rustup\.cargo\registry\src\index.crates.io-1949cf8c6b5b557f\predicates-tree-1.0.13\src\lib.rs --error-format=json --json=diagnostic-rendered-ansi,artifacts,future-incompat --crate-type lib --emit=dep-info,metadata,link -C opt-level=2 -C embed-bitcode=no -C debuginfo=2 -C debug-assertions=on --check-cfg cfg(docsrs,test) --check-cfg "cfg(feature, values())" -C metadata=7ae4a2c9ad43d0ab -C extra-filename=-4b4a600a2636b9fb --out-dir C:\workspace\target\debug\deps -L dependency=C:\workspace\target\debug\deps --extern predicates_core=C:\workspace\target\debug\deps\libpredicates_core-fb548af9d6856935.rmeta --extern termtree=C:\workspace\target\debug\deps\libtermtree-f96fbd09754a8e09.rmeta --cap-lints allow`
[19:17:58]    Compiling predicates v3.1.4
[19:17:58]      Running `C:\Users\ContainerAdministrator\scoop\persist\rustup\.rustup\toolchains\stable-x86_64-pc-windows-msvc\bin\rustc.exe --crate-name predicates --edition=2021 C:\Users\ContainerAdministrator\scoop\persist\rustup\.cargo\registry\src\index.crates.io-1949cf8c6b5b557f\predicates-3.1.4\src\lib.rs --error-format=json --json=diagnostic-rendered-ansi,artifacts,future-incompat --crate-type lib --emit=dep-info,metadata,link -C opt-level=2 -C embed-bitcode=no -C debuginfo=2 --warn=rust_2018_idioms --warn=clippy::zero_sized_map_values --warn=clippy::wildcard_imports --warn=clippy::verbose_file_reads --warn=unused_qualifications --warn=unused_macro_rules --warn=unused_lifetimes --warn=unsafe_op_in_unsafe_fn --warn=unreachable_pub --warn=unnameable_types --warn=clippy::uninlined_format_args --warn=clippy::trait_duplication_in_bounds --warn=clippy::todo --warn=clippy::string_lit_as_bytes --warn=clippy::string_add_assign --warn=clippy::string_add --warn=clippy::str_to_string --warn=clippy::semicolon_if_nothing_returned --warn=clippy::self_named_module_files --warn=clippy::same_functions_in_if_condition --allow=clippy::result_large_err --warn=clippy::rest_pat_in_fully_bound_structs --warn=clippy::ref_option_ref --warn=clippy::redundant_feature_names --warn=clippy::rc_mutex --warn=clippy::ptr_as_ptr --warn=clippy::path_buf_push_overwrite --warn=clippy::negative_feature_names --warn=clippy::needless_for_each --allow=clippy::needless_continue --warn=clippy::mutex_integer --warn=clippy::mem_forget --warn=clippy::macro_use_imports --warn=clippy::lossy_float_literal --warn=clippy::linkedlist --allow=clippy::let_and_return --warn=clippy::large_types_passed_by_value --warn=clippy::large_stack_arrays --warn=clippy::large_digit_groups --warn=clippy::invalid_upcast_comparisons --warn=clippy::infinite_loop --warn=clippy::inefficient_to_string --warn=clippy::inconsistent_struct_constructor --warn=clippy::imprecise_flops --warn=clippy::implicit_clone --allow=clippy::if_same_then_else --warn=clippy::from_iter_instead_of_collect --warn=clippy::fn_params_excessive_bools --warn=clippy::float_cmp_const --warn=clippy::flat_map_option --warn=clippy::filter_map_next --warn=clippy::fallible_impl_from --warn=clippy::explicit_into_iter_loop --warn=clippy::explicit_deref_methods --warn=clippy::expl_impl_clone_on_copy --warn=clippy::enum_glob_use --warn=clippy::empty_enums --warn=clippy::doc_markdown --warn=clippy::debug_assert_with_mut_call --warn=clippy::dbg_macro --warn=clippy::create_dir --allow=clippy::collapsible_else_if --warn=clippy::checked_conversions --allow=clippy::branches_sharing_code --allow=clippy::bool_assert_comparison -C debug-assertions=on --cfg "feature=\"color\"" --cfg "feature=\"default\"" --cfg "feature=\"diff\"" --cfg "feature=\"float-cmp\"" --cfg "feature=\"normalize-line-endings\"" --cfg "feature=\"regex\"" --check-cfg cfg(docsrs,test) --check-cfg "cfg(feature, values(\"color\", \"default\", \"diff\", \"float-cmp\", \"normalize-line-endings\", \"regex\", \"unstable\"))" -C metadata=8c6c5c213d082118 -C extra-filename=-50942863fbe7cce8 --out-dir C:\workspace\target\debug\deps -L dependency=C:\workspace\target\debug\deps --extern anstyle=C:\workspace\target\debug\deps\libanstyle-a430ef4a1f9ba2db.rmeta --extern difflib=C:\workspace\target\debug\deps\libdifflib-4e90d7aa5e5c4145.rmeta --extern float_cmp=C:\workspace\target\debug\deps\libfloat_cmp-d70213fadadd6137.rmeta --extern normalize_line_endings=C:\workspace\target\debug\deps\libnormalize_line_endings-7005c92fe900a472.rmeta --extern predicates_core=C:\workspace\target\debug\deps\libpredicates_core-fb548af9d6856935.rmeta --extern regex=C:\workspace\target\debug\deps\libregex-5d41e35879635a39.rmeta --cap-lints allow`
[19:17:58]    Compiling getrandom v0.4.2
[19:17:58]      Running `C:\Users\ContainerAdministrator\scoop\persist\rustup\.rustup\toolchains\stable-x86_64-pc-windows-msvc\bin\rustc.exe --crate-name getrandom --edition=2024 C:\Users\ContainerAdministrator\scoop\persist\rustup\.cargo\registry\src\index.crates.io-1949cf8c6b5b557f\getrandom-0.4.2\src\lib.rs --error-format=json --json=diagnostic-rendered-ansi,artifacts,future-incompat --crate-type lib --emit=dep-info,metadata,link -C opt-level=2 -C embed-bitcode=no -C debuginfo=2 --warn=clippy::useless_conversion --warn=unused_lifetimes --warn=clippy::unnecessary_cast --warn=unexpected_cfgs --warn=clippy::ptr_as_ptr --warn=missing_docs --warn=clippy::fn_to_numeric_cast_with_truncation --warn=clippy::fn_to_numeric_cast --warn=clippy::checked_conversions --warn=clippy::char_lit_as_u8 --warn=clippy::cast_sign_loss --warn=clippy::cast_ptr_alignment --warn=clippy::cast_precision_loss --warn=clippy::cast_possible_wrap --warn=clippy::cast_possible_truncation --warn=clippy::cast_lossless --check-cfg "cfg(getrandom_backend, values(\"custom\", \"efi_rng\", \"rdrand\", \"rndr\", \"linux_getrandom\", \"linux_raw\", \"windows_legacy\", \"unsupported\", \"extern_impl\"))" --check-cfg cfg(getrandom_msan) --check-cfg cfg(getrandom_test_linux_fallback) --check-cfg cfg(getrandom_test_linux_without_fallback) --check-cfg cfg(getrandom_test_netbsd_fallback) --check-cfg "cfg(target_os, values(\"cygwin\"))" --check-cfg "cfg(target_os, values(\"motor\"))" -C debug-assertions=on --check-cfg cfg(docsrs,test) --check-cfg "cfg(feature, values(\"std\", \"sys_rng\", \"wasm_js\"))" -C metadata=28b1614f6ca2e8d1 -C extra-filename=-527998c17c0bb8a7 --out-dir C:\workspace\target\debug\deps -L dependency=C:\workspace\target\debug\deps --extern cfg_if=C:\workspace\target\debug\deps\libcfg_if-6eafb3c7b38ef01d.rmeta --cap-lints allow`
[19:17:58]    Compiling bstr v1.12.1
[19:17:58]      Running `C:\Users\ContainerAdministrator\scoop\persist\rustup\.rustup\toolchains\stable-x86_64-pc-windows-msvc\bin\rustc.exe --crate-name bstr --edition=2021 C:\Users\ContainerAdministrator\scoop\persist\rustup\.cargo\registry\src\index.crates.io-1949cf8c6b5b557f\bstr-1.12.1\src\lib.rs --error-format=json --json=diagnostic-rendered-ansi,artifacts,future-incompat --crate-type lib --emit=dep-info,metadata,link -C opt-level=2 -C embed-bitcode=no -C debuginfo=2 -C debug-assertions=on --cfg "feature=\"alloc\"" --cfg "feature=\"default\"" --cfg "feature=\"std\"" --cfg "feature=\"unicode\"" --check-cfg cfg(docsrs,test) --check-cfg "cfg(feature, values(\"alloc\", \"default\", \"serde\", \"std\", \"unicode\"))" -C metadata=d8ef9afd985eeeaf -C extra-filename=-4a9bd463ed6b4884 --out-dir C:\workspace\target\debug\deps -L dependency=C:\workspace\target\debug\deps --extern memchr=C:\workspace\target\debug\deps\libmemchr-f04c0fb69fa91af8.rmeta --extern regex_automata=C:\workspace\target\debug\deps\libregex_automata-b5797fb74852a4ae.rmeta --cap-lints allow`
[19:17:58]    Compiling wait-timeout v0.2.1
[19:17:58]      Running `C:\Users\ContainerAdministrator\scoop\persist\rustup\.rustup\toolchains\stable-x86_64-pc-windows-msvc\bin\rustc.exe --crate-name wait_timeout --edition=2015 C:\Users\ContainerAdministrator\scoop\persist\rustup\.cargo\registry\src\index.crates.io-1949cf8c6b5b557f\wait-timeout-0.2.1\src\lib.rs --error-format=json --json=diagnostic-rendered-ansi,artifacts,future-incompat --crate-type lib --emit=dep-info,metadata,link -C opt-level=2 -C embed-bitcode=no -C debuginfo=2 -C debug-assertions=on --check-cfg cfg(docsrs,test) --check-cfg "cfg(feature, values())" -C metadata=e283a9148ece2a31 -C extra-filename=-2b689d41f6ea1a8b --out-dir C:\workspace\target\debug\deps -L dependency=C:\workspace\target\debug\deps --cap-lints allow`
[19:17:58]    Compiling once_cell v1.21.3
[19:17:58]      Running `C:\Users\ContainerAdministrator\scoop\persist\rustup\.rustup\toolchains\stable-x86_64-pc-windows-msvc\bin\rustc.exe --crate-name once_cell --edition=2021 C:\Users\ContainerAdministrator\scoop\persist\rustup\.cargo\registry\src\index.crates.io-1949cf8c6b5b557f\once_cell-1.21.3\src\lib.rs --error-format=json --json=diagnostic-rendered-ansi,artifacts,future-incompat --crate-type lib --emit=dep-info,metadata,link -C opt-level=2 -C embed-bitcode=no -C debuginfo=2 -C debug-assertions=on --cfg "feature=\"alloc\"" --cfg "feature=\"race\"" --cfg "feature=\"std\"" --check-cfg cfg(docsrs,test) --check-cfg "cfg(feature, values(\"alloc\", \"atomic-polyfill\", \"critical-section\", \"default\", \"parking_lot\", \"portable-atomic\", \"race\", \"std\", \"unstable\"))" -C metadata=6f1399e5ecc5694c -C extra-filename=-53a629bb7c0b39a0 --out-dir C:\workspace\target\debug\deps -L dependency=C:\workspace\target\debug\deps --cap-lints allow`
[19:17:58]    Compiling fastrand v2.3.0
[19:17:58]      Running `C:\Users\ContainerAdministrator\scoop\persist\rustup\.rustup\toolchains\stable-x86_64-pc-windows-msvc\bin\rustc.exe --crate-name fastrand --edition=2018 C:\Users\ContainerAdministrator\scoop\persist\rustup\.cargo\registry\src\index.crates.io-1949cf8c6b5b557f\fastrand-2.3.0\src\lib.rs --error-format=json --json=diagnostic-rendered-ansi,artifacts,future-incompat --crate-type lib --emit=dep-info,metadata,link -C opt-level=2 -C embed-bitcode=no -C debuginfo=2 -C debug-assertions=on --cfg "feature=\"alloc\"" --cfg "feature=\"default\"" --cfg "feature=\"std\"" --check-cfg cfg(docsrs,test) --check-cfg "cfg(feature, values(\"alloc\", \"default\", \"getrandom\", \"js\", \"std\"))" -C metadata=650f800ef55d5d19 -C extra-filename=-5b403fe78d5a4743 --out-dir C:\workspace\target\debug\deps -L dependency=C:\workspace\target\debug\deps --cap-lints allow`
[19:17:58]    Compiling tempfile v3.26.0
[19:17:58]      Running `C:\Users\ContainerAdministrator\scoop\persist\rustup\.rustup\toolchains\stable-x86_64-pc-windows-msvc\bin\rustc.exe --crate-name tempfile --edition=2021 C:\Users\ContainerAdministrator\scoop\persist\rustup\.cargo\registry\src\index.crates.io-1949cf8c6b5b557f\tempfile-3.26.0\src\lib.rs --error-format=json --json=diagnostic-rendered-ansi,artifacts,future-incompat --crate-type lib --emit=dep-info,metadata,link -C opt-level=2 -C embed-bitcode=no -C debuginfo=2 -C debug-assertions=on --cfg "feature=\"default\"" --cfg "feature=\"getrandom\"" --check-cfg cfg(docsrs,test) --check-cfg "cfg(feature, values(\"default\", \"getrandom\", \"nightly\"))" -C metadata=ce2af5c73133efd4 -C extra-filename=-7fc05507cd38cc4f --out-dir C:\workspace\target\debug\deps -L dependency=C:\workspace\target\debug\deps --extern fastrand=C:\workspace\target\debug\deps\libfastrand-5b403fe78d5a4743.rmeta --extern getrandom=C:\workspace\target\debug\deps\libgetrandom-527998c17c0bb8a7.rmeta --extern once_cell=C:\workspace\target\debug\deps\libonce_cell-53a629bb7c0b39a0.rmeta --extern windows_sys=C:\workspace\target\debug\deps\libwindows_sys-7cb23a6b1532496a.rmeta --cap-lints allow`
[19:17:58]    Compiling assert_cmd v2.1.2
[19:17:58]      Running `C:\Users\ContainerAdministrator\scoop\persist\rustup\.rustup\toolchains\stable-x86_64-pc-windows-msvc\bin\rustc.exe --crate-name assert_cmd --edition=2021 C:\Users\ContainerAdministrator\scoop\persist\rustup\.cargo\registry\src\index.crates.io-1949cf8c6b5b557f\assert_cmd-2.1.2\src\lib.rs --error-format=json --json=diagnostic-rendered-ansi,artifacts,future-incompat --crate-type lib --emit=dep-info,metadata,link -C opt-level=2 -C embed-bitcode=no -C debuginfo=2 --warn=rust_2018_idioms --warn=clippy::zero_sized_map_values --warn=clippy::wildcard_imports --warn=clippy::verbose_file_reads --warn=unused_qualifications --warn=unused_macro_rules --warn=unused_lifetimes --warn=unsafe_op_in_unsafe_fn --warn=unreachable_pub --warn=unnameable_types --warn=clippy::uninlined_format_args --warn=clippy::trait_duplication_in_bounds --warn=clippy::todo --warn=clippy::string_to_string --warn=clippy::string_lit_as_bytes --warn=clippy::string_add_assign --warn=clippy::string_add --warn=clippy::str_to_string --warn=clippy::semicolon_if_nothing_returned --warn=clippy::self_named_module_files --warn=clippy::same_functions_in_if_condition --allow=clippy::result_large_err --warn=clippy::rest_pat_in_fully_bound_structs --warn=clippy::ref_option_ref --warn=clippy::redundant_feature_names --warn=clippy::rc_mutex --warn=clippy::ptr_as_ptr --warn=clippy::path_buf_push_overwrite --warn=clippy::negative_feature_names --warn=clippy::needless_for_each --allow=clippy::needless_continue --warn=clippy::mutex_integer --warn=clippy::mem_forget --warn=clippy::macro_use_imports --warn=clippy::lossy_float_literal --warn=clippy::linkedlist --allow=clippy::let_and_return --warn=clippy::large_types_passed_by_value --warn=clippy::large_stack_arrays --warn=clippy::large_digit_groups --warn=clippy::invalid_upcast_comparisons --warn=clippy::infinite_loop --warn=clippy::inefficient_to_string --warn=clippy::inconsistent_struct_constructor --warn=clippy::imprecise_flops --warn=clippy::implicit_clone --allow=clippy::if_same_then_else --warn=clippy::from_iter_instead_of_collect --warn=clippy::fn_params_excessive_bools --warn=clippy::float_cmp_const --warn=clippy::flat_map_option --warn=clippy::filter_map_next --warn=clippy::fallible_impl_from --warn=clippy::explicit_into_iter_loop --warn=clippy::explicit_deref_methods --warn=clippy::expl_impl_clone_on_copy --warn=clippy::enum_glob_use --warn=clippy::empty_enum --warn=clippy::doc_markdown --warn=clippy::debug_assert_with_mut_call --warn=clippy::dbg_macro --warn=clippy::create_dir --allow=clippy::collapsible_else_if --warn=clippy::checked_conversions --allow=clippy::branches_sharing_code --allow=clippy::bool_assert_comparison -C debug-assertions=on --check-cfg cfg(docsrs,test) --check-cfg "cfg(feature, values(\"color\", \"color-auto\"))" -C metadata=dca9934cd1094588 -C extra-filename=-92c988042d787015 --out-dir C:\workspace\target\debug\deps -L dependency=C:\workspace\target\debug\deps --extern anstyle=C:\workspace\target\debug\deps\libanstyle-a430ef4a1f9ba2db.rmeta --extern bstr=C:\workspace\target\debug\deps\libbstr-4a9bd463ed6b4884.rmeta --extern predicates=C:\workspace\target\debug\deps\libpredicates-50942863fbe7cce8.rmeta --extern predicates_core=C:\workspace\target\debug\deps\libpredicates_core-fb548af9d6856935.rmeta --extern predicates_tree=C:\workspace\target\debug\deps\libpredicates_tree-4b4a600a2636b9fb.rmeta --extern wait_timeout=C:\workspace\target\debug\deps\libwait_timeout-2b689d41f6ea1a8b.rmeta --cap-lints allow`
[19:17:58]      Running `C:\Users\ContainerAdministrator\scoop\persist\rustup\.rustup\toolchains\stable-x86_64-pc-windows-msvc\bin\rustc.exe --crate-name kataglyphis_rustprojecttemplate --edition=2024 src\lib.rs --error-format=json --json=diagnostic-rendered-ansi,artifacts,future-incompat --crate-type cdylib --crate-type staticlib --crate-type rlib --emit=dep-info,link -C embed-bitcode=no -C debuginfo=2 --warn=unexpected_cfgs --check-cfg cfg(frb_expand) --check-cfg cfg(onnx) --check-cfg cfg(gui_wgpu_backend) --cfg "feature=\"default\"" --check-cfg cfg(docsrs,test) --check-cfg "cfg(feature, values(\"_gui_wgpu_deps\", \"burn_demos\", \"default\", \"gui\", \"gui_linux\", \"gui_unix\", \"gui_wgpu\", \"gui_windows\", \"onnx_tract\", \"onnxruntime\", \"onnxruntime_cuda\", \"onnxruntime_directml\", \"with_cxxbridge\"))" -C metadata=180a1c2e2252d740 --out-dir C:\workspace\target\debug\deps -C incremental=C:\workspace\target\debug\incremental -L dependency=C:\workspace\target\debug\deps --extern anyhow=C:\workspace\target\debug\deps\libanyhow-8225cbef6f33b86e.rlib --extern chrono=C:\workspace\target\debug\deps\libchrono-3634fa5ee53cab45.rlib --extern clap=C:\workspace\target\debug\deps\libclap-ba02773b51633081.rlib --extern cxx=C:\workspace\target\debug\deps\libcxx-bb10c2d745c2fe85.rlib --extern env_logger=C:\workspace\target\debug\deps\libenv_logger-db953fc2ca0de25f.rlib --extern flutter_rust_bridge=C:\workspace\target\debug\deps\libflutter_rust_bridge-4215f22e7381a99e.rlib --extern log=C:\workspace\target\debug\deps\liblog-594a8023f002d901.rlib --extern serde=C:\workspace\target\debug\deps\libserde-8182bb3d4a437e42.rlib --extern sysinfo=C:\workspace\target\debug\deps\libsysinfo-5e7862ffd97e04f3.rlib --extern tokio=C:\workspace\target\debug\deps\libtokio-6a2927063bffc7d7.rlib --extern wmi=C:\workspace\target\debug\deps\libwmi-02d56bb04c483182.rlib -L native=C:\workspace\target\debug\build\kataglyphis_rustprojecttemplate-63295a481df02359\out -L native=C:\workspace\target\debug\build\cxx-0b56f4377e6ce5a2\out -L native=C:\workspace\target\debug\build\link-cplusplus-7d8ee91791c1dd4c\out -L native=C:\workspace\target\debug\build\dart-sys-c3d24d043b7b558c\out -l static=kataglyphis_cxx`
[19:17:58] error[E0425]: cannot find function `rusty_cxxbridge_integer` in module `super`
[19:17:58]   --> src\lib.rs:7:12
[19:17:58]    |
[19:17:58]  7 |         fn rusty_cxxbridge_integer() -> i32;
[19:17:58]    |            ^^^^^^^^^^^^^^^^^^^^^^^
[19:17:58] ...
[19:17:58] 54 | pub extern "C" fn rusty_extern_c_integer() -> i32 {
[19:17:58]    | ------------------------------------------------- similarly named function `rusty_extern_c_integer` defined here
[19:17:58]    |
[19:17:58] note: found an item that was configured out
[19:17:58]   --> src\lib.rs:38:8
[19:17:58]    |
[19:17:58] 37 | #[cfg(all(feature = "with_cxxbridge", not(target_arch = "wasm32")))]
[19:17:58]    |           -------------------------- the item is gated behind the `with_cxxbridge` feature
[19:17:58] 38 | pub fn rusty_cxxbridge_integer() -> i32 {
[19:17:58]    |        ^^^^^^^^^^^^^^^^^^^^^^^
[19:17:58] note: found an item that was configured out
[19:17:58]   --> src\lib.rs:44:8
[19:17:58]    |
[19:17:58] 43 | #[cfg(target_arch = "wasm32")]
[19:17:58]    |       ---------------------- the item is gated behind the `wasm32` feature
[19:17:58] 44 | pub fn rusty_cxxbridge_integer() -> i32 {
[19:17:58]    |        ^^^^^^^^^^^^^^^^^^^^^^^
[19:17:58] help: a function with a similar name exists
[19:17:58]    |
[19:17:58]  7 -         fn rusty_cxxbridge_integer() -> i32;
[19:17:58]  7 +         fn rusty_extern_c_integer() -> i32;
[19:17:58]    |
[19:17:58] For more information about this error, try `rustc --explain E0425`.
[19:17:58] error: could not compile `kataglyphis_rustprojecttemplate` (lib) due to 1 previous error
[19:17:58] Caused by:
[19:17:58]   process didn't exit successfully: `C:\Users\ContainerAdministrator\scoop\persist\rustup\.rustup\toolchains\stable-x86_64-pc-windows-msvc\bin\rustc.exe --crate-name kataglyphis_rustprojecttemplate --edition=2024 src\lib.rs --error-format=json --json=diagnostic-rendered-ansi,artifacts,future-incompat --crate-type cdylib --crate-type staticlib --crate-type rlib --emit=dep-info,link -C embed-bitcode=no -C debuginfo=2 --warn=unexpected_cfgs --check-cfg cfg(frb_expand) --check-cfg cfg(onnx) --check-cfg cfg(gui_wgpu_backend) --cfg "feature=\"default\"" --check-cfg cfg(docsrs,test) --check-cfg "cfg(feature, values(\"_gui_wgpu_deps\", \"burn_demos\", \"default\", \"gui\", \"gui_linux\", \"gui_unix\", \"gui_wgpu\", \"gui_windows\", \"onnx_tract\", \"onnxruntime\", \"onnxruntime_cuda\", \"onnxruntime_directml\", \"with_cxxbridge\"))" -C metadata=180a1c2e2252d740 --out-dir C:\workspace\target\debug\deps -C incremental=C:\workspace\target\debug\incremental -L dependency=C:\workspace\target\debug\deps --extern anyhow=C:\workspace\target\debug\deps\libanyhow-8225cbef6f33b86e.rlib --extern chrono=C:\workspace\target\debug\deps\libchrono-3634fa5ee53cab45.rlib --extern clap=C:\workspace\target\debug\deps\libclap-ba02773b51633081.rlib --extern cxx=C:\workspace\target\debug\deps\libcxx-bb10c2d745c2fe85.rlib --extern env_logger=C:\workspace\target\debug\deps\libenv_logger-db953fc2ca0de25f.rlib --extern flutter_rust_bridge=C:\workspace\target\debug\deps\libflutter_rust_bridge-4215f22e7381a99e.rlib --extern log=C:\workspace\target\debug\deps\liblog-594a8023f002d901.rlib --extern serde=C:\workspace\target\debug\deps\libserde-8182bb3d4a437e42.rlib --extern sysinfo=C:\workspace\target\debug\deps\libsysinfo-5e7862ffd97e04f3.rlib --extern tokio=C:\workspace\target\debug\deps\libtokio-6a2927063bffc7d7.rlib --extern wmi=C:\workspace\target\debug\deps\libwmi-02d56bb04c483182.rlib -L native=C:\workspace\target\debug\build\kataglyphis_rustprojecttemplate-63295a481df02359\out -L native=C:\workspace\target\debug\build\cxx-0b56f4377e6ce5a2\out -L native=C:\workspace\target\debug\build\link-cplusplus-7d8ee91791c1dd4c\out -L native=C:\workspace\target\debug\build\dart-sys-c3d24d043b7b558c\out -l static=kataglyphis_cxx` (exit code: 1)
[19:17:58] warning: build failed, waiting for other jobs to finish...
[19:17:58] ERROR: <<< FAILED: Unit Tests (Duration: 18:44.109)
[19:17:58] ERROR:     Error: Command failed with exit code 101: cargo test --all --verbose
[19:17:58]     Stack: at Invoke-BuildExternal, C:\workspace\third_party\ANTfrastructure\windows\scripts\modules\WindowsBuild.Common.psm1: line 171
at <ScriptBlock>, C:\workspace\Scripts\Windows\Build-Windows.ps1: line 178
at Invoke-BuildStep, C:\workspace\third_party\ANTfrastructure\windows\scripts\modules\WindowsBuild.Common.psm1: line 220
at <ScriptBlock>, C:\workspace\Scripts\Windows\Build-Windows.ps1: line 177

[19:17:58] ============================================================
[19:17:58] === BUILD PIPELINE SUMMARY ===
[19:17:58] ============================================================

[19:17:58] SUCCESS: SUCCEEDED (4):
[19:17:58] SUCCESS:   [OK] Verify Toolchain
[19:17:58] SUCCESS:   [OK] Security Checks (audit & deny)
[19:17:58] SUCCESS:   [OK] Format Check
[19:17:58] SUCCESS:   [OK] Linting (cargo clippy)

[19:17:58] ERROR: FAILED (1):
[19:17:58] ERROR:   [X] Unit Tests
[19:17:58] ERROR:       Error: Command failed with exit code 101: cargo test --all --verbose

[19:17:58] Total: 5 steps, 4 succeeded, 1 failed (80% success rate)

[19:17:58] ============================================================
[19:17:58] ERROR: === ERROR DETAILS ===
[19:17:58] ============================================================

[19:17:58] ERROR: [1/1] Unit Tests
[19:17:58] ERROR:     Command failed with exit code 101: cargo test --all --verbose

[19:17:58] Full log available at: C:\workspace\logs\windows\build-windows-20260328-170721.log
[19:17:58] WARNING: Pipeline completed with errors!
[19:17:58] Machine-readable summary available at: C:\workspace\logs\windows\build-summary-20260328-170721.json
