[19:34:49] Workspace: C:\workspace
[19:34:49] Binary: kataglyphis_rustprojecttemplate
[19:34:49] MSIX: Kataglyphis.RustProjectTemplate

[19:34:49] >>> Starting: Verify Toolchain
[19:34:49] ============================================================
[19:34:49] CMD: rustup --version
[19:34:50] rustup 1.29.0 (28d1352db 2026-03-05)
[19:34:50] info: This is the version for the rustup toolchain manager, not the rustc compiler.
[19:34:50] info: the currently active `rustc` version is `rustc 1.94.1 (e408947bf 2026-03-25)`
[19:34:50] CMD: cargo --version
[19:34:51] cargo 1.94.1 (29ea6fb6a 2026-03-24)
[19:34:51] SUCCESS: <<< Completed: Verify Toolchain (Duration: 00:02.129)

[19:34:51] >>> Starting: Security Checks (audit & deny)
[19:34:51] ============================================================
[19:34:51] CMD: cargo install --locked cargo-audit cargo-deny
[20:01:29]     Updating crates.io index
[20:01:29]  Downloading crates ...
[20:01:29]   Downloaded cargo-audit v0.22.1
[20:01:29]     Updating crates.io index
[20:01:29]  Downloading crates ...
[20:01:29]   Downloaded cargo-deny v0.19.0
[20:01:29]   Installing cargo-audit v0.22.1
[20:01:29]     Updating crates.io index
[20:01:29]     Updating crates.io index
[20:01:29]  Downloading crates ...
[20:01:29]   Downloaded anstyle-wincon v3.0.11
[20:01:29]   Downloaded auditable-extract v0.3.5
[20:01:29]   Downloaded arrayvec v0.7.6
[20:01:29]   Downloaded auditable-info v0.10.0
[20:01:29]   Downloaded jiff-tzdb-platform v0.1.3
[20:01:29]   Downloaded compression-core v0.4.31
[20:01:29]   Downloaded pin-project-lite v0.2.16
[20:01:29]   Downloaded gix-sec v0.13.0
[20:01:29]   Downloaded gix-ignore v0.19.0
[20:01:29]   Downloaded is_terminal_polyfill v1.70.2
[20:01:29]   Downloaded futures-core v0.3.31
[20:01:29]   Downloaded futures-task v0.3.31
[20:01:29]   Downloaded indenter v0.3.4
[20:01:29]   Downloaded percent-encoding v2.3.2
[20:01:29]   Downloaded quitters v0.1.0
[20:01:29]   Downloaded io-close v0.3.7
[20:01:29]   Downloaded lazy_static v1.5.0
[20:01:29]   Downloaded potential_utf v0.1.4
[20:01:29]   Downloaded pin-utils v0.1.0
[20:01:29]   Downloaded mime v0.3.17
[20:01:29]   Downloaded itoa v1.0.17
[20:01:29]   Downloaded nu-ansi-term v0.50.3
[20:01:29]   Downloaded gix-credentials v0.35.0
[20:01:29]   Downloaded shell-words v1.1.1
[20:01:29]   Downloaded gix-worktree-state v0.25.0
[20:01:29]   Downloaded secrecy v0.10.3
[20:01:29]   Downloaded sha1 v0.10.6
[20:01:29]   Downloaded rustc-demangle v0.1.27
[20:01:29]   Downloaded serde_spanned v1.0.4
[20:01:29]   Downloaded stable_deref_trait v1.2.1
[20:01:29]   Downloaded gix-index v0.46.0
[20:01:29]   Downloaded try-lock v0.2.5
[20:01:29]   Downloaded parking_lot v0.12.5
[20:01:29]   Downloaded tower-layer v0.3.3
[20:01:29]   Downloaded rustc-stable-hash v0.1.2
[20:01:29]   Downloaded untrusted v0.9.0
[20:01:29]   Downloaded toml_datetime v0.7.5+spec-1.1.0
[20:01:29]   Downloaded windows-link v0.2.1
[20:01:29]   Downloaded shlex v1.3.0
[20:01:29]   Downloaded proc-macro2 v1.0.106
[20:01:29]   Downloaded windows-targets v0.53.5
[20:01:29]   Downloaded heapless v0.8.0
[20:01:29]   Downloaded zerofrom-derive v0.1.6
[20:01:29]   Downloaded yoke-derive v0.8.1
[20:01:29]   Downloaded rustls-pki-types v1.14.0
[20:01:29]   Downloaded zeroize v1.8.2
[20:01:29]   Downloaded zerovec-derive v0.11.2
[20:01:29]   Downloaded tracing-core v0.1.36
[20:01:29]   Downloaded walkdir v2.5.0
[20:01:29]   Downloaded tempfile v3.24.0
[20:01:29]   Downloaded yoke v0.8.1
[20:01:29]   Downloaded indexmap v2.13.0
[20:01:29]   Downloaded zmij v1.0.19
[20:01:29]   Downloaded socket2 v0.6.2
[20:01:29]   Downloaded tinyvec v1.10.0
[20:01:29]   Downloaded tower v0.5.3
[20:01:29]   Downloaded icu_properties_data v2.1.2
[20:01:29]   Downloaded zerovec v0.11.5
[20:01:29]   Downloaded url v2.5.8
[20:01:29]   Downloaded winnow v0.7.14
[20:01:29]   Downloaded tokio-util v0.7.18
[20:01:29]   Downloaded regex v1.12.3
[20:01:29]   Downloaded serde_json v1.0.149
[20:01:29]   Downloaded rayon v1.11.0
[20:01:29]   Downloaded aws-lc-rs v1.15.4
[20:01:29]   Downloaded reqwest v0.13.1
[20:01:29]   Downloaded time v0.3.45
[20:01:29]   Downloaded zlib-rs v0.5.5
[20:01:29]   Downloaded wasmparser v0.207.0
[20:01:29]   Downloaded gix v0.78.0
[20:01:29]   Downloaded tracing-subscriber v0.3.22
[20:01:29]   Downloaded zerocopy v0.8.38
[20:01:29]   Downloaded bstr v1.12.1
[20:01:29]   Downloaded syn v2.0.114
[20:01:29]   Downloaded rustls v0.23.36
[20:01:29]   Downloaded regex-syntax v0.8.9
[20:01:29]   Downloaded futures-util v0.3.31
[20:01:29]   Downloaded clap_builder v4.5.57
[20:01:29]   Downloaded aho-corasick v1.1.4
[20:01:29]   Downloaded quinn-proto v0.11.13
[20:01:29]   Downloaded tracing v0.1.44
[20:01:29]   Downloaded regex-automata v0.4.14
[20:01:29]   Downloaded tame-index v0.26.0
[20:01:29]   Downloaded rustsec v0.32.0
[20:01:29]   Downloaded h2 v0.4.13
[20:01:29]   Downloaded unicode-normalization v0.1.25
[20:01:29]   Downloaded tower-http v0.6.8
[20:01:29]   Downloaded rustls-webpki v0.103.9
[20:01:29]   Downloaded color-eyre v0.6.5
[20:01:29]   Downloaded petgraph v0.8.3
[20:01:29]   Downloaded libc v0.2.180
[20:01:29]   Downloaded rand v0.9.2
[20:01:29]   Downloaded jiff v0.2.18
[20:01:29]   Downloaded idna v1.1.0
[20:01:29]   Downloaded crossbeam-channel v0.5.15
[20:01:29]   Downloaded hyper v1.8.1
[20:01:29]   Downloaded sha1-checked v0.10.0
[20:01:29]   Downloaded hashbrown v0.15.5
[20:01:29]   Downloaded tokio v1.49.0
[20:01:29]   Downloaded flate2 v1.1.9
[20:01:29]   Downloaded windows_x86_64_msvc v0.52.6
[20:01:29]   Downloaded windows_x86_64_msvc v0.53.1
[20:01:29]   Downloaded hashbrown v0.16.1
[20:01:29]   Downloaded rustls-platform-verifier v0.6.2
[20:01:29]   Downloaded iri-string v0.7.10
[20:01:29]   Downloaded cc v1.2.55
[20:01:29]   Downloaded bytes v1.11.1
[20:01:29]   Downloaded borsh v1.6.0
[20:01:29]   Downloaded base64 v0.22.1
[20:01:29]   Downloaded zerotrie v0.2.3
[20:01:29]   Downloaded typenum v1.19.0
[20:01:29]   Downloaded sharded-slab v0.1.7
[20:01:29]   Downloaded rayon-core v1.13.0
[20:01:29]   Downloaded mio v1.1.1
[20:01:29]   Downloaded async-compression v0.4.37
[20:01:29]   Downloaded http v1.4.0
[20:01:29]   Downloaded gix-pack v0.65.0
[20:01:29]   Downloaded winapi v0.3.9
[20:01:29]   Downloaded toml_writer v1.0.6+spec-1.1.0
[20:01:29]   Downloaded hyper-util v0.1.20
[20:01:29]   Downloaded serde v1.0.228
[20:01:29]   Downloaded memchr v2.7.6
[20:01:29]   Downloaded prodash v31.0.0
[20:01:29]   Downloaded jiff-static v0.2.18
[20:01:29]   Downloaded icu_collections v2.1.1
[20:01:29]   Downloaded gix-config v0.51.0
[20:01:29]   Downloaded toml v0.9.11+spec-1.1.0
[20:01:29]   Downloaded serde_derive v1.0.228
[20:01:29]   Downloaded unicode-ident v1.0.22
[20:01:29]   Downloaded encoding_rs v0.8.35
[20:01:29]   Downloaded writeable v0.6.2
[20:01:29]   Downloaded twox-hash v2.1.2
[20:01:29]   Downloaded quinn v0.11.9
[20:01:29]   Downloaded miniz_oxide v0.8.9
[20:01:29]   Downloaded icu_properties v2.1.2
[20:01:29]   Downloaded ring v0.17.14
[20:01:29]   Downloaded icu_normalizer_data v2.1.1
[20:01:29]   Downloaded gix-ref v0.58.0
[20:01:29]   Downloaded backtrace v0.3.76
[20:01:29]   Downloaded arc-swap v1.8.1
[20:01:29]   Downloaded tracing-attributes v0.1.31
[20:01:29]   Downloaded zerofrom v0.1.6
[20:01:29]   Downloaded toml_parser v1.0.6+spec-1.1.0
[20:01:29]   Downloaded toml-span v0.6.0
[20:01:29]   Downloaded tokio-rustls v0.26.4
[20:01:29]   Downloaded tinystr v0.8.2
[20:01:29]   Downloaded time-macros v0.2.25
[20:01:29]   Downloaded thread_local v1.1.9
[20:01:29]   Downloaded thiserror-impl v2.0.18
[20:01:29]   Downloaded thiserror v2.0.18
[20:01:29]   Downloaded termcolor v1.4.1
[20:01:29]   Downloaded serde_core v1.0.228
[20:01:29]   Downloaded icu_normalizer v2.1.1
[20:01:29]   Downloaded gix-protocol v0.56.0
[20:01:29]   Downloaded windows-targets v0.52.6
[20:01:29]   Downloaded want v0.3.1
[20:01:29]   Downloaded wait-timeout v0.2.1
[20:01:29]   Downloaded utf8parse v0.2.2
[20:01:29]   Downloaded synstructure v0.13.2
[20:01:29]   Downloaded static_assertions v1.1.0
[20:01:29]   Downloaded smallvec v1.15.1
[20:01:29]   Downloaded icu_provider v2.1.1
[20:01:29]   Downloaded icu_locale_core v2.1.1
[20:01:29]   Downloaded jiff-tzdb v0.1.5
[20:01:29]   Downloaded gix-features v0.46.0
[20:01:29]   Downloaded gix-diff v0.58.0
[20:01:29]   Downloaded getrandom v0.3.4
[20:01:29]   Downloaded getrandom v0.2.17
[20:01:29]   Downloaded clap v4.5.57
[20:01:29]   Downloaded winapi-util v0.1.11
[20:01:29]   Downloaded version_check v0.9.5
[20:01:29]   Downloaded utf8_iter v1.0.4
[20:01:29]   Downloaded tracing-log v0.2.0
[20:01:29]   Downloaded simd-adler32 v0.3.8
[20:01:29]   Downloaded unicode-bom v2.0.3
[20:01:29]   Downloaded uluru v3.1.0
[20:01:29]   Downloaded tower-service v0.3.3
[20:01:29]   Downloaded semver v1.0.27
[20:01:29]   Downloaded rustversion v1.0.22
[20:01:29]   Downloaded owo-colors v4.2.3
[20:01:29]   Downloaded log v0.4.29
[20:01:29]   Downloaded gix-transport v0.53.0
[20:01:29]   Downloaded windows-sys v0.59.0
[20:01:29]   Downloaded eyre v0.6.12
[20:01:29]   Downloaded allocator-api2 v0.2.21
[20:01:29]   Downloaded time-core v0.1.7
[20:01:29]   Downloaded smol_str v0.3.2
[20:01:29]   Downloaded hyper-rustls v0.27.7
[20:01:29]   Downloaded gix-path v0.11.0
[20:01:29]   Downloaded windows-sys v0.61.2
[20:01:29]   Downloaded cvss v2.2.0
[20:01:29]   Downloaded crossbeam-utils v0.8.21
[20:01:29]   Downloaded windows-sys v0.60.2
[20:01:29]   Downloaded topological-sort v0.2.2
[20:01:29]   Downloaded tinyvec_macros v0.1.1
[20:01:29]   Downloaded sync_wrapper v1.0.2
[20:01:29]   Downloaded windows-sys v0.52.0
[20:01:29]   Downloaded subtle v2.6.1
[20:01:29]   Downloaded strsim v0.11.1
[20:01:29]   Downloaded slab v0.4.12
[20:01:29]   Downloaded ppv-lite86 v0.2.21
[20:01:29]   Downloaded platforms v3.8.0
[20:01:29]   Downloaded parking_lot_core v0.9.12
[20:01:29]   Downloaded litemap v0.8.1
[20:01:29]   Downloaded ipnet v2.11.0
[20:01:29]   Downloaded httparse v1.10.1
[20:01:29]   Downloaded gix-filter v0.25.0
[20:01:29]   Downloaded either v1.15.0
[20:01:29]   Downloaded clru v0.6.2
[20:01:29]   Downloaded clap_derive v4.5.55
[20:01:29]   Downloaded camino v1.2.2
[20:01:29]   Downloaded quinn-udp v0.5.14
[20:01:29]   Downloaded once_cell v1.21.3
[20:01:29]   Downloaded memmap2 v0.9.9
[20:01:29]   Downloaded gix-submodule v0.25.0
[20:01:29]   Downloaded rand_core v0.9.5
[20:01:29]   Downloaded rand_chacha v0.9.0
[20:01:29]   Downloaded quote v1.0.44
[20:01:29]   Downloaded kstring v2.0.2
[20:01:29]   Downloaded jobserver v0.1.34
[20:01:29]   Downloaded gix-worktree v0.47.0
[20:01:29]   Downloaded rustc-hash v2.1.1
[20:01:29]   Downloaded maybe-async v0.2.10
[20:01:29]   Downloaded lock_api v0.4.14
[20:01:29]   Downloaded gix-packetline v0.21.0
[20:01:29]   Downloaded crossbeam-epoch v0.9.18
[20:01:29]   Downloaded gix-url v0.35.0
[20:01:29]   Downloaded gix-tempfile v21.0.0
[20:01:29]   Downloaded gix-revwalk v0.26.0
[20:01:29]   Downloaded gix-pathspec v0.15.0
[20:01:29]   Downloaded gix-negotiate v0.26.0
[20:01:29]   Downloaded gix-hash v0.22.0
[20:01:29]   Downloaded gix-commitgraph v0.32.0
[20:01:29]   Downloaded filetime v0.2.27
[20:01:29]   Downloaded scopeguard v1.2.0
[20:01:29]   Downloaded same-file v1.0.6
[20:01:29]   Downloaded heck v0.5.0
[20:01:29]   Downloaded futures-channel v0.3.31
[20:01:29]   Downloaded foldhash v0.2.0
[20:01:29]   Downloaded find-msvc-tools v0.1.9
[20:01:29]   Downloaded displaydoc v0.2.5
[20:01:29]   Downloaded crc32fast v1.5.0
[20:01:29]   Downloaded http-body-util v0.1.3
[20:01:29]   Downloaded gix-revision v0.40.0
[20:01:29]   Downloaded gix-attributes v0.30.0
[20:01:29]   Downloaded fs-err v3.2.2
[20:01:29]   Downloaded foldhash v0.1.5
[20:01:29]   Downloaded bitflags v2.10.0
[20:01:29]   Downloaded gix-fs v0.19.0
[20:01:29]   Downloaded compression-codecs v0.4.36
[20:01:29]   Downloaded num-conv v0.1.0
[20:01:29]   Downloaded lru-slab v0.1.2
[20:01:29]   Downloaded hash32 v0.3.1
[20:01:29]   Downloaded gix-quote v0.6.1
[20:01:29]   Downloaded once_cell_polyfill v1.70.2
[20:01:29]   Downloaded cargo-lock v11.0.1
[20:01:29]   Downloaded http-body v1.0.1
[20:01:29]   Downloaded gix-trace v0.1.17
[20:01:29]   Downloaded gix-discover v0.46.0
[20:01:29]   Downloaded fs_extra v1.3.0
[20:01:29]   Downloaded cmake v0.1.57
[20:01:29]   Downloaded powerfmt v0.2.0
[20:01:29]   Downloaded matchers v0.2.0
[20:01:29]   Downloaded gix-validate v0.11.0
[20:01:29]   Downloaded idna_adapter v1.2.1
[20:01:29]   Downloaded ident_case v1.0.1
[20:01:29]   Downloaded home v0.5.11
[20:01:29]   Downloaded gix-traverse v0.52.0
[20:01:29]   Downloaded gix-refspec v0.36.0
[20:01:29]   Downloaded gix-prompt v0.13.0
[20:01:29]   Downloaded gix-lock v21.0.0
[20:01:29]   Downloaded gix-date v0.13.0
[20:01:29]   Downloaded gix-chunk v0.5.0
[20:01:29]   Downloaded digest v0.10.7
[20:01:29]   Downloaded deranged v0.5.5
[20:01:29]   Downloaded crossbeam-deque v0.8.6
[20:01:29]   Downloaded byteorder v1.5.0
[20:01:29]   Downloaded anstyle v1.0.13
[20:01:29]   Downloaded anstream v0.6.21
[20:01:29]   Downloaded gix-hashtable v0.12.0
[20:01:29]   Downloaded gix-bitmap v0.2.15
[20:01:29]   Downloaded form_urlencoded v1.2.2
[20:01:29]   Downloaded fnv v1.0.7
[20:01:29]   Downloaded equivalent v1.0.2
[20:01:29]   Downloaded display-error-chain v0.2.2
[20:01:29]   Downloaded cpufeatures v0.2.17
[20:01:29]   Downloaded faster-hex v0.10.0
[20:01:29]   Downloaded gix-utils v0.3.1
[20:01:29]   Downloaded gix-shallow v0.8.0
[20:01:29]   Downloaded gix-odb v0.75.0
[20:01:29]   Downloaded futures-sink v0.3.31
[20:01:29]   Downloaded gix-error v0.0.0
[20:01:29]   Downloaded fixedbitset v0.5.7
[20:01:29]   Downloaded block-buffer v0.10.4
[20:01:29]   Downloaded binfarce v0.2.1
[20:01:29]   Downloaded abscissa_core v0.9.0
[20:01:29]   Downloaded gix-object v0.55.0
[20:01:29]   Downloaded gix-glob v0.24.0
[20:01:29]   Downloaded gix-config-value v0.17.0
[20:01:29]   Downloaded gix-command v0.7.0
[20:01:29]   Downloaded gix-actor v0.38.0
[20:01:29]   Downloaded generic-array v0.14.7
[20:01:29]   Downloaded futures-io v0.3.31
[20:01:29]   Downloaded fastrand v2.3.0
[20:01:29]   Downloaded dunce v1.0.5
[20:01:29]   Downloaded colorchoice v1.0.4
[20:01:29]   Downloaded clap_lex v0.7.7
[20:01:29]   Downloaded cfg_aliases v0.2.1
[20:01:29]   Downloaded cfg-if v1.0.4
[20:01:29]   Downloaded canonical-path v2.0.2
[20:01:29]   Downloaded autocfg v1.5.0
[20:01:29]   Downloaded anstyle-parse v0.2.7
[20:01:29]   Downloaded crypto-common v0.1.7
[20:01:29]   Downloaded auditable-serde v0.9.0
[20:01:29]   Downloaded adler2 v2.0.1
[20:01:29]   Downloaded abscissa_derive v0.9.0
[20:01:29]   Downloaded atomic-waker v1.1.2
[20:01:29]   Downloaded anstyle-query v1.1.5
[20:01:29]   Downloaded aws-lc-sys v0.37.0
[20:01:29]    Compiling proc-macro2 v1.0.106
[20:01:29]    Compiling quote v1.0.44
[20:01:29]    Compiling unicode-ident v1.0.22
[20:01:29]    Compiling memchr v2.7.6
[20:01:29]    Compiling syn v2.0.114
[20:01:29]    Compiling windows-link v0.2.1
[20:01:29]    Compiling aho-corasick v1.1.4
[20:01:29]    Compiling regex-syntax v0.8.9
[20:01:29]    Compiling cfg-if v1.0.4
[20:01:29]    Compiling windows_x86_64_msvc v0.52.6
[20:01:29]    Compiling regex-automata v0.4.14
[20:01:29]    Compiling smallvec v1.15.1
[20:01:29]    Compiling windows-targets v0.52.6
[20:01:29]    Compiling once_cell v1.21.3
[20:01:29]    Compiling bytes v1.11.1
[20:01:29]    Compiling bstr v1.12.1
[20:01:29]    Compiling thiserror v2.0.18
[20:01:29]    Compiling windows-sys v0.52.0
[20:01:29]    Compiling thiserror-impl v2.0.18
[20:01:29]    Compiling stable_deref_trait v1.2.1
[20:01:29]    Compiling tinyvec_macros v0.1.1
[20:01:29]    Compiling crossbeam-utils v0.8.21
[20:01:29]    Compiling crc32fast v1.5.0
[20:01:29]    Compiling gix-trace v0.1.17
[20:01:29]    Compiling tinyvec v1.10.0
[20:01:29]    Compiling gix-validate v0.11.0
[20:01:29]    Compiling fastrand v2.3.0
[20:01:29]    Compiling gix-path v0.11.0
[20:01:29]    Compiling unicode-normalization v0.1.25
[20:01:29]    Compiling gix-utils v0.3.1
[20:01:29]    Compiling itoa v1.0.17
[20:01:29]    Compiling winapi-util v0.1.11
[20:01:29]    Compiling parking_lot_core v0.9.12
[20:01:29]    Compiling scopeguard v1.2.0
[20:01:29]    Compiling lock_api v0.4.14
[20:01:29]    Compiling parking_lot v0.12.5
[20:01:29]    Compiling same-file v1.0.6
[20:01:29]    Compiling crossbeam-channel v0.5.15
[20:01:29]    Compiling prodash v31.0.0
[20:01:29]    Compiling walkdir v2.5.0
[20:01:29]    Compiling zlib-rs v0.5.5
[20:01:29]    Compiling allocator-api2 v0.2.21
[20:01:29]    Compiling equivalent v1.0.2
[20:01:29]    Compiling version_check v0.9.5
[20:01:29]    Compiling typenum v1.19.0
[20:01:29]    Compiling foldhash v0.2.0
[20:01:29]    Compiling gix-features v0.46.0
[20:01:29]    Compiling hashbrown v0.16.1
[20:01:29]    Compiling generic-array v0.14.7
[20:01:29]    Compiling heapless v0.8.0
[20:01:29]    Compiling bitflags v2.10.0
[20:01:29]    Compiling byteorder v1.5.0
[20:01:29]    Compiling block-buffer v0.10.4
[20:01:29]    Compiling hash32 v0.3.1
[20:01:29]    Compiling crypto-common v0.1.7
[20:01:29]    Compiling windows_x86_64_msvc v0.53.1
[20:01:29]    Compiling digest v0.10.7
[20:01:29]    Compiling gix-error v0.0.0
[20:01:29]    Compiling faster-hex v0.10.0
[20:01:29]    Compiling serde_core v1.0.228
[20:01:29]    Compiling cpufeatures v0.2.17
[20:01:29]    Compiling jiff-tzdb v0.1.5
[20:01:29]    Compiling jiff-tzdb-platform v0.1.3
[20:01:29]    Compiling sha1 v0.10.6
[20:01:30]    Compiling synstructure v0.13.2
[20:01:30]    Compiling winnow v0.7.14
[20:01:30]    Compiling sha1-checked v0.10.0
[20:01:30]    Compiling windows-targets v0.53.5
[20:01:30]    Compiling jiff v0.2.18
[20:01:30]    Compiling windows-sys v0.60.2
[20:01:30]    Compiling gix-date v0.13.0
[20:01:30]    Compiling gix-hash v0.22.0
[20:01:30]    Compiling windows-sys v0.61.2
[20:01:30]    Compiling getrandom v0.3.4
[20:01:30]    Compiling zerofrom-derive v0.1.6
[20:01:30]    Compiling pin-project-lite v0.2.16
[20:01:30]    Compiling zerofrom v0.1.6
[20:01:30]    Compiling gix-hashtable v0.12.0
[20:01:30]    Compiling gix-actor v0.38.0
[20:01:30]    Compiling yoke-derive v0.8.1
[20:01:30]    Compiling yoke v0.8.1
[20:01:30]    Compiling gix-object v0.55.0
[20:01:30]    Compiling jobserver v0.1.34
[20:01:30]    Compiling find-msvc-tools v0.1.9
[20:01:30]    Compiling shlex v1.3.0
[20:01:30]    Compiling cc v1.2.55
[20:01:30]    Compiling zerovec-derive v0.11.2
[20:01:30]    Compiling memmap2 v0.9.9
[20:01:30]    Compiling zerovec v0.11.5
[20:01:30]    Compiling cmake v0.1.57
[20:01:30]    Compiling displaydoc v0.2.5
[20:01:30]    Compiling futures-core v0.3.31
[20:01:30]    Compiling dunce v1.0.5
[20:01:30]    Compiling fs_extra v1.3.0
[20:01:30]    Compiling serde v1.0.228
[20:01:30]    Compiling aws-lc-sys v0.37.0
[20:01:30]    Compiling mio v1.1.1
[20:01:30]    Compiling socket2 v0.6.2
[20:01:30]    Compiling serde_derive v1.0.228
[20:01:30]    Compiling tokio v1.49.0
[20:01:30]    Compiling tempfile v3.24.0
[20:01:30]    Compiling gix-chunk v0.5.0
[20:01:30]    Compiling gix-fs v0.19.0
[20:01:30]    Compiling futures-sink v0.3.31
[20:01:30]    Compiling zeroize v1.8.2
[20:01:30]    Compiling gix-tempfile v21.0.0
[20:01:30]    Compiling tinystr v0.8.2
[20:01:30]    Compiling gix-quote v0.6.1
[20:01:30]    Compiling tracing-core v0.1.36
[20:01:30]    Compiling aws-lc-rs v1.15.4
[20:01:30]    Compiling writeable v0.6.2
[20:01:30]    Compiling litemap v0.8.1
[20:01:30]    Compiling percent-encoding v2.3.2
[20:01:30]    Compiling icu_locale_core v2.1.1
[20:01:30]    Compiling zerotrie v0.2.3
[20:01:30]    Compiling potential_utf v0.1.4
[20:01:30]    Compiling http v1.4.0
[20:01:30]    Compiling tracing-attributes v0.1.31
[20:01:30]    Compiling fnv v1.0.7
[20:01:30]    Compiling icu_normalizer_data v2.1.1
[20:01:30]    Compiling icu_properties_data v2.1.2
[20:01:30]    Compiling slab v0.4.12
[20:01:30]    Compiling tracing v0.1.44
[20:01:30]    Compiling icu_collections v2.1.1
[20:01:30]    Compiling icu_provider v2.1.1
[20:01:30]    Compiling gix-commitgraph v0.32.0
[20:01:30]    Compiling gix-glob v0.24.0
[20:01:30]    Compiling indexmap v2.13.0
[20:01:30]    Compiling adler2 v2.0.1
[20:01:30]    Compiling pin-utils v0.1.0
[20:01:30]    Compiling simd-adler32 v0.3.8
[20:01:30]    Compiling miniz_oxide v0.8.9
[20:01:30]    Compiling gix-revwalk v0.26.0
[20:01:30]    Compiling http-body v1.0.1
[20:01:30]    Compiling gix-lock v21.0.0
[20:01:30]    Compiling rustls-pki-types v1.14.0
[20:01:30]    Compiling tokio-util v0.7.18
[20:01:30]    Compiling rustls v0.23.36
[20:01:30]    Compiling httparse v1.10.1
[20:01:30]    Compiling futures-task v0.3.31
[20:01:30]    Compiling futures-io v0.3.31
[20:01:30]    Compiling untrusted v0.9.0
[20:01:30]    Compiling futures-util v0.3.31
[20:01:30]    Compiling icu_properties v2.1.2
[20:01:30]    Compiling icu_normalizer v2.1.1
[20:01:30]    Compiling libc v0.2.180
[20:01:30]    Compiling log v0.4.29
[20:01:30]    Compiling unicode-bom v2.0.3
[20:01:30]    Compiling try-lock v0.2.5
[20:01:30]    Compiling tower-service v0.3.3
[20:01:30]    Compiling atomic-waker v1.1.2
[20:01:30]    Compiling subtle v2.6.1
[20:01:30]    Compiling h2 v0.4.13
[20:01:30]    Compiling want v0.3.1
[20:01:30]    Compiling idna_adapter v1.2.1
[20:01:30]    Compiling flate2 v1.1.9
[20:01:30]    Compiling futures-channel v0.3.31
[20:01:30]    Compiling gix-config-value v0.17.0
[20:01:30]    Compiling compression-core v0.4.31
[20:01:30]    Compiling static_assertions v1.1.0
[20:01:30]    Compiling utf8_iter v1.0.4
[20:01:30]    Compiling shell-words v1.1.1
[20:01:30]    Compiling gix-command v0.7.0
[20:01:30]    Compiling idna v1.1.0
[20:01:30]    Compiling kstring v2.0.2
[20:01:30]    Compiling compression-codecs v0.4.36
[20:01:30]    Compiling hyper v1.8.1
[20:01:30]    Compiling form_urlencoded v1.2.2
[20:01:30]    Compiling sync_wrapper v1.0.2
[20:01:30]    Compiling gix-sec v0.13.0
[20:01:30]    Compiling encoding_rs v0.8.35
[20:01:30]    Compiling base64 v0.22.1
[20:01:30]    Compiling tower-layer v0.3.3
[20:01:30]    Compiling ipnet v2.11.0
[20:01:30]    Compiling hyper-util v0.1.20
[20:01:30]    Compiling tower v0.5.3
[20:01:30]    Compiling url v2.5.8
[20:01:30]    Compiling async-compression v0.4.37
[20:01:30]    Compiling gix-attributes v0.30.0
[20:01:30]    Compiling http-body-util v0.1.3
[20:01:30]    Compiling semver v1.0.27
[20:01:30]    Compiling rustversion v1.0.22
[20:01:30]    Compiling iri-string v0.7.10
[20:01:30]    Compiling zmij v1.0.19
[20:01:30]    Compiling tower-http v0.6.8
[20:01:30]    Compiling gix-ref v0.58.0
[20:01:30]    Compiling rustls-webpki v0.103.9
[20:01:30]    Compiling gix-url v0.35.0
[20:01:30]    Compiling gix-packetline v0.21.0
[20:01:30]    Compiling windows-sys v0.59.0
[20:01:30]    Compiling tokio-rustls v0.26.4
[20:01:30]    Compiling hyper-rustls v0.27.7
[20:01:30]    Compiling rustls-platform-verifier v0.6.2
[20:01:30]    Compiling serde_json v1.0.149
[20:01:30]    Compiling winapi v0.3.9
[20:01:30]    Compiling mime v0.3.17
[20:01:30]    Compiling reqwest v0.13.1
[20:01:30]    Compiling gix-prompt v0.13.0
[20:01:30]    Compiling gix-traverse v0.52.0
[20:01:30]    Compiling gix-revision v0.40.0
[20:01:30]    Compiling crossbeam-epoch v0.9.18
[20:01:30]    Compiling gix-bitmap v0.2.15
[20:01:30]    Compiling filetime v0.2.27
[20:01:30]    Compiling rayon-core v1.13.0
[20:01:30]    Compiling autocfg v1.5.0
[20:01:30]    Compiling once_cell_polyfill v1.70.2
[20:01:30]    Compiling utf8parse v0.2.2
[20:01:30]    Compiling arrayvec v0.7.6
[20:01:30]    Compiling anstyle v1.0.13
[20:01:30]    Compiling anstyle-wincon v3.0.11
[20:01:30]    Compiling uluru v3.1.0
[20:01:30]    Compiling anstyle-parse v0.2.7
[20:01:30]    Compiling fs-err v3.2.2
[20:01:30]    Compiling gix-index v0.46.0
[20:01:30]    Compiling crossbeam-deque v0.8.6
[20:01:30]    Compiling gix-refspec v0.36.0
[20:01:30]    Compiling gix-credentials v0.35.0
[20:01:30]    Compiling arc-swap v1.8.1
[20:01:30]    Compiling gix-ignore v0.19.0
[20:01:30]    Compiling anstyle-query v1.1.5
[20:01:30]    Compiling toml_datetime v0.7.5+spec-1.1.0
[20:01:30]    Compiling serde_spanned v1.0.4
[20:01:30]    Compiling toml_parser v1.0.6+spec-1.1.0
[20:01:30]    Compiling eyre v0.6.12
[20:01:30]    Compiling owo-colors v4.2.3
[20:01:30]    Compiling toml_writer v1.0.6+spec-1.1.0
[20:01:30]    Compiling colorchoice v1.0.4
[20:01:30]    Compiling is_terminal_polyfill v1.70.2
[20:01:30]    Compiling camino v1.2.2
[20:01:30]    Compiling foldhash v0.1.5
[20:01:30]    Compiling clru v0.6.2
[20:01:30]    Compiling gix-pack v0.65.0
[20:01:30]    Compiling hashbrown v0.15.5
[20:01:30]    Compiling anstream v0.6.21
[20:01:30]    Compiling toml v0.9.11+spec-1.1.0
[20:01:30]    Compiling gix-worktree v0.47.0
[20:01:30]    Compiling io-close v0.3.7
[20:01:30]    Compiling gix-transport v0.53.0
[20:01:30]    Compiling gix-filter v0.25.0
[20:01:30]    Compiling gix-config v0.51.0
[20:01:30]    Compiling gix-pathspec v0.15.0
[20:01:30]    Compiling gix-shallow v0.8.0
[20:01:30]    Compiling gix-negotiate v0.26.0
[20:01:30]    Compiling wasmparser v0.207.0
[20:01:30]    Compiling regex v1.12.3
[20:01:30]    Compiling maybe-async v0.2.10
[20:01:30]    Compiling clap_lex v0.7.7
[20:01:30]    Compiling fixedbitset v0.5.7
[20:01:30]    Compiling powerfmt v0.2.0
[20:01:30]    Compiling binfarce v0.2.1
[20:01:30]    Compiling rustc-demangle v0.1.27
[20:01:30]    Compiling indenter v0.3.4
[20:01:30]    Compiling heck v0.5.0
[20:01:30]    Compiling either v1.15.0
[20:01:30]    Compiling lazy_static v1.5.0
[20:01:30]    Compiling topological-sort v0.2.2
[20:01:30]    Compiling strsim v0.11.1
[20:01:30]    Compiling auditable-serde v0.9.0
[20:01:30]    Compiling clap_builder v4.5.57
[20:01:30]    Compiling sharded-slab v0.1.7
[20:01:30]    Compiling rayon v1.11.0
[20:01:30]    Compiling clap_derive v4.5.55
[20:01:30]    Compiling backtrace v0.3.76
[20:01:30]    Compiling auditable-extract v0.3.5
[20:01:30]    Compiling deranged v0.5.5
[20:01:30]    Compiling petgraph v0.8.3
[20:01:30]    Compiling gix-discover v0.46.0
[20:01:30]    Compiling gix-protocol v0.56.0
[20:01:30]    Compiling gix-submodule v0.25.0
[20:01:30]    Compiling gix-worktree-state v0.25.0
[20:01:30]    Compiling gix-odb v0.75.0
[20:01:30]    Compiling home v0.5.11
[20:01:30]    Compiling nu-ansi-term v0.50.3
[20:01:30]    Compiling tracing-log v0.2.0
[20:01:30]    Compiling smol_str v0.3.2
[20:01:30]    Compiling gix-diff v0.58.0
[20:01:30]    Compiling toml-span v0.6.0
[20:01:30]    Compiling matchers v0.2.0
[20:01:30]    Compiling thread_local v1.1.9
[20:01:30]    Compiling rustc-stable-hash v0.1.2
[20:01:30]    Compiling time-core v0.1.7
[20:01:30]    Compiling ident_case v1.0.1
[20:01:30]    Compiling num-conv v0.1.0
[20:01:30]    Compiling twox-hash v2.1.2
[20:01:30]    Compiling time v0.3.45
[20:01:30]    Compiling tame-index v0.26.0
[20:01:30]    Compiling abscissa_derive v0.9.0
[20:01:30]    Compiling tracing-subscriber v0.3.22
[20:01:30]    Compiling gix v0.78.0
[20:01:30]    Compiling color-eyre v0.6.5
[20:01:30]    Compiling cargo-lock v11.0.1
[20:01:30]    Compiling auditable-info v0.10.0
[20:01:30]    Compiling clap v4.5.57
[20:01:30]    Compiling quitters v0.1.0
[20:01:30]    Compiling secrecy v0.10.3
[20:01:30]    Compiling platforms v3.8.0
[20:01:30]    Compiling cvss v2.2.0
[20:01:30]    Compiling termcolor v1.4.1
[20:01:30]    Compiling wait-timeout v0.2.1
[20:01:30]    Compiling canonical-path v2.0.2
[20:01:30]    Compiling abscissa_core v0.9.0
[20:01:30]    Compiling rustsec v0.32.0
[20:01:30]    Compiling display-error-chain v0.2.2
[20:01:30]    Compiling cargo-audit v0.22.1
[20:01:30]     Finished `release` profile [optimized] target(s) in 4m 46s
[20:01:30]   Installing C:\Users\ContainerAdministrator\scoop\persist\rustup\.cargo\bin\cargo-audit.exe
[20:01:30]    Installed package `cargo-audit v0.22.1` (executable `cargo-audit.exe`)
[20:01:30]   Installing cargo-deny v0.19.0
[20:01:30]     Updating crates.io index
[20:01:30]     Updating crates.io index
[20:01:30]  Downloading crates ...
[20:01:30]   Downloaded tap v1.0.1
[20:01:30]   Downloaded zstd v0.13.3
[20:01:30]   Downloaded scroll_derive v0.13.1
[20:01:30]   Downloaded thiserror-impl v2.0.17
[20:01:30]   Downloaded time-core v0.1.6
[20:01:30]   Downloaded time-macros v0.2.24
[20:01:30]   Downloaded radium v0.7.0
[20:01:30]   Downloaded zstd-safe v7.2.4
[20:01:30]   Downloaded wyz v0.5.1
[20:01:30]   Downloaded strum v0.27.2
[20:01:30]   Downloaded scroll v0.13.0
[20:01:30]   Downloaded toml v0.9.10+spec-1.1.0
[20:01:30]   Downloaded strum_macros v0.27.2
[20:01:30]   Downloaded tower v0.5.2
[20:01:30]   Downloaded time v0.3.44
[20:01:30]   Downloaded socket2 v0.6.1
[20:01:30]   Downloaded rustsec v0.31.0
[20:01:30]   Downloaded clap_builder v4.5.54
[20:01:30]   Downloaded gix-transport v0.52.1
[20:01:30]   Downloaded regex v1.12.2
[20:01:30]   Downloaded indexmap v2.12.1
[20:01:30]   Downloaded hyper-util v0.1.19
[20:01:30]   Downloaded rustls-webpki v0.103.8
[20:01:30]   Downloaded gix v0.77.0
[20:01:30]   Downloaded unicode-width v0.2.2
[20:01:30]   Downloaded regex-syntax v0.8.8
[20:01:30]   Downloaded fern v0.7.1
[20:01:30]   Downloaded goblin v0.10.4
[20:01:30]   Downloaded gix-pack v0.64.1
[20:01:30]   Downloaded bitvec v1.0.1
[20:01:30]   Downloaded flate2 v1.1.5
[20:01:30]   Downloaded gix-odb v0.74.0
[20:01:30]   Downloaded gix-config v0.50.0
[20:01:30]   Downloaded clap v4.5.54
[20:01:30]   Downloaded cc v1.2.51
[20:01:30]   Downloaded async-compression v0.4.36
[20:01:30]   Downloaded signal-hook v0.4.1
[20:01:30]   Downloaded signal-hook v0.3.18
[20:01:30]   Downloaded platforms v3.7.0
[20:01:30]   Downloaded krates v0.20.0
[20:01:30]   Downloaded gix-protocol v0.55.0
[20:01:30]   Downloaded gix-filter v0.24.1
[20:01:30]   Downloaded getrandom v0.2.16
[20:01:30]   Downloaded regex-automata v0.4.13
[20:01:30]   Downloaded find-msvc-tools v0.1.6
[20:01:30]   Downloaded codespan-reporting v0.13.1
[20:01:30]   Downloaded clap_derive v4.5.49
[20:01:30]   Downloaded sha2 v0.10.9
[20:01:30]   Downloaded prodash v30.0.1
[20:01:30]   Downloaded libc v0.2.179
[20:01:30]   Downloaded gix-path v0.10.22
[20:01:30]   Downloaded gix-object v0.54.1
[20:01:30]   Downloaded gix-fs v0.18.2
[20:01:30]   Downloaded zstd-sys v2.0.16+zstd.1.5.7
[20:01:30]   Downloaded gix-date v0.12.1
[20:01:30]   Downloaded gix-credentials v0.34.1
[20:01:30]   Downloaded gix-attributes v0.29.0
[20:01:30]   Downloaded cfg-expr v0.20.5
[20:01:30]   Downloaded signal-hook-registry v1.4.8
[20:01:30]   Downloaded quote v1.0.43
[20:01:30]   Downloaded proc-macro2 v1.0.105
[20:01:30]   Downloaded pkg-config v0.3.32
[20:01:30]   Downloaded gix-revwalk v0.25.0
[20:01:30]   Downloaded gix-revision v0.39.0
[20:01:30]   Downloaded gix-prompt v0.12.0
[20:01:30]   Downloaded gix-index v0.45.1
[20:01:30]   Downloaded gix-hashtable v0.11.0
[20:01:30]   Downloaded plain v0.2.3
[20:01:30]   Downloaded home v0.5.12
[20:01:30]   Downloaded gix-tempfile v20.0.1
[20:01:30]   Downloaded gix-actor v0.37.1
[20:01:30]   Downloaded crossbeam v0.8.4
[20:01:30]   Downloaded clap_lex v0.7.6
[20:01:30]   Downloaded rustls-pki-types v1.13.2
[20:01:30]   Downloaded gix-refspec v0.35.0
[20:01:30]   Downloaded gix-hash v0.21.2
[20:01:30]   Downloaded gix-discover v0.45.0
[20:01:30]   Downloaded crossbeam-queue v0.3.12
[20:01:30]   Downloaded gix-sec v0.12.2
[20:01:30]   Downloaded gix-config-value v0.16.0
[20:01:30]   Downloaded thiserror v2.0.17
[20:01:30]   Downloaded target-lexicon v0.13.3
[20:01:30]   Downloaded globset v0.4.18
[20:01:30]   Downloaded gix-worktree-state v0.24.0
[20:01:30]   Downloaded gix-submodule v0.24.0
[20:01:30]   Downloaded gix-ref v0.57.0
[20:01:30]   Downloaded funty v2.0.0
[20:01:30]   Downloaded zmij v1.0.12
[20:01:30]   Downloaded gix-traverse v0.51.1
[20:01:30]   Downloaded arc-swap v1.8.0
[20:01:30]   Downloaded gix-negotiate v0.25.0
[20:01:30]   Downloaded gix-ignore v0.18.0
[20:01:30]   Downloaded gix-features v0.45.2
[20:01:30]   Downloaded gix-command v0.6.5
[20:01:30]   Downloaded gix-chunk v0.4.12
[20:01:30]   Downloaded codespan v0.13.1
[20:01:30]   Downloaded cargo-lock v11.0.0
[20:01:30]   Downloaded gix-worktree v0.46.0
[20:01:30]   Downloaded gix-pathspec v0.14.0
[20:01:30]   Downloaded errno v0.3.14
[20:01:30]   Downloaded anyhow v1.0.100
[20:01:30]   Downloaded gix-validate v0.10.1
[20:01:30]   Downloaded gix-diff v0.57.1
[20:01:30]   Downloaded slab v0.4.11
[20:01:30]   Downloaded gix-url v0.34.0
[20:01:30]   Downloaded compression-codecs v0.4.35
[20:01:30]   Downloaded bytes v1.11.0
[20:01:30]   Downloaded gix-shallow v0.7.0
[20:01:30]   Downloaded gix-packetline v0.20.0
[20:01:30]   Downloaded gix-lock v20.0.1
[20:01:30]   Downloaded gix-commitgraph v0.31.0
[20:01:30]   Downloaded filetime v0.2.26
[20:01:30]   Downloaded gix-glob v0.23.0
[20:01:30]   Downloaded spdx v0.13.3
[20:01:30]    Compiling proc-macro2 v1.0.105
[20:01:30]    Compiling quote v1.0.43
[20:01:30]    Compiling unicode-ident v1.0.22
[20:01:30]    Compiling windows-link v0.2.1
[20:01:30]    Compiling windows-sys v0.61.2
[20:01:30]    Compiling syn v2.0.114
[20:01:30]    Compiling memchr v2.7.6
[20:01:30]    Compiling cfg-if v1.0.4
[20:01:30]    Compiling smallvec v1.15.1
[20:01:30]    Compiling thiserror v2.0.17
[20:01:30]    Compiling aho-corasick v1.1.4
[20:01:30]    Compiling thiserror-impl v2.0.17
[20:01:30]    Compiling regex-syntax v0.8.8
[20:01:30]    Compiling bytes v1.11.0
[20:01:30]    Compiling regex-automata v0.4.13
[20:01:30]    Compiling once_cell v1.21.3
[20:01:30]    Compiling stable_deref_trait v1.2.1
[20:01:30]    Compiling crc32fast v1.5.0
[20:01:30]    Compiling bstr v1.12.1
[20:01:30]    Compiling tinyvec_macros v0.1.1
[20:01:30]    Compiling tinyvec v1.10.0
[20:01:30]    Compiling winapi-util v0.1.11
[20:01:30]    Compiling unicode-normalization v0.1.25
[20:01:30]    Compiling fastrand v2.3.0
[20:01:30]    Compiling gix-trace v0.1.17
[20:01:30]    Compiling gix-validate v0.10.1
[20:01:30]    Compiling gix-path v0.10.22
[20:01:30]    Compiling gix-utils v0.3.1
[20:01:30]    Compiling parking_lot_core v0.9.12
[20:01:30]    Compiling scopeguard v1.2.0
[20:01:30]    Compiling lock_api v0.4.14
[20:01:30]    Compiling itoa v1.0.17
[20:01:30]    Compiling parking_lot v0.12.5
[20:01:30]    Compiling same-file v1.0.6
[20:01:30]    Compiling walkdir v2.5.0
[20:01:30]    Compiling prodash v30.0.1
[20:01:30]    Compiling zlib-rs v0.5.5
[20:01:30]    Compiling typenum v1.19.0
[20:01:30]    Compiling version_check v0.9.5
[20:01:30]    Compiling generic-array v0.14.7
[20:01:30]    Compiling gix-features v0.45.2
[20:01:30]    Compiling allocator-api2 v0.2.21
[20:01:30]    Compiling foldhash v0.2.0
[20:01:30]    Compiling equivalent v1.0.2
[20:01:30]    Compiling hashbrown v0.16.1
[20:01:30]    Compiling crypto-common v0.1.7
[20:01:30]    Compiling block-buffer v0.10.4
[20:01:30]    Compiling byteorder v1.5.0
[20:01:30]    Compiling heapless v0.8.0
[20:01:30]    Compiling hash32 v0.3.1
[20:01:30]    Compiling digest v0.10.7
[20:01:30]    Compiling cpufeatures v0.2.17
[20:01:30]    Compiling jiff-tzdb v0.1.5
[20:01:30]    Compiling getrandom v0.3.4
[20:01:30]    Compiling faster-hex v0.10.0
[20:01:30]    Compiling jiff-tzdb-platform v0.1.3
[20:01:30]    Compiling sha1 v0.10.6
[20:01:30]    Compiling winnow v0.7.14
[20:01:30]    Compiling serde_core v1.0.228
[20:01:30]    Compiling libc v0.2.179
[20:01:30]    Compiling bitflags v2.10.0
[20:01:30]    Compiling windows_x86_64_msvc v0.53.1
[20:01:30]    Compiling sha1-checked v0.10.0
[20:01:30]    Compiling jiff v0.2.18
[20:01:30]    Compiling synstructure v0.13.2
[20:01:30]    Compiling gix-hash v0.21.2
[20:01:30]    Compiling jobserver v0.1.34
[20:01:30]    Compiling shlex v1.3.0
[20:01:30]    Compiling gix-date v0.12.1
[20:01:30]    Compiling find-msvc-tools v0.1.6
[20:01:30]    Compiling cc v1.2.51
[20:01:30]    Compiling windows-targets v0.53.5
[20:01:30]    Compiling zerofrom-derive v0.1.6
[20:01:30]    Compiling zerofrom v0.1.6
[20:01:30]    Compiling windows-sys v0.60.2
[20:01:30]    Compiling yoke-derive v0.8.1
[20:01:30]    Compiling yoke v0.8.1
[20:01:30]    Compiling gix-actor v0.37.1
[20:01:30]    Compiling gix-hashtable v0.11.0
[20:01:30]    Compiling gix-object v0.54.1
[20:01:30]    Compiling zerovec-derive v0.11.2
[20:01:30]    Compiling pin-project-lite v0.2.16
[20:01:30]    Compiling zerovec v0.11.5
[20:01:30]    Compiling errno v0.3.14
[20:01:30]    Compiling displaydoc v0.2.5
[20:01:30]    Compiling futures-core v0.3.31
[20:01:30]    Compiling memmap2 v0.9.9
[20:01:30]    Compiling serde v1.0.228
[20:01:30]    Compiling signal-hook-registry v1.4.8
[20:01:30]    Compiling serde_derive v1.0.228
[20:01:30]    Compiling signal-hook v0.4.1
[20:01:30]    Compiling socket2 v0.6.1
[20:01:30]    Compiling mio v1.1.1
[20:01:30]    Compiling tokio v1.49.0
[20:01:30]    Compiling tempfile v3.24.0
[20:01:30]    Compiling tinystr v0.8.2
[20:01:30]    Compiling gix-fs v0.18.2
[20:01:30]    Compiling gix-chunk v0.4.12
[20:01:30]    Compiling writeable v0.6.2
[20:01:30]    Compiling futures-sink v0.3.31
[20:01:30]    Compiling percent-encoding v2.3.2
[20:01:30]    Compiling litemap v0.8.1
[20:01:30]    Compiling icu_locale_core v2.1.1
[20:01:30]    Compiling gix-tempfile v20.0.1
[20:01:30]    Compiling zerotrie v0.2.3
[20:01:30]    Compiling potential_utf v0.1.4
[20:01:30]    Compiling ring v0.17.14
[20:01:30]    Compiling gix-quote v0.6.1
[20:01:30]    Compiling icu_properties_data v2.1.2
[20:01:30]    Compiling icu_normalizer_data v2.1.1
[20:01:30]    Compiling icu_collections v2.1.1
[20:01:30]    Compiling icu_provider v2.1.1
[20:01:30]    Compiling http v1.4.0
[20:01:30]    Compiling slab v0.4.11
[20:01:30]    Compiling fnv v1.0.7
[20:01:30]    Compiling gix-commitgraph v0.31.0
[20:01:30]    Compiling gix-glob v0.23.0
[20:01:30]    Compiling indexmap v2.12.1
[20:01:30]    Compiling getrandom v0.2.16
[20:01:30]    Compiling untrusted v0.9.0
[20:01:30]    Compiling crossbeam-utils v0.8.21
[20:01:30]    Compiling zeroize v1.8.2
[20:01:30]    Compiling pin-utils v0.1.0
[20:01:30]    Compiling rustls-pki-types v1.13.2
[20:01:30]    Compiling gix-revwalk v0.25.0
[20:01:30]    Compiling icu_properties v2.1.2
[20:01:30]    Compiling icu_normalizer v2.1.1
[20:01:30]    Compiling http-body v1.0.1
[20:01:30]    Compiling gix-lock v20.0.1
[20:01:30]    Compiling tokio-util v0.7.18
[20:01:30]    Compiling tracing-core v0.1.36
[20:01:30]    Compiling httparse v1.10.1
[20:01:30]    Compiling futures-io v0.3.31
[20:01:30]    Compiling simd-adler32 v0.3.8
[20:01:30]    Compiling adler2 v2.0.1
[20:01:30]    Compiling futures-task v0.3.31
[20:01:30]    Compiling rustls v0.23.36
[20:01:30]    Compiling futures-util v0.3.31
[20:01:30]    Compiling miniz_oxide v0.8.9
[20:01:30]    Compiling tracing v0.1.44
[20:01:30]    Compiling idna_adapter v1.2.1
[20:01:30]    Compiling rustls-webpki v0.103.8
[20:01:30]    Compiling unicode-bom v2.0.3
[20:01:30]    Compiling utf8_iter v1.0.4
[20:01:30]    Compiling tower-service v0.3.3
[20:01:30]    Compiling atomic-waker v1.1.2
[20:01:30]    Compiling subtle v2.6.1
[20:01:30]    Compiling try-lock v0.2.5
[20:01:30]    Compiling log v0.4.29
[20:01:30]    Compiling want v0.3.1
[20:01:30]    Compiling h2 v0.4.13
[20:01:30]    Compiling idna v1.1.0
[20:01:30]    Compiling flate2 v1.1.5
[20:01:30]    Compiling form_urlencoded v1.2.2
[20:01:30]    Compiling futures-channel v0.3.31
[20:01:30]    Compiling gix-config-value v0.16.0
[20:01:30]    Compiling static_assertions v1.1.0
[20:01:30]    Compiling compression-core v0.4.31
[20:01:30]    Compiling shell-words v1.1.1
[20:01:30]    Compiling gix-command v0.6.5
[20:01:30]    Compiling compression-codecs v0.4.35
[20:01:30]    Compiling kstring v2.0.2
[20:01:30]    Compiling hyper v1.8.1
[20:01:30]    Compiling url v2.5.8
[20:01:30]    Compiling sync_wrapper v1.0.2
[20:01:30]    Compiling gix-sec v0.12.2
[20:01:30]    Compiling encoding_rs v0.8.35
[20:01:30]    Compiling base64 v0.22.1
[20:01:30]    Compiling tower-layer v0.3.3
[20:01:30]    Compiling ipnet v2.11.0
[20:01:30]    Compiling pkg-config v0.3.32
[20:01:30]    Compiling zstd-sys v2.0.16+zstd.1.5.7
[20:01:30]    Compiling hyper-util v0.1.19
[20:01:30]    Compiling tower v0.5.2
[20:01:30]    Compiling gix-attributes v0.29.0
[20:01:30]    Compiling async-compression v0.4.36
[20:01:30]    Compiling tokio-rustls v0.26.4
[20:01:30]    Compiling crossbeam-epoch v0.9.18
[20:01:30]    Compiling http-body-util v0.1.3
[20:01:30]    Compiling iri-string v0.7.10
[20:01:30]    Compiling crossbeam-deque v0.8.6
[20:01:30]    Compiling hyper-rustls v0.27.7
[20:01:30]    Compiling tower-http v0.6.8
[20:01:30]    Compiling rustls-platform-verifier v0.6.2
[20:01:30]    Compiling gix-ref v0.57.0
[20:01:30]    Compiling gix-url v0.34.0
[20:01:30]    Compiling gix-packetline v0.20.0
[20:01:30]    Compiling rustversion v1.0.22
[20:01:30]    Compiling winapi v0.3.9
[20:01:30]    Compiling zmij v1.0.12
[20:01:30]    Compiling rayon-core v1.13.0
[20:01:30]    Compiling mime v0.3.17
[20:01:30]    Compiling reqwest v0.13.1
[20:01:30]    Compiling gix-prompt v0.12.0
[20:01:30]    Compiling gix-traverse v0.51.1
[20:01:30]    Compiling gix-revision v0.39.0
[20:01:30]    Compiling filetime v0.2.26
[20:01:30]    Compiling semver v1.0.27
[20:01:30]    Compiling termcolor v1.4.1
[20:01:30]    Compiling gix-bitmap v0.2.15
[20:01:30]    Compiling anstyle v1.0.13
[20:01:30]    Compiling heck v0.5.0
[20:01:30]    Compiling zstd-safe v7.2.4
[20:01:30]    Compiling once_cell_polyfill v1.70.2
[20:01:30]    Compiling target-lexicon v0.13.3
[20:01:30]    Compiling serde_json v1.0.149
[20:01:30]    Compiling utf8parse v0.2.2
[20:01:30]    Compiling autocfg v1.5.0
[20:01:30]    Compiling camino v1.2.2
[20:01:30]    Compiling unicode-width v0.2.2
[20:01:30]    Compiling codespan-reporting v0.13.1
[20:01:30]    Compiling fs-err v3.2.2
[20:01:30]    Compiling anstyle-parse v0.2.7
[20:01:30]    Compiling anstyle-wincon v3.0.11
[20:01:30]    Compiling gix-index v0.45.1
[20:01:30]    Compiling gix-refspec v0.35.0
[20:01:30]    Compiling gix-credentials v0.34.1
[20:01:30]    Compiling gix-ignore v0.18.0
[20:01:30]    Compiling toml_datetime v0.7.5+spec-1.1.0
[20:01:30]    Compiling serde_spanned v1.0.4
[20:01:30]    Compiling toml_parser v1.0.6+spec-1.1.0
[20:01:30]    Compiling anstyle-query v1.1.5
[20:01:30]    Compiling signal-hook v0.3.18
[20:01:30]    Compiling radium v0.7.0
[20:01:30]    Compiling colorchoice v1.0.4
[20:01:30]    Compiling either v1.15.0
[20:01:30]    Compiling foldhash v0.1.5
[20:01:30]    Compiling clru v0.6.2
[20:01:30]    Compiling toml_writer v1.0.6+spec-1.1.0
[20:01:30]    Compiling is_terminal_polyfill v1.70.2
[20:01:30]    Compiling anstream v0.6.21
[20:01:30]    Compiling toml v0.9.10+spec-1.1.0
[20:01:30]    Compiling gix-pack v0.64.1
[20:01:30]    Compiling hashbrown v0.15.5
[20:01:30]    Compiling rayon v1.11.0
[20:01:30]    Compiling gix-worktree v0.46.0
[20:01:30]    Compiling io-close v0.3.7
[20:01:30]    Compiling arc-swap v1.8.0
[20:01:30]    Compiling gix-transport v0.52.1
[20:01:30]    Compiling gix-filter v0.24.1
[20:01:30]    Compiling gix-config v0.50.0
[20:01:30]    Compiling gix-pathspec v0.14.0
[20:01:30]    Compiling crossbeam-channel v0.5.15
[20:01:30]    Compiling gix-shallow v0.7.0
[20:01:30]    Compiling gix-negotiate v0.25.0
[20:01:30]    Compiling scroll_derive v0.13.1
[20:01:30]    Compiling maybe-async v0.2.10
[20:01:30]    Compiling time-core v0.1.6
[20:01:30]    Compiling anyhow v1.0.100
[20:01:30]    Compiling strsim v0.11.1
[20:01:30]    Compiling dunce v1.0.5
[20:01:30]    Compiling num-conv v0.1.0
[20:01:30]    Compiling tap v1.0.1
[20:01:30]    Compiling fixedbitset v0.5.7
[20:01:30]    Compiling clap_lex v0.7.6
[20:01:30]    Compiling powerfmt v0.2.0
[20:01:30]    Compiling petgraph v0.8.3
[20:01:30]    Compiling deranged v0.5.5
[20:01:30]    Compiling clap_builder v4.5.54
[20:01:30]    Compiling wyz v0.5.1
[20:01:30]    Compiling time-macros v0.2.24
[20:01:30]    Compiling gix-discover v0.45.0
[20:01:30]    Compiling gix-protocol v0.55.0
[20:01:30]    Compiling scroll v0.13.0
[20:01:30]    Compiling gix-submodule v0.24.0
[20:01:30]    Compiling gix-worktree-state v0.24.0
[20:01:30]    Compiling cfg-expr v0.20.5
[20:01:30]    Compiling gix-odb v0.74.0
[20:01:30]    Compiling zstd v0.13.3
[20:01:30]    Compiling cargo-lock v11.0.0
[20:01:30]    Compiling toml-span v0.6.0
[20:01:30]    Compiling clap_derive v4.5.49
[20:01:30]    Compiling strum_macros v0.27.2
[20:01:30]    Compiling crossbeam-queue v0.3.12
[20:01:30]    Compiling platforms v3.7.0
[20:01:30]    Compiling cvss v2.2.0
[20:01:30]    Compiling smol_str v0.3.2
[20:01:30]    Compiling gix-diff v0.57.1
[20:01:30]    Compiling sha2 v0.10.9
[20:01:30]    Compiling regex v1.12.2
[20:01:30]    Compiling home v0.5.12
[20:01:30]    Compiling rustc-stable-hash v0.1.2
[20:01:30]    Compiling plain v0.2.3
[20:01:30]    Compiling twox-hash v2.1.2
[20:01:30]    Compiling funty v2.0.0
[20:01:30]    Compiling tame-index v0.26.0
[20:01:30]    Compiling bitvec v1.0.1
[20:01:30]    Compiling goblin v0.10.4
[20:01:30]    Compiling time v0.3.44
[20:01:30]    Compiling spdx v0.13.3
[20:01:30]    Compiling rustsec v0.31.0
[20:01:30]    Compiling gix v0.77.0
[20:01:30]    Compiling strum v0.27.2
[20:01:30]    Compiling crossbeam v0.8.4
[20:01:30]    Compiling clap v4.5.54
[20:01:30]    Compiling krates v0.20.0
[20:01:30]    Compiling codespan v0.13.1
[20:01:30]    Compiling globset v0.4.18
[20:01:30]    Compiling fern v0.7.1
[20:01:30]    Compiling nu-ansi-term v0.50.3
[20:01:30]    Compiling cargo-deny v0.19.0
[20:01:30]     Finished `release` profile [optimized] target(s) in 11m 35s
[20:01:30]   Installing C:\Users\ContainerAdministrator\scoop\persist\rustup\.cargo\bin\cargo-deny.exe
[20:01:30]    Installed package `cargo-deny v0.19.0` (executable `cargo-deny.exe`)
[20:01:30]      Summary Successfully installed cargo-audit, cargo-deny!
[20:01:30] CMD: cargo audit
[20:01:37] Crate:     rustls-webpki
[20:01:37] Version:   0.103.9
[20:01:37] Title:     CRLs not considered authoritative by Distribution Point due to faulty matching logic
[20:01:37] Date:      2026-03-20
[20:01:37] ID:        RUSTSEC-2026-0049
[20:01:37] URL:       https://rustsec.org/advisories/RUSTSEC-2026-0049
[20:01:37] Solution:  Upgrade to >=0.103.10
[20:01:37] Dependency tree:
[20:01:37] rustls-webpki 0.103.9
[20:01:37] â””â”€â”€ rustls 0.23.37
[20:01:37]     â”œâ”€â”€ tokio-rustls 0.26.4
[20:01:37]     â”‚   â”œâ”€â”€ reqwest 0.12.28
[20:01:37]     â”‚   â”‚   â””â”€â”€ tracel-llvm-bundler 20.1.4-7
[20:01:37]     â”‚   â”‚       â”œâ”€â”€ tracel-tblgen-rs 20.1.4-7
[20:01:37]     â”‚   â”‚       â”‚   â””â”€â”€ tracel-mlir-rs-macros 20.1.4-7
[20:01:37]     â”‚   â”‚       â”‚       â””â”€â”€ tracel-mlir-rs 20.1.4-7
[20:01:37]     â”‚   â”‚       â”‚           â””â”€â”€ tracel-llvm 20.1.4-7
[20:01:37]     â”‚   â”‚       â”‚               â””â”€â”€ cubecl-cpu 0.9.0
[20:01:37]     â”‚   â”‚       â”‚                   â””â”€â”€ cubecl 0.9.0
[20:01:37]     â”‚   â”‚       â”‚                       â”œâ”€â”€ cubek-reduce 0.1.1
[20:01:37]     â”‚   â”‚       â”‚                       â”‚   â””â”€â”€ cubek 0.1.1
[20:01:37]     â”‚   â”‚       â”‚                       â”‚       â”œâ”€â”€ burn-cubecl-fusion 0.20.1
[20:01:37]     â”‚   â”‚       â”‚                       â”‚       â”‚   â””â”€â”€ burn-cubecl 0.20.1
[20:01:37]     â”‚   â”‚       â”‚                       â”‚       â”‚       â”œâ”€â”€ burn-wgpu 0.20.1
[20:01:37]     â”‚   â”‚       â”‚                       â”‚       â”‚       â”‚   â””â”€â”€ burn 0.20.1
[20:01:37]     â”‚   â”‚       â”‚                       â”‚       â”‚       â”‚       â””â”€â”€ kataglyphis_rustprojecttemplate 0.1.0
[20:01:37]     â”‚   â”‚       â”‚                       â”‚       â”‚       â”œâ”€â”€ burn-rocm 0.20.1
[20:01:37]     â”‚   â”‚       â”‚                       â”‚       â”‚       â”‚   â””â”€â”€ burn 0.20.1
[20:01:37]     â”‚   â”‚       â”‚                       â”‚       â”‚       â”œâ”€â”€ burn-cuda 0.20.1
[20:01:37]     â”‚   â”‚       â”‚                       â”‚       â”‚       â”‚   â””â”€â”€ burn 0.20.1
[20:01:37]     â”‚   â”‚       â”‚                       â”‚       â”‚       â””â”€â”€ burn-cpu 0.20.1
[20:01:37]     â”‚   â”‚       â”‚                       â”‚       â”‚           â””â”€â”€ burn 0.20.1
[20:01:37]     â”‚   â”‚       â”‚                       â”‚       â””â”€â”€ burn-cubecl 0.20.1
[20:01:37]     â”‚   â”‚       â”‚                       â”œâ”€â”€ cubek-random 0.1.1
[20:01:37]     â”‚   â”‚       â”‚                       â”‚   â”œâ”€â”€ cubek-attention 0.1.1
[20:01:37]     â”‚   â”‚       â”‚                       â”‚   â”‚   â””â”€â”€ cubek 0.1.1
[20:01:37]     â”‚   â”‚       â”‚                       â”‚   â””â”€â”€ cubek 0.1.1
[20:01:37]     â”‚   â”‚       â”‚                       â”œâ”€â”€ cubek-quant 0.1.1
[20:01:37]     â”‚   â”‚       â”‚                       â”‚   â””â”€â”€ cubek 0.1.1
[20:01:37]     â”‚   â”‚       â”‚                       â”œâ”€â”€ cubek-matmul 0.1.1
[20:01:37]     â”‚   â”‚       â”‚                       â”‚   â”œâ”€â”€ cubek-convolution 0.1.1
[20:01:37]     â”‚   â”‚       â”‚                       â”‚   â”‚   â””â”€â”€ cubek 0.1.1
[20:01:37]     â”‚   â”‚       â”‚                       â”‚   â”œâ”€â”€ cubek-attention 0.1.1
[20:01:37]     â”‚   â”‚       â”‚                       â”‚   â””â”€â”€ cubek 0.1.1
[20:01:37]     â”‚   â”‚       â”‚                       â”œâ”€â”€ cubek-convolution 0.1.1
[20:01:37]     â”‚   â”‚       â”‚                       â”œâ”€â”€ cubek-attention 0.1.1
[20:01:37]     â”‚   â”‚       â”‚                       â”œâ”€â”€ cubek 0.1.1
[20:01:37]     â”‚   â”‚       â”‚                       â”œâ”€â”€ burn-wgpu 0.20.1
[20:01:37]     â”‚   â”‚       â”‚                       â”œâ”€â”€ burn-std 0.20.1
[20:01:37]     â”‚   â”‚       â”‚                       â”‚   â”œâ”€â”€ burn-tensor 0.20.1
[20:01:37]     â”‚   â”‚       â”‚                       â”‚   â”‚   â”œâ”€â”€ burn-store 0.20.1
[20:01:37]     â”‚   â”‚       â”‚                       â”‚   â”‚   â”‚   â””â”€â”€ burn 0.20.1
[20:01:37]     â”‚   â”‚       â”‚                       â”‚   â”‚   â””â”€â”€ burn-core 0.20.1
[20:01:37]     â”‚   â”‚       â”‚                       â”‚   â”‚       â”œâ”€â”€ burn-store 0.20.1
[20:01:37]     â”‚   â”‚       â”‚                       â”‚   â”‚       â”œâ”€â”€ burn-optim 0.20.1
[20:01:37]     â”‚   â”‚       â”‚                       â”‚   â”‚       â”‚   â””â”€â”€ burn 0.20.1
[20:01:37]     â”‚   â”‚       â”‚                       â”‚   â”‚       â”œâ”€â”€ burn-nn 0.20.1
[20:01:37]     â”‚   â”‚       â”‚                       â”‚   â”‚       â”‚   â”œâ”€â”€ burn-store 0.20.1
[20:01:37]     â”‚   â”‚       â”‚                       â”‚   â”‚       â”‚   â””â”€â”€ burn 0.20.1
[20:01:37]     â”‚   â”‚       â”‚                       â”‚   â”‚       â””â”€â”€ burn 0.20.1
[20:01:37]     â”‚   â”‚       â”‚                       â”‚   â”œâ”€â”€ burn-router 0.20.1
[20:01:37]     â”‚   â”‚       â”‚                       â”‚   â”‚   â””â”€â”€ burn 0.20.1
[20:01:37]     â”‚   â”‚       â”‚                       â”‚   â”œâ”€â”€ burn-ndarray 0.20.1
[20:01:37]     â”‚   â”‚       â”‚                       â”‚   â”‚   â”œâ”€â”€ kataglyphis_rustprojecttemplate 0.1.0
[20:01:37]     â”‚   â”‚       â”‚                       â”‚   â”‚   â””â”€â”€ burn 0.20.1
[20:01:37]     â”‚   â”‚       â”‚                       â”‚   â”œâ”€â”€ burn-cubecl-fusion 0.20.1
[20:01:37]     â”‚   â”‚       â”‚                       â”‚   â”œâ”€â”€ burn-cubecl 0.20.1
[20:01:37]     â”‚   â”‚       â”‚                       â”‚   â”œâ”€â”€ burn-core 0.20.1
[20:01:37]     â”‚   â”‚       â”‚                       â”‚   â”œâ”€â”€ burn-candle 0.20.1
[20:01:37]     â”‚   â”‚       â”‚                       â”‚   â”‚   â””â”€â”€ burn 0.20.1
[20:01:37]     â”‚   â”‚       â”‚                       â”‚   â”œâ”€â”€ burn-backend 0.20.1
[20:01:37]     â”‚   â”‚       â”‚                       â”‚   â”‚   â”œâ”€â”€ burn-wgpu 0.20.1
[20:01:37]     â”‚   â”‚       â”‚                       â”‚   â”‚   â”œâ”€â”€ burn-tensor 0.20.1
[20:01:37]     â”‚   â”‚       â”‚                       â”‚   â”‚   â”œâ”€â”€ burn-router 0.20.1
[20:01:37]     â”‚   â”‚       â”‚                       â”‚   â”‚   â”œâ”€â”€ burn-rocm 0.20.1
[20:01:37]     â”‚   â”‚       â”‚                       â”‚   â”‚   â”œâ”€â”€ burn-ndarray 0.20.1
[20:01:37]     â”‚   â”‚       â”‚                       â”‚   â”‚   â”œâ”€â”€ burn-ir 0.20.1
[20:01:37]     â”‚   â”‚       â”‚                       â”‚   â”‚   â”‚   â”œâ”€â”€ burn-router 0.20.1
[20:01:37]     â”‚   â”‚       â”‚                       â”‚   â”‚   â”‚   â”œâ”€â”€ burn-ndarray 0.20.1
[20:01:37]     â”‚   â”‚       â”‚                       â”‚   â”‚   â”‚   â”œâ”€â”€ burn-fusion 0.20.1
[20:01:37]     â”‚   â”‚       â”‚                       â”‚   â”‚   â”‚   â”‚   â”œâ”€â”€ burn-cubecl-fusion 0.20.1
[20:01:37]     â”‚   â”‚       â”‚                       â”‚   â”‚   â”‚   â”‚   â””â”€â”€ burn-cubecl 0.20.1
[20:01:37]     â”‚   â”‚       â”‚                       â”‚   â”‚   â”‚   â”œâ”€â”€ burn-cubecl-fusion 0.20.1
[20:01:37]     â”‚   â”‚       â”‚                       â”‚   â”‚   â”‚   â””â”€â”€ burn-cubecl 0.20.1
[20:01:37]     â”‚   â”‚       â”‚                       â”‚   â”‚   â”œâ”€â”€ burn-fusion 0.20.1
[20:01:37]     â”‚   â”‚       â”‚                       â”‚   â”‚   â”œâ”€â”€ burn-cuda 0.20.1
[20:01:37]     â”‚   â”‚       â”‚                       â”‚   â”‚   â”œâ”€â”€ burn-cubecl-fusion 0.20.1
[20:01:37]     â”‚   â”‚       â”‚                       â”‚   â”‚   â”œâ”€â”€ burn-cubecl 0.20.1
[20:01:37]     â”‚   â”‚       â”‚                       â”‚   â”‚   â”œâ”€â”€ burn-cpu 0.20.1
[20:01:37]     â”‚   â”‚       â”‚                       â”‚   â”‚   â”œâ”€â”€ burn-candle 0.20.1
[20:01:37]     â”‚   â”‚       â”‚                       â”‚   â”‚   â””â”€â”€ burn-autodiff 0.20.1
[20:01:37]     â”‚   â”‚       â”‚                       â”‚   â”‚       â”œâ”€â”€ kataglyphis_rustprojecttemplate 0.1.0
[20:01:37]     â”‚   â”‚       â”‚                       â”‚   â”‚       â”œâ”€â”€ burn-ndarray 0.20.1
[20:01:37]     â”‚   â”‚       â”‚                       â”‚   â”‚       â””â”€â”€ burn 0.20.1
[20:01:37]     â”‚   â”‚       â”‚                       â”‚   â””â”€â”€ burn-autodiff 0.20.1
[20:01:37]     â”‚   â”‚       â”‚                       â”œâ”€â”€ burn-rocm 0.20.1
[20:01:37]     â”‚   â”‚       â”‚                       â”œâ”€â”€ burn-cuda 0.20.1
[20:01:37]     â”‚   â”‚       â”‚                       â”œâ”€â”€ burn-cubecl-fusion 0.20.1
[20:01:37]     â”‚   â”‚       â”‚                       â”œâ”€â”€ burn-cubecl 0.20.1
[20:01:37]     â”‚   â”‚       â”‚                       â”œâ”€â”€ burn-cpu 0.20.1
[20:01:37]     â”‚   â”‚       â”‚                       â””â”€â”€ burn-backend 0.20.1
[20:01:37]     â”‚   â”‚       â”œâ”€â”€ tracel-mlir-sys 20.1.4-7
[20:01:37]     â”‚   â”‚       â”‚   â”œâ”€â”€ tracel-mlir-rs 20.1.4-7
[20:01:37]     â”‚   â”‚       â”‚   â””â”€â”€ tracel-llvm 20.1.4-7
[20:01:37]     â”‚   â”‚       â”œâ”€â”€ tracel-mlir-rs-macros 20.1.4-7
[20:01:37]     â”‚   â”‚       â””â”€â”€ cubecl-cpu 0.9.0
[20:01:37]     â”‚   â””â”€â”€ hyper-rustls 0.27.7
[20:01:37]     â”‚       â””â”€â”€ reqwest 0.12.28
[20:01:37]     â”œâ”€â”€ reqwest 0.12.28
[20:01:38]     â”œâ”€â”€ quinn-proto 0.11.14
[20:01:38]     â”‚   â””â”€â”€ quinn 0.11.9
[20:01:38]     â”‚       â””â”€â”€ reqwest 0.12.28
[20:01:38]     â”œâ”€â”€ quinn 0.11.9
[20:01:38]     â””â”€â”€ hyper-rustls 0.27.7
[20:01:38] Crate:     tar
[20:01:38] Version:   0.4.44
[20:01:38] Title:     `unpack_in` can chmod arbitrary directories by following symlinks
[20:01:38] Date:      2026-03-19
[20:01:38] ID:        RUSTSEC-2026-0067
[20:01:38] URL:       https://rustsec.org/advisories/RUSTSEC-2026-0067
[20:01:38] Severity:  5.1 (medium)
[20:01:38] Solution:  Upgrade to >=0.4.45
[20:01:38] Dependency tree:
[20:01:38] tar 0.4.44
[20:01:38] â”œâ”€â”€ tract-nnef 0.22.1
[20:01:38] â”‚   â”œâ”€â”€ tract-onnx-opl 0.22.1
[20:01:38] â”‚   â”‚   â””â”€â”€ tract-onnx 0.22.1
[20:01:38] â”‚   â”‚       â””â”€â”€ kataglyphis_rustprojecttemplate 0.1.0
[20:01:38] â”‚   â””â”€â”€ tract-onnx 0.22.1
[20:01:38] â””â”€â”€ tracel-llvm-bundler 20.1.4-7
[20:01:38]     â”œâ”€â”€ tracel-tblgen-rs 20.1.4-7
[20:01:38]     â”‚   â””â”€â”€ tracel-mlir-rs-macros 20.1.4-7
[20:01:38]     â”‚       â””â”€â”€ tracel-mlir-rs 20.1.4-7
[20:01:38]     â”‚           â””â”€â”€ tracel-llvm 20.1.4-7
[20:01:38]     â”‚               â””â”€â”€ cubecl-cpu 0.9.0
[20:01:38]     â”‚                   â””â”€â”€ cubecl 0.9.0
[20:01:38]     â”‚                       â”œâ”€â”€ cubek-reduce 0.1.1
[20:01:38]     â”‚                       â”‚   â””â”€â”€ cubek 0.1.1
[20:01:38]     â”‚                       â”‚       â”œâ”€â”€ burn-cubecl-fusion 0.20.1
[20:01:38]     â”‚                       â”‚       â”‚   â””â”€â”€ burn-cubecl 0.20.1
[20:01:38]     â”‚                       â”‚       â”‚       â”œâ”€â”€ burn-wgpu 0.20.1
[20:01:38]     â”‚                       â”‚       â”‚       â”‚   â””â”€â”€ burn 0.20.1
[20:01:38]     â”‚                       â”‚       â”‚       â”‚       â””â”€â”€ kataglyphis_rustprojecttemplate 0.1.0
[20:01:38]     â”‚                       â”‚       â”‚       â”œâ”€â”€ burn-rocm 0.20.1
[20:01:38]     â”‚                       â”‚       â”‚       â”‚   â””â”€â”€ burn 0.20.1
[20:01:38]     â”‚                       â”‚       â”‚       â”œâ”€â”€ burn-cuda 0.20.1
[20:01:38]     â”‚                       â”‚       â”‚       â”‚   â””â”€â”€ burn 0.20.1
[20:01:38]     â”‚                       â”‚       â”‚       â””â”€â”€ burn-cpu 0.20.1
[20:01:38]     â”‚                       â”‚       â”‚           â””â”€â”€ burn 0.20.1
[20:01:38]     â”‚                       â”‚       â””â”€â”€ burn-cubecl 0.20.1
[20:01:38]     â”‚                       â”œâ”€â”€ cubek-random 0.1.1
[20:01:38]     â”‚                       â”‚   â”œâ”€â”€ cubek-attention 0.1.1
[20:01:38]     â”‚                       â”‚   â”‚   â””â”€â”€ cubek 0.1.1
[20:01:38]     â”‚                       â”‚   â””â”€â”€ cubek 0.1.1
[20:01:38]     â”‚                       â”œâ”€â”€ cubek-quant 0.1.1
[20:01:38]     â”‚                       â”‚   â””â”€â”€ cubek 0.1.1
[20:01:38]     â”‚                       â”œâ”€â”€ cubek-matmul 0.1.1
[20:01:38]     â”‚                       â”‚   â”œâ”€â”€ cubek-convolution 0.1.1
[20:01:38]     â”‚                       â”‚   â”‚   â””â”€â”€ cubek 0.1.1
[20:01:38]     â”‚                       â”‚   â”œâ”€â”€ cubek-attention 0.1.1
[20:01:38]     â”‚                       â”‚   â””â”€â”€ cubek 0.1.1
[20:01:38]     â”‚                       â”œâ”€â”€ cubek-convolution 0.1.1
[20:01:38]     â”‚                       â”œâ”€â”€ cubek-attention 0.1.1
[20:01:38]     â”‚                       â”œâ”€â”€ cubek 0.1.1
[20:01:38]     â”‚                       â”œâ”€â”€ burn-wgpu 0.20.1
[20:01:38]     â”‚                       â”œâ”€â”€ burn-std 0.20.1
[20:01:38]     â”‚                       â”‚   â”œâ”€â”€ burn-tensor 0.20.1
[20:01:38]     â”‚                       â”‚   â”‚   â”œâ”€â”€ burn-store 0.20.1
[20:01:38]     â”‚                       â”‚   â”‚   â”‚   â””â”€â”€ burn 0.20.1
[20:01:38]     â”‚                       â”‚   â”‚   â””â”€â”€ burn-core 0.20.1
[20:01:38]     â”‚                       â”‚   â”‚       â”œâ”€â”€ burn-store 0.20.1
[20:01:38]     â”‚                       â”‚   â”‚       â”œâ”€â”€ burn-optim 0.20.1
[20:01:38]     â”‚                       â”‚   â”‚       â”‚   â””â”€â”€ burn 0.20.1
[20:01:38]     â”‚                       â”‚   â”‚       â”œâ”€â”€ burn-nn 0.20.1
[20:01:38]     â”‚                       â”‚   â”‚       â”‚   â”œâ”€â”€ burn-store 0.20.1
[20:01:38]     â”‚                       â”‚   â”‚       â”‚   â””â”€â”€ burn 0.20.1
[20:01:38]     â”‚                       â”‚   â”‚       â””â”€â”€ burn 0.20.1
[20:01:38]     â”‚                       â”‚   â”œâ”€â”€ burn-router 0.20.1
[20:01:38]     â”‚                       â”‚   â”‚   â””â”€â”€ burn 0.20.1
[20:01:38]     â”‚                       â”‚   â”œâ”€â”€ burn-ndarray 0.20.1
[20:01:38]     â”‚                       â”‚   â”‚   â”œâ”€â”€ kataglyphis_rustprojecttemplate 0.1.0
[20:01:38]     â”‚                       â”‚   â”‚   â””â”€â”€ burn 0.20.1
[20:01:38]     â”‚                       â”‚   â”œâ”€â”€ burn-cubecl-fusion 0.20.1
[20:01:38]     â”‚                       â”‚   â”œâ”€â”€ burn-cubecl 0.20.1
[20:01:38]     â”‚                       â”‚   â”œâ”€â”€ burn-core 0.20.1
[20:01:38]     â”‚                       â”‚   â”œâ”€â”€ burn-candle 0.20.1
[20:01:38]     â”‚                       â”‚   â”‚   â””â”€â”€ burn 0.20.1
[20:01:38]     â”‚                       â”‚   â”œâ”€â”€ burn-backend 0.20.1
[20:01:38]     â”‚                       â”‚   â”‚   â”œâ”€â”€ burn-wgpu 0.20.1
[20:01:38]     â”‚                       â”‚   â”‚   â”œâ”€â”€ burn-tensor 0.20.1
[20:01:38]     â”‚                       â”‚   â”‚   â”œâ”€â”€ burn-router 0.20.1
[20:01:38]     â”‚                       â”‚   â”‚   â”œâ”€â”€ burn-rocm 0.20.1
[20:01:38]     â”‚                       â”‚   â”‚   â”œâ”€â”€ burn-ndarray 0.20.1
[20:01:38]     â”‚                       â”‚   â”‚   â”œâ”€â”€ burn-ir 0.20.1
[20:01:38]     â”‚                       â”‚   â”‚   â”‚   â”œâ”€â”€ burn-router 0.20.1
[20:01:38]     â”‚                       â”‚   â”‚   â”‚   â”œâ”€â”€ burn-ndarray 0.20.1
[20:01:38]     â”‚                       â”‚   â”‚   â”‚   â”œâ”€â”€ burn-fusion 0.20.1
[20:01:38]     â”‚                       â”‚   â”‚   â”‚   â”‚   â”œâ”€â”€ burn-cubecl-fusion 0.20.1
[20:01:38]     â”‚                       â”‚   â”‚   â”‚   â”‚   â””â”€â”€ burn-cubecl 0.20.1
[20:01:38]     â”‚                       â”‚   â”‚   â”‚   â”œâ”€â”€ burn-cubecl-fusion 0.20.1
[20:01:38]     â”‚                       â”‚   â”‚   â”‚   â””â”€â”€ burn-cubecl 0.20.1
[20:01:38]     â”‚                       â”‚   â”‚   â”œâ”€â”€ burn-fusion 0.20.1
[20:01:38]     â”‚                       â”‚   â”‚   â”œâ”€â”€ burn-cuda 0.20.1
[20:01:38]     â”‚                       â”‚   â”‚   â”œâ”€â”€ burn-cubecl-fusion 0.20.1
[20:01:38]     â”‚                       â”‚   â”‚   â”œâ”€â”€ burn-cubecl 0.20.1
[20:01:38]     â”‚                       â”‚   â”‚   â”œâ”€â”€ burn-cpu 0.20.1
[20:01:38]     â”‚                       â”‚   â”‚   â”œâ”€â”€ burn-candle 0.20.1
[20:01:38]     â”‚                       â”‚   â”‚   â””â”€â”€ burn-autodiff 0.20.1
[20:01:38]     â”‚                       â”‚   â”‚       â”œâ”€â”€ kataglyphis_rustprojecttemplate 0.1.0
[20:01:38]     â”‚                       â”‚   â”‚       â”œâ”€â”€ burn-ndarray 0.20.1
[20:01:38]     â”‚                       â”‚   â”‚       â””â”€â”€ burn 0.20.1
[20:01:38]     â”‚                       â”‚   â””â”€â”€ burn-autodiff 0.20.1
[20:01:38]     â”‚                       â”œâ”€â”€ burn-rocm 0.20.1
[20:01:38]     â”‚                       â”œâ”€â”€ burn-cuda 0.20.1
[20:01:38]     â”‚                       â”œâ”€â”€ burn-cubecl-fusion 0.20.1
[20:01:38]     â”‚                       â”œâ”€â”€ burn-cubecl 0.20.1
[20:01:38]     â”‚                       â”œâ”€â”€ burn-cpu 0.20.1
[20:01:38]     â”‚                       â””â”€â”€ burn-backend 0.20.1
[20:01:38]     â”œâ”€â”€ tracel-mlir-sys 20.1.4-7
[20:01:38]     â”‚   â”œâ”€â”€ tracel-mlir-rs 20.1.4-7
[20:01:38]     â”‚   â””â”€â”€ tracel-llvm 20.1.4-7
[20:01:38]     â”œâ”€â”€ tracel-mlir-rs-macros 20.1.4-7
[20:01:38]     â””â”€â”€ cubecl-cpu 0.9.0
[20:01:38] Crate:     tar
[20:01:38] Version:   0.4.44
[20:01:38] Title:     tar-rs incorrectly ignores PAX size headers if header size is nonzero
[20:01:38] Date:      2026-03-19
[20:01:38] ID:        RUSTSEC-2026-0068
[20:01:38] URL:       https://rustsec.org/advisories/RUSTSEC-2026-0068
[20:01:38] Severity:  5.1 (medium)
[20:01:38] Solution:  Upgrade to >=0.4.45
[20:01:38]     Fetching advisory database from `https://github.com/RustSec/advisory-db.git`
[20:01:38]       Loaded 1017 security advisories (from C:\Users\ContainerAdministrator\scoop\persist\rustup\.cargo\advisory-db)
[20:01:38]     Updating crates.io index
[20:01:38]     Scanning Cargo.lock for vulnerabilities (836 crate dependencies)
[20:01:38] error: 3 vulnerabilities found!
[20:01:38] WARNING: cargo audit failed or not available: Command failed with exit code 1: cargo audit
[20:01:38] CMD: cargo deny check advisories licenses bans sources
[20:02:03] advisories FAILED, bans ok, licenses ok, sources ok
[20:02:03] error[vulnerability]: `unpack_in` can chmod arbitrary directories by following symlinks
[20:02:03]     â”Œâ”€ C:\workspace/Cargo.lock:405:1
[20:02:03]     â”‚
[20:02:03] 405 â”‚ tar 0.4.44 registry+https://github.com/rust-lang/crates.io-index
[20:02:03]     â”‚ â”â”â”â”â”â”â”â”â”â”â”â”â”â”â”â”â”â”â”â”â”â”â”â”â”â”â”â”â”â”â”â”â”â”â”â”â”â”â”â”â”â”â”â”â”â”â”â”â”â”â”â”â”â”â”â”â”â”â”â”â”â”â”â” security vulnerability detected
[20:02:03]     â”‚
[20:02:03]     â”œ ID: RUSTSEC-2026-0067
[20:02:03]     â”œ Advisory: https://rustsec.org/advisories/RUSTSEC-2026-0067
[20:02:03]     â”œ In versions 0.4.44 and below of tar-rs, when unpacking a tar archive, the tar
[20:02:03]       crate's `unpack_dir` function uses [`fs::metadata()`][fs-metadata] to check
[20:02:03]       whether a path that already exists is a directory. Because `fs::metadata()`
[20:02:03]       follows symbolic links, a crafted tarball containing a symlink entry followed
[20:02:03]       by a directory entry with the same name causes the crate to treat the symlink
[20:02:03]       target as a valid existing directory â€” and subsequently apply chmod to it. This
[20:02:03]       allows an attacker to modify the permissions of arbitrary directories outside
[20:02:03]       the extraction root.
[20:02:03]       This issue has been fixed in version 0.4.45.
[20:02:03]       [fs-metadata]: https://doc.rust-lang.org/std/fs/fn.metadata.html
[20:02:03]     â”œ Solution: Upgrade to >=0.4.45 (try `cargo update -p tar`)
[20:02:03]     â”œ tar v0.4.44
[20:02:03]       â””â”€â”€ tract-nnef v0.22.1
[20:02:03]           â”œâ”€â”€ tract-onnx v0.22.1
[20:02:03]           â”‚   â””â”€â”€ kataglyphis_rustprojecttemplate v0.1.0
[20:02:03]           â””â”€â”€ tract-onnx-opl v0.22.1
[20:02:03]               â””â”€â”€ tract-onnx v0.22.1 (*)
[20:02:03] error[vulnerability]: tar-rs incorrectly ignores PAX size headers if header size is nonzero
[20:02:03]     â”Œâ”€ C:\workspace/Cargo.lock:405:1
[20:02:03]     â”‚
[20:02:03] 405 â”‚ tar 0.4.44 registry+https://github.com/rust-lang/crates.io-index
[20:02:03]     â”‚ â”â”â”â”â”â”â”â”â”â”â”â”â”â”â”â”â”â”â”â”â”â”â”â”â”â”â”â”â”â”â”â”â”â”â”â”â”â”â”â”â”â”â”â”â”â”â”â”â”â”â”â”â”â”â”â”â”â”â”â”â”â”â”â” security vulnerability detected
[20:02:03]     â”‚
[20:02:03]     â”œ ID: RUSTSEC-2026-0068
[20:02:03]     â”œ Advisory: https://rustsec.org/advisories/RUSTSEC-2026-0068
[20:02:03]     â”œ Versions 0.4.44 and below of tar-rs have conditional logic that skips the PAX
[20:02:03]       size header in cases where the base header size is nonzero.
[20:02:03]       As part of [CVE-2025-62518][astral-cve], the [astral-tokio-tar]
[20:02:03]       project was changed to correctly honor PAX size headers in the case where it
[20:02:03]       was different from the base header. This is almost the inverse of the
[20:02:03]       astral-tokio-tar issue.
[20:02:03]       Any discrepancy in how tar parsers honor file size can be used to create
[20:02:03]       archives that appear differently when unpacked by different archivers. In this
[20:02:03]       case, the tar-rs (Rust tar) crate is an outlier in checking for the header size
[20:02:03]       â€” other tar parsers (including e.g. Go [`archive/tar`][go-tar]) unconditionally
[20:02:03]       use the PAX size override. This can affect anything that uses the tar crate to
[20:02:03]       parse archives and expects to have a consistent view with other parsers.
[20:02:03]       This issue has been fixed in version 0.4.45.
[20:02:03]       [astral-cve]: https://www.cve.org/CVERecord?id=CVE-2025-62518
[20:02:03]       [astral-tokio-tar]: https://github.com/astral-sh/tokio-tar
[20:02:03]       [go-tar]: https://pkg.go.dev/archive/tar
[20:02:03]     â”œ Solution: Upgrade to >=0.4.45 (try `cargo update -p tar`)
[20:02:03]     â”œ tar v0.4.44
[20:02:03]       â””â”€â”€ tract-nnef v0.22.1
[20:02:03]           â”œâ”€â”€ tract-onnx v0.22.1
[20:02:03]           â”‚   â””â”€â”€ kataglyphis_rustprojecttemplate v0.1.0
[20:02:03]           â””â”€â”€ tract-onnx-opl v0.22.1
[20:02:03]               â””â”€â”€ tract-onnx v0.22.1 (*)
[20:02:03] warning[unmatched-source]: allowed source was not encountered
[20:02:03]    â”Œâ”€ C:\workspace\deny.toml:41:4
[20:02:03]    â”‚
[20:02:03] 41 â”‚   "https://github.com/Traverse-Research/gpu-allocator",
[20:02:03]    â”‚    â”â”â”â”â”â”â”â”â”â”â”â”â”â”â”â”â”â”â”â”â”â”â”â”â”â”â”â”â”â”â”â”â”â”â”â”â”â”â”â”â”â”â”â”â”â”â”â”â”â” no crate source matched these criteria
[20:02:03] warning[duplicate]: found 2 duplicate entries for crate 'bit-set'
[20:02:03]    â”Œâ”€ C:\workspace/Cargo.lock:31:1
[20:02:03]    â”‚  
[20:02:03] 31 â”‚ â•­ bit-set 0.5.3 registry+https://github.com/rust-lang/crates.io-index
[20:02:03] 32 â”‚ â”‚ bit-set 0.8.0 registry+https://github.com/rust-lang/crates.io-index
[20:02:03]    â”‚ â•°â”€â”€â”€â”€â”€â”€â”€â”€â”€â”€â”€â”€â”€â”€â”€â”€â”€â”€â”€â”€â”€â”€â”€â”€â”€â”€â”€â”€â”€â”€â”€â”€â”€â”€â”€â”€â”€â”€â”€â”€â”€â”€â”€â”€â”€â”€â”€â”€â”€â”€â”€â”€â”€â”€â”€â”€â”€â”€â”€â”€â”€â”€â”€â”€â”€â”€â”€â”˜ lock entries
[20:02:03]    â”‚  
[20:02:03]    â”œ bit-set v0.5.3
[20:02:03]      â””â”€â”€ tract-core v0.22.1
[20:02:03]          â”œâ”€â”€ tract-hir v0.22.1
[20:02:03]          â”‚   â””â”€â”€ tract-onnx v0.22.1
[20:02:03]          â”‚       â””â”€â”€ kataglyphis_rustprojecttemplate v0.1.0
[20:02:03]          â””â”€â”€ tract-nnef v0.22.1
[20:02:03]              â”œâ”€â”€ tract-onnx v0.22.1 (*)
[20:02:03]              â””â”€â”€ tract-onnx-opl v0.22.1
[20:02:03]                  â””â”€â”€ tract-onnx v0.22.1 (*)
[20:02:03]    â”œ bit-set v0.8.0
[20:02:03]      â”œâ”€â”€ naga v27.0.3
[20:02:03]      â”‚   â”œâ”€â”€ wgpu-core v27.0.3
[20:02:03]      â”‚   â”‚   â””â”€â”€ wgpu v27.0.1
[20:02:03]      â”‚   â”‚       â”œâ”€â”€ egui-wgpu v0.33.3
[20:02:03]      â”‚   â”‚       â”‚   â””â”€â”€ kataglyphis_rustprojecttemplate v0.1.0
[20:02:03]      â”‚   â”‚       â””â”€â”€ kataglyphis_rustprojecttemplate v0.1.0 (*)
[20:02:03]      â”‚   â””â”€â”€ wgpu-hal v27.0.4
[20:02:03]      â”‚       â”œâ”€â”€ wgpu v27.0.1 (*)
[20:02:03]      â”‚       â”œâ”€â”€ wgpu-core v27.0.3 (*)
[20:02:03]      â”‚       â””â”€â”€ wgpu-core-deps-windows-linux-android v27.0.0
[20:02:03]      â”‚           â””â”€â”€ wgpu-core v27.0.3 (*)
[20:02:03]      â””â”€â”€ wgpu-core v27.0.3 (*)
[20:02:03] warning[duplicate]: found 2 duplicate entries for crate 'bit-vec'
[20:02:03]    â”Œâ”€ C:\workspace/Cargo.lock:33:1
[20:02:03]    â”‚  
[20:02:03] 33 â”‚ â•­ bit-vec 0.6.3 registry+https://github.com/rust-lang/crates.io-index
[20:02:03] 34 â”‚ â”‚ bit-vec 0.8.0 registry+https://github.com/rust-lang/crates.io-index
[20:02:03]    â”‚ â•°â”€â”€â”€â”€â”€â”€â”€â”€â”€â”€â”€â”€â”€â”€â”€â”€â”€â”€â”€â”€â”€â”€â”€â”€â”€â”€â”€â”€â”€â”€â”€â”€â”€â”€â”€â”€â”€â”€â”€â”€â”€â”€â”€â”€â”€â”€â”€â”€â”€â”€â”€â”€â”€â”€â”€â”€â”€â”€â”€â”€â”€â”€â”€â”€â”€â”€â”€â”˜ lock entries
[20:02:03]    â”‚  
[20:02:03]    â”œ bit-vec v0.6.3
[20:02:03]      â””â”€â”€ bit-set v0.5.3
[20:02:03]          â””â”€â”€ tract-core v0.22.1
[20:02:03]              â”œâ”€â”€ tract-hir v0.22.1
[20:02:03]              â”‚   â””â”€â”€ tract-onnx v0.22.1
[20:02:03]              â”‚       â””â”€â”€ kataglyphis_rustprojecttemplate v0.1.0
[20:02:03]              â””â”€â”€ tract-nnef v0.22.1
[20:02:03]                  â”œâ”€â”€ tract-onnx v0.22.1 (*)
[20:02:03]                  â””â”€â”€ tract-onnx-opl v0.22.1
[20:02:03]                      â””â”€â”€ tract-onnx v0.22.1 (*)
[20:02:03]    â”œ bit-vec v0.8.0
[20:02:03]      â”œâ”€â”€ bit-set v0.8.0
[20:02:03]      â”‚   â”œâ”€â”€ naga v27.0.3
[20:02:03]      â”‚   â”‚   â”œâ”€â”€ wgpu-core v27.0.3
[20:02:03]      â”‚   â”‚   â”‚   â””â”€â”€ wgpu v27.0.1
[20:02:03]      â”‚   â”‚   â”‚       â”œâ”€â”€ egui-wgpu v0.33.3
[20:02:03]      â”‚   â”‚   â”‚       â”‚   â””â”€â”€ kataglyphis_rustprojecttemplate v0.1.0
[20:02:03]      â”‚   â”‚   â”‚       â””â”€â”€ kataglyphis_rustprojecttemplate v0.1.0 (*)
[20:02:03]      â”‚   â”‚   â””â”€â”€ wgpu-hal v27.0.4
[20:02:03]      â”‚   â”‚       â”œâ”€â”€ wgpu v27.0.1 (*)
[20:02:03]      â”‚   â”‚       â”œâ”€â”€ wgpu-core v27.0.3 (*)
[20:02:03]      â”‚   â”‚       â””â”€â”€ wgpu-core-deps-windows-linux-android v27.0.0
[20:02:03]      â”‚   â”‚           â””â”€â”€ wgpu-core v27.0.3 (*)
[20:02:03]      â”‚   â””â”€â”€ wgpu-core v27.0.3 (*)
[20:02:03]      â””â”€â”€ wgpu-core v27.0.3 (*)
[20:02:03] warning[duplicate]: found 2 duplicate entries for crate 'bitflags'
[20:02:03]    â”Œâ”€ C:\workspace/Cargo.lock:35:1
[20:02:03]    â”‚  
[20:02:03] 35 â”‚ â•­ bitflags 1.3.2 registry+https://github.com/rust-lang/crates.io-index
[20:02:03] 36 â”‚ â”‚ bitflags 2.11.0 registry+https://github.com/rust-lang/crates.io-index
[20:02:03]    â”‚ â•°â”€â”€â”€â”€â”€â”€â”€â”€â”€â”€â”€â”€â”€â”€â”€â”€â”€â”€â”€â”€â”€â”€â”€â”€â”€â”€â”€â”€â”€â”€â”€â”€â”€â”€â”€â”€â”€â”€â”€â”€â”€â”€â”€â”€â”€â”€â”€â”€â”€â”€â”€â”€â”€â”€â”€â”€â”€â”€â”€â”€â”€â”€â”€â”€â”€â”€â”€â”€â”€â”˜ lock entries
[20:02:03]    â”‚  
[20:02:03]    â”œ bitflags v1.3.2
[20:02:03]      â””â”€â”€ png v0.17.16
[20:02:03]          â””â”€â”€ image v0.24.9
[20:02:03]              â”œâ”€â”€ plotters v0.3.7
[20:02:03]              â”‚   â””â”€â”€ kataglyphis_rustprojecttemplate v0.1.0
[20:02:03]              â””â”€â”€ plotters-bitmap v0.3.7
[20:02:03]                  â””â”€â”€ plotters v0.3.7 (*)
[20:02:03]    â”œ bitflags v2.11.0
[20:02:03]      â”œâ”€â”€ cairo-rs v0.22.0
[20:02:03]      â”‚   â”œâ”€â”€ gdk4 v0.11.0
[20:02:03]      â”‚   â”‚   â”œâ”€â”€ gsk4 v0.11.0
[20:02:03]      â”‚   â”‚   â”‚   â””â”€â”€ gtk4 v0.11.0
[20:02:03]      â”‚   â”‚   â”‚       â””â”€â”€ kataglyphis_rustprojecttemplate v0.1.0
[20:02:03]      â”‚   â”‚   â””â”€â”€ gtk4 v0.11.0 (*)
[20:02:03]      â”‚   â”œâ”€â”€ gsk4 v0.11.0 (*)
[20:02:03]      â”‚   â””â”€â”€ gtk4 v0.11.0 (*)
[20:02:03]      â”œâ”€â”€ calloop v0.13.0
[20:02:03]      â”‚   â”œâ”€â”€ calloop-wayland-source v0.3.0
[20:02:03]      â”‚   â”‚   â””â”€â”€ smithay-client-toolkit v0.19.2
[20:02:03]      â”‚   â”‚       â”œâ”€â”€ sctk-adwaita v0.10.1
[20:02:03]      â”‚   â”‚       â”‚   â””â”€â”€ winit v0.30.13
[20:02:03]      â”‚   â”‚       â”‚       â”œâ”€â”€ egui-winit v0.33.3
[20:02:03]      â”‚   â”‚       â”‚       â”‚   â””â”€â”€ kataglyphis_rustprojecttemplate v0.1.0 (*)
[20:02:03]      â”‚   â”‚       â”‚       â””â”€â”€ kataglyphis_rustprojecttemplate v0.1.0 (*)
[20:02:03]      â”‚   â”‚       â””â”€â”€ winit v0.30.13 (*)
[20:02:03]      â”‚   â”œâ”€â”€ smithay-client-toolkit v0.19.2 (*)
[20:02:03]      â”‚   â””â”€â”€ winit v0.30.13 (*)
[20:02:03]      â”œâ”€â”€ calloop v0.14.4
[20:02:03]      â”‚   â”œâ”€â”€ calloop-wayland-source v0.4.1
[20:02:03]      â”‚   â”‚   â””â”€â”€ smithay-client-toolkit v0.20.0
[20:02:03]      â”‚   â”‚       â””â”€â”€ smithay-clipboard v0.7.3
[20:02:03]      â”‚   â”‚           â””â”€â”€ egui-winit v0.33.3 (*)
[20:02:03]      â”‚   â””â”€â”€ smithay-client-toolkit v0.20.0 (*)
[20:02:03]      â”œâ”€â”€ cubecl-core v0.9.0
[20:02:03]      â”‚   â””â”€â”€ cubecl v0.9.0
[20:02:03]      â”‚       â””â”€â”€ burn-backend v0.20.1
[20:02:03]      â”‚           â”œâ”€â”€ burn-autodiff v0.20.1
[20:02:03]      â”‚           â”‚   â”œâ”€â”€ burn v0.20.1
[20:02:03]      â”‚           â”‚   â”‚   â””â”€â”€ kataglyphis_rustprojecttemplate v0.1.0 (*)
[20:02:03]      â”‚           â”‚   â”œâ”€â”€ burn-ndarray v0.20.1
[20:02:03]      â”‚           â”‚   â”‚   â”œâ”€â”€ burn v0.20.1 (*)
[20:02:03]      â”‚           â”‚   â”‚   â””â”€â”€ kataglyphis_rustprojecttemplate v0.1.0 (*)
[20:02:03]      â”‚           â”‚   â””â”€â”€ kataglyphis_rustprojecttemplate v0.1.0 (*)
[20:02:03]      â”‚           â”œâ”€â”€ burn-ir v0.20.1
[20:02:03]      â”‚           â”‚   â””â”€â”€ burn-ndarray v0.20.1 (*)
[20:02:03]      â”‚           â”œâ”€â”€ burn-ndarray v0.20.1 (*)
[20:02:03]      â”‚           â””â”€â”€ burn-tensor v0.20.1
[20:02:03]      â”‚               â””â”€â”€ burn-core v0.20.1
[20:02:03]      â”‚                   â”œâ”€â”€ burn v0.20.1 (*)
[20:02:03]      â”‚                   â”œâ”€â”€ burn-nn v0.20.1
[20:02:03]      â”‚                   â”‚   â””â”€â”€ burn v0.20.1 (*)
[20:02:03]      â”‚                   â””â”€â”€ burn-optim v0.20.1
[20:02:03]      â”‚                       â””â”€â”€ burn v0.20.1 (*)
[20:02:03]      â”œâ”€â”€ egui v0.33.3
[20:02:03]      â”‚   â”œâ”€â”€ egui-wgpu v0.33.3
[20:02:03]      â”‚   â”‚   â””â”€â”€ kataglyphis_rustprojecttemplate v0.1.0 (*)
[20:02:03]      â”‚   â”œâ”€â”€ egui-winit v0.33.3 (*)
[20:02:03]      â”‚   â””â”€â”€ kataglyphis_rustprojecttemplate v0.1.0 (*)
[20:02:03]      â”œâ”€â”€ font-kit v0.14.3
[20:02:03]      â”‚   â””â”€â”€ plotters v0.3.7
[20:02:03]      â”‚       â””â”€â”€ kataglyphis_rustprojecttemplate v0.1.0 (*)
[20:02:03]      â”œâ”€â”€ glib v0.22.2
[20:02:03]      â”‚   â”œâ”€â”€ cairo-rs v0.22.0 (*)
[20:02:03]      â”‚   â”œâ”€â”€ gdk-pixbuf v0.22.0
[20:02:03]      â”‚   â”‚   â”œâ”€â”€ gdk4 v0.11.0 (*)
[20:02:03]      â”‚   â”‚   â””â”€â”€ gtk4 v0.11.0 (*)
[20:02:03]      â”‚   â”œâ”€â”€ gdk4 v0.11.0 (*)
[20:02:03]      â”‚   â”œâ”€â”€ gio v0.22.2
[20:02:03]      â”‚   â”‚   â”œâ”€â”€ gdk-pixbuf v0.22.0 (*)
[20:02:03]      â”‚   â”‚   â”œâ”€â”€ gdk4 v0.11.0 (*)
[20:02:03]      â”‚   â”‚   â”œâ”€â”€ gtk4 v0.11.0 (*)
[20:02:03]      â”‚   â”‚   â””â”€â”€ pango v0.22.0
[20:02:03]      â”‚   â”‚       â”œâ”€â”€ gdk4 v0.11.0 (*)
[20:02:03]      â”‚   â”‚       â”œâ”€â”€ gsk4 v0.11.0 (*)
[20:02:03]      â”‚   â”‚       â””â”€â”€ gtk4 v0.11.0 (*)
[20:02:03]      â”‚   â”œâ”€â”€ graphene-rs v0.22.0
[20:02:03]      â”‚   â”‚   â”œâ”€â”€ gsk4 v0.11.0 (*)
[20:02:03]      â”‚   â”‚   â””â”€â”€ gtk4 v0.11.0 (*)
[20:02:03]      â”‚   â”œâ”€â”€ gsk4 v0.11.0 (*)
[20:02:03]      â”‚   â”œâ”€â”€ gstreamer v0.25.1
[20:02:03]      â”‚   â”‚   â”œâ”€â”€ gstreamer-app v0.25.0
[20:02:03]      â”‚   â”‚   â”‚   â””â”€â”€ kataglyphis_rustprojecttemplate v0.1.0 (*)
[20:02:03]      â”‚   â”‚   â”œâ”€â”€ gstreamer-base v0.25.0
[20:02:03]      â”‚   â”‚   â”‚   â””â”€â”€ gstreamer-app v0.25.0 (*)
[20:02:03]      â”‚   â”‚   â””â”€â”€ kataglyphis_rustprojecttemplate v0.1.0 (*)
[20:02:03]      â”‚   â”œâ”€â”€ gstreamer-app v0.25.0 (*)
[20:02:03]      â”‚   â”œâ”€â”€ gstreamer-base v0.25.0 (*)
[20:02:03]      â”‚   â”œâ”€â”€ gtk4 v0.11.0 (*)
[20:02:03]      â”‚   â””â”€â”€ pango v0.22.0 (*)
[20:02:03]      â”œâ”€â”€ gpu-alloc v0.6.0
[20:02:03]      â”‚   â””â”€â”€ wgpu-hal v27.0.4
[20:02:03]      â”‚       â”œâ”€â”€ wgpu v27.0.1
[20:02:03]      â”‚       â”‚   â”œâ”€â”€ egui-wgpu v0.33.3 (*)
[20:02:03]      â”‚       â”‚   â””â”€â”€ kataglyphis_rustprojecttemplate v0.1.0 (*)
[20:02:03]      â”‚       â”œâ”€â”€ wgpu-core v27.0.3
[20:02:03]      â”‚       â”‚   â””â”€â”€ wgpu v27.0.1 (*)
[20:02:03]      â”‚       â””â”€â”€ wgpu-core-deps-windows-linux-android v27.0.0
[20:02:03]      â”‚           â””â”€â”€ wgpu-core v27.0.3 (*)
[20:02:03]      â”œâ”€â”€ gpu-alloc-types v0.3.0
[20:02:03]      â”‚   â””â”€â”€ gpu-alloc v0.6.0 (*)
[20:02:03]      â”œâ”€â”€ gpu-descriptor v0.3.2
[20:02:03]      â”‚   â””â”€â”€ wgpu-hal v27.0.4 (*)
[20:02:03]      â”œâ”€â”€ gpu-descriptor-types v0.2.0
[20:02:03]      â”‚   â””â”€â”€ gpu-descriptor v0.3.2 (*)
[20:02:03]      â”œâ”€â”€ naga v27.0.3
[20:02:03]      â”‚   â”œâ”€â”€ wgpu-core v27.0.3 (*)
[20:02:03]      â”‚   â””â”€â”€ wgpu-hal v27.0.4 (*)
[20:02:03]      â”œâ”€â”€ openssl v0.10.75
[20:02:03]      â”‚   â””â”€â”€ native-tls v0.2.18
[20:02:03]      â”‚       â””â”€â”€ ureq v3.2.0
[20:02:03]      â”‚           â””â”€â”€ (build) ort-sys v2.0.0-rc.12
[20:02:03]      â”‚               â””â”€â”€ ort v2.0.0-rc.12
[20:02:03]      â”‚                   â””â”€â”€ kataglyphis_rustprojecttemplate v0.1.0 (*)
[20:02:03]      â”œâ”€â”€ png v0.18.1
[20:02:03]      â”‚   â””â”€â”€ image v0.25.10
[20:02:03]      â”‚       â””â”€â”€ arboard v3.6.1
[20:02:03]      â”‚           â””â”€â”€ egui-winit v0.33.3 (*)
[20:02:03]      â”œâ”€â”€ rustix v0.38.44
[20:02:03]      â”‚   â”œâ”€â”€ calloop v0.13.0 (*)
[20:02:03]      â”‚   â”œâ”€â”€ calloop-wayland-source v0.3.0 (*)
[20:02:03]      â”‚   â”œâ”€â”€ smithay-client-toolkit v0.19.2 (*)
[20:02:03]      â”‚   â””â”€â”€ winit v0.30.13 (*)
[20:02:03]      â”œâ”€â”€ rustix v1.1.4
[20:02:03]      â”‚   â”œâ”€â”€ calloop v0.14.4 (*)
[20:02:03]      â”‚   â”œâ”€â”€ calloop-wayland-source v0.4.1 (*)
[20:02:03]      â”‚   â”œâ”€â”€ gethostname v1.1.0
[20:02:03]      â”‚   â”‚   â””â”€â”€ x11rb v0.13.2
[20:02:03]      â”‚   â”‚       â”œâ”€â”€ arboard v3.6.1 (*)
[20:02:03]      â”‚   â”‚       â””â”€â”€ winit v0.30.13 (*)
[20:02:03]      â”‚   â”œâ”€â”€ polling v3.11.0
[20:02:03]      â”‚   â”‚   â”œâ”€â”€ calloop v0.13.0 (*)
[20:02:03]      â”‚   â”‚   â””â”€â”€ calloop v0.14.4 (*)
[20:02:03]      â”‚   â”œâ”€â”€ smithay-client-toolkit v0.20.0 (*)
[20:02:03]      â”‚   â”œâ”€â”€ tempfile v3.26.0
[20:02:03]      â”‚   â”‚   â””â”€â”€ kataglyphis_rustprojecttemplate v0.1.0 (*)
[20:02:03]      â”‚   â”œâ”€â”€ wayland-backend v0.3.14
[20:02:03]      â”‚   â”‚   â”œâ”€â”€ calloop-wayland-source v0.3.0 (*)
[20:02:03]      â”‚   â”‚   â”œâ”€â”€ calloop-wayland-source v0.4.1 (*)
[20:02:03]      â”‚   â”‚   â”œâ”€â”€ smithay-client-toolkit v0.19.2 (*)
[20:02:03]      â”‚   â”‚   â”œâ”€â”€ smithay-client-toolkit v0.20.0 (*)
[20:02:03]      â”‚   â”‚   â”œâ”€â”€ smithay-clipboard v0.7.3 (*)
[20:02:03]      â”‚   â”‚   â”œâ”€â”€ wayland-client v0.31.13
[20:02:03]      â”‚   â”‚   â”‚   â”œâ”€â”€ calloop-wayland-source v0.3.0 (*)
[20:02:03]      â”‚   â”‚   â”‚   â”œâ”€â”€ calloop-wayland-source v0.4.1 (*)
[20:02:03]      â”‚   â”‚   â”‚   â”œâ”€â”€ smithay-client-toolkit v0.19.2 (*)
[20:02:03]      â”‚   â”‚   â”‚   â”œâ”€â”€ smithay-client-toolkit v0.20.0 (*)
[20:02:03]      â”‚   â”‚   â”‚   â”œâ”€â”€ wayland-cursor v0.31.13
[20:02:03]      â”‚   â”‚   â”‚   â”‚   â”œâ”€â”€ smithay-client-toolkit v0.19.2 (*)
[20:02:03]      â”‚   â”‚   â”‚   â”‚   â””â”€â”€ smithay-client-toolkit v0.20.0 (*)
[20:02:03]      â”‚   â”‚   â”‚   â”œâ”€â”€ wayland-protocols v0.32.11
[20:02:03]      â”‚   â”‚   â”‚   â”‚   â”œâ”€â”€ smithay-client-toolkit v0.19.2 (*)
[20:02:03]      â”‚   â”‚   â”‚   â”‚   â”œâ”€â”€ smithay-client-toolkit v0.20.0 (*)
[20:02:03]      â”‚   â”‚   â”‚   â”‚   â”œâ”€â”€ wayland-protocols-experimental v20250721.0.1
[20:02:03]      â”‚   â”‚   â”‚   â”‚   â”‚   â””â”€â”€ smithay-client-toolkit v0.20.0 (*)
[20:02:03]      â”‚   â”‚   â”‚   â”‚   â”œâ”€â”€ wayland-protocols-misc v0.3.11
[20:02:03]      â”‚   â”‚   â”‚   â”‚   â”‚   â””â”€â”€ smithay-client-toolkit v0.20.0 (*)
[20:02:03]      â”‚   â”‚   â”‚   â”‚   â”œâ”€â”€ wayland-protocols-plasma v0.3.11
[20:02:03]      â”‚   â”‚   â”‚   â”‚   â”‚   â””â”€â”€ winit v0.30.13 (*)
[20:02:03]      â”‚   â”‚   â”‚   â”‚   â”œâ”€â”€ wayland-protocols-wlr v0.3.11
[20:02:03]      â”‚   â”‚   â”‚   â”‚   â”‚   â”œâ”€â”€ smithay-client-toolkit v0.19.2 (*)
[20:02:03]      â”‚   â”‚   â”‚   â”‚   â”‚   â””â”€â”€ smithay-client-toolkit v0.20.0 (*)
[20:02:03]      â”‚   â”‚   â”‚   â”‚   â””â”€â”€ winit v0.30.13 (*)
[20:02:03]      â”‚   â”‚   â”‚   â”œâ”€â”€ wayland-protocols-experimental v20250721.0.1 (*)
[20:02:03]      â”‚   â”‚   â”‚   â”œâ”€â”€ wayland-protocols-misc v0.3.11 (*)
[20:02:03]      â”‚   â”‚   â”‚   â”œâ”€â”€ wayland-protocols-plasma v0.3.11 (*)
[20:02:03]      â”‚   â”‚   â”‚   â”œâ”€â”€ wayland-protocols-wlr v0.3.11 (*)
[20:02:03]      â”‚   â”‚   â”‚   â””â”€â”€ winit v0.30.13 (*)
[20:02:03]      â”‚   â”‚   â”œâ”€â”€ wayland-csd-frame v0.3.0
[20:02:03]      â”‚   â”‚   â”‚   â”œâ”€â”€ smithay-client-toolkit v0.19.2 (*)
[20:02:03]      â”‚   â”‚   â”‚   â””â”€â”€ smithay-client-toolkit v0.20.0 (*)
[20:02:03]      â”‚   â”‚   â”œâ”€â”€ wayland-protocols v0.32.11 (*)
[20:02:03]      â”‚   â”‚   â”œâ”€â”€ wayland-protocols-experimental v20250721.0.1 (*)
[20:02:03]      â”‚   â”‚   â”œâ”€â”€ wayland-protocols-misc v0.3.11 (*)
[20:02:03]      â”‚   â”‚   â”œâ”€â”€ wayland-protocols-plasma v0.3.11 (*)
[20:02:03]      â”‚   â”‚   â”œâ”€â”€ wayland-protocols-wlr v0.3.11 (*)
[20:02:03]      â”‚   â”‚   â””â”€â”€ winit v0.30.13 (*)
[20:02:03]      â”‚   â”œâ”€â”€ wayland-client v0.31.13 (*)
[20:02:03]      â”‚   â”œâ”€â”€ wayland-cursor v0.31.13 (*)
[20:02:03]      â”‚   â”œâ”€â”€ x11rb v0.13.2 (*)
[20:02:03]      â”‚   â””â”€â”€ xattr v1.6.1
[20:02:03]      â”‚       â””â”€â”€ tar v0.4.44
[20:02:03]      â”‚           â””â”€â”€ tract-nnef v0.22.1
[20:02:03]      â”‚               â”œâ”€â”€ tract-onnx v0.22.1
[20:02:03]      â”‚               â”‚   â””â”€â”€ kataglyphis_rustprojecttemplate v0.1.0 (*)
[20:02:03]      â”‚               â””â”€â”€ tract-onnx-opl v0.22.1
[20:02:03]      â”‚                   â””â”€â”€ tract-onnx v0.22.1 (*)
[20:02:03]      â”œâ”€â”€ smithay-client-toolkit v0.19.2 (*)
[20:02:03]      â”œâ”€â”€ smithay-client-toolkit v0.20.0 (*)
[20:02:03]      â”œâ”€â”€ spirv v0.3.0+sdk-1.3.268.0
[20:02:03]      â”‚   â””â”€â”€ naga v27.0.3 (*)
[20:02:03]      â”œâ”€â”€ wayland-client v0.31.13 (*)
[20:02:03]      â”œâ”€â”€ wayland-csd-frame v0.3.0 (*)
[20:02:03]      â”œâ”€â”€ wayland-protocols v0.32.11 (*)
[20:02:03]      â”œâ”€â”€ wayland-protocols-experimental v20250721.0.1 (*)
[20:02:03]      â”œâ”€â”€ wayland-protocols-misc v0.3.11 (*)
[20:02:03]      â”œâ”€â”€ wayland-protocols-plasma v0.3.11 (*)
[20:02:03]      â”œâ”€â”€ wayland-protocols-wlr v0.3.11 (*)
[20:02:03]      â”œâ”€â”€ wgpu v27.0.1 (*)
[20:02:03]      â”œâ”€â”€ wgpu-core v27.0.3 (*)
[20:02:03]      â”œâ”€â”€ wgpu-hal v27.0.4 (*)
[20:02:03]      â”œâ”€â”€ wgpu-types v27.0.1
[20:02:03]      â”‚   â”œâ”€â”€ wgpu v27.0.1 (*)
[20:02:03]      â”‚   â”œâ”€â”€ wgpu-core v27.0.3 (*)
[20:02:03]      â”‚   â””â”€â”€ wgpu-hal v27.0.4 (*)
[20:02:03]      â”œâ”€â”€ winit v0.30.13 (*)
[20:02:03]      â””â”€â”€ xkbcommon-dl v0.4.2
[20:02:03]          â””â”€â”€ winit v0.30.13 (*)
[20:02:03] warning[duplicate]: found 2 duplicate entries for crate 'calloop'
[20:02:03]    â”Œâ”€ C:\workspace/Cargo.lock:58:1
[20:02:03]    â”‚  
[20:02:03] 58 â”‚ â•­ calloop 0.13.0 registry+https://github.com/rust-lang/crates.io-index
[20:02:03] 59 â”‚ â”‚ calloop 0.14.4 registry+https://github.com/rust-lang/crates.io-index
[20:02:03]    â”‚ â•°â”€â”€â”€â”€â”€â”€â”€â”€â”€â”€â”€â”€â”€â”€â”€â”€â”€â”€â”€â”€â”€â”€â”€â”€â”€â”€â”€â”€â”€â”€â”€â”€â”€â”€â”€â”€â”€â”€â”€â”€â”€â”€â”€â”€â”€â”€â”€â”€â”€â”€â”€â”€â”€â”€â”€â”€â”€â”€â”€â”€â”€â”€â”€â”€â”€â”€â”€â”€â”˜ lock entries
[20:02:03]    â”‚  
[20:02:03]    â”œ calloop v0.13.0
[20:02:03]      â”œâ”€â”€ calloop-wayland-source v0.3.0
[20:02:03]      â”‚   â””â”€â”€ smithay-client-toolkit v0.19.2
[20:02:03]      â”‚       â”œâ”€â”€ sctk-adwaita v0.10.1
[20:02:03]      â”‚       â”‚   â””â”€â”€ winit v0.30.13
[20:02:03]      â”‚       â”‚       â”œâ”€â”€ egui-winit v0.33.3
[20:02:03]      â”‚       â”‚       â”‚   â””â”€â”€ kataglyphis_rustprojecttemplate v0.1.0
[20:02:03]      â”‚       â”‚       â””â”€â”€ kataglyphis_rustprojecttemplate v0.1.0 (*)
[20:02:03]      â”‚       â””â”€â”€ winit v0.30.13 (*)
[20:02:03]      â”œâ”€â”€ smithay-client-toolkit v0.19.2 (*)
[20:02:03]      â””â”€â”€ winit v0.30.13 (*)
[20:02:03]    â”œ calloop v0.14.4
[20:02:03]      â”œâ”€â”€ calloop-wayland-source v0.4.1
[20:02:03]      â”‚   â””â”€â”€ smithay-client-toolkit v0.20.0
[20:02:03]      â”‚       â””â”€â”€ smithay-clipboard v0.7.3
[20:02:03]      â”‚           â””â”€â”€ egui-winit v0.33.3
[20:02:03]      â”‚               â””â”€â”€ kataglyphis_rustprojecttemplate v0.1.0
[20:02:03]      â””â”€â”€ smithay-client-toolkit v0.20.0 (*)
[20:02:03] warning[duplicate]: found 2 duplicate entries for crate 'calloop-wayland-source'
[20:02:03]    â”Œâ”€ C:\workspace/Cargo.lock:60:1
[20:02:03]    â”‚  
[20:02:03] 60 â”‚ â•­ calloop-wayland-source 0.3.0 registry+https://github.com/rust-lang/crates.io-index
[20:02:03] 61 â”‚ â”‚ calloop-wayland-source 0.4.1 registry+https://github.com/rust-lang/crates.io-index
[20:02:03]    â”‚ â•°â”€â”€â”€â”€â”€â”€â”€â”€â”€â”€â”€â”€â”€â”€â”€â”€â”€â”€â”€â”€â”€â”€â”€â”€â”€â”€â”€â”€â”€â”€â”€â”€â”€â”€â”€â”€â”€â”€â”€â”€â”€â”€â”€â”€â”€â”€â”€â”€â”€â”€â”€â”€â”€â”€â”€â”€â”€â”€â”€â”€â”€â”€â”€â”€â”€â”€â”€â”€â”€â”€â”€â”€â”€â”€â”€â”€â”€â”€â”€â”€â”€â”€â”˜ lock entries
[20:02:03]    â”‚  
[20:02:03]    â”œ calloop-wayland-source v0.3.0
[20:02:03]      â””â”€â”€ smithay-client-toolkit v0.19.2
[20:02:03]          â”œâ”€â”€ sctk-adwaita v0.10.1
[20:02:03]          â”‚   â””â”€â”€ winit v0.30.13
[20:02:03]          â”‚       â”œâ”€â”€ egui-winit v0.33.3
[20:02:03]          â”‚       â”‚   â””â”€â”€ kataglyphis_rustprojecttemplate v0.1.0
[20:02:03]          â”‚       â””â”€â”€ kataglyphis_rustprojecttemplate v0.1.0 (*)
[20:02:03]          â””â”€â”€ winit v0.30.13 (*)
[20:02:03]    â”œ calloop-wayland-source v0.4.1
[20:02:03]      â””â”€â”€ smithay-client-toolkit v0.20.0
[20:02:03]          â””â”€â”€ smithay-clipboard v0.7.3
[20:02:03]              â””â”€â”€ egui-winit v0.33.3
[20:02:03]                  â””â”€â”€ kataglyphis_rustprojecttemplate v0.1.0
[20:02:03] warning[duplicate]: found 2 duplicate entries for crate 'codespan-reporting'
[20:02:03]    â”Œâ”€ C:\workspace/Cargo.lock:71:1
[20:02:03]    â”‚  
[20:02:03] 71 â”‚ â•­ codespan-reporting 0.12.0 registry+https://github.com/rust-lang/crates.io-index
[20:02:03] 72 â”‚ â”‚ codespan-reporting 0.13.1 registry+https://github.com/rust-lang/crates.io-index
[20:02:03]    â”‚ â•°â”€â”€â”€â”€â”€â”€â”€â”€â”€â”€â”€â”€â”€â”€â”€â”€â”€â”€â”€â”€â”€â”€â”€â”€â”€â”€â”€â”€â”€â”€â”€â”€â”€â”€â”€â”€â”€â”€â”€â”€â”€â”€â”€â”€â”€â”€â”€â”€â”€â”€â”€â”€â”€â”€â”€â”€â”€â”€â”€â”€â”€â”€â”€â”€â”€â”€â”€â”€â”€â”€â”€â”€â”€â”€â”€â”€â”€â”€â”€â”˜ lock entries
[20:02:03]    â”‚  
[20:02:03]    â”œ codespan-reporting v0.12.0
[20:02:03]      â””â”€â”€ naga v27.0.3
[20:02:03]          â”œâ”€â”€ wgpu-core v27.0.3
[20:02:03]          â”‚   â””â”€â”€ wgpu v27.0.1
[20:02:03]          â”‚       â”œâ”€â”€ egui-wgpu v0.33.3
[20:02:03]          â”‚       â”‚   â””â”€â”€ kataglyphis_rustprojecttemplate v0.1.0
[20:02:03]          â”‚       â””â”€â”€ kataglyphis_rustprojecttemplate v0.1.0 (*)
[20:02:03]          â””â”€â”€ wgpu-hal v27.0.4
[20:02:03]              â”œâ”€â”€ wgpu v27.0.1 (*)
[20:02:03]              â”œâ”€â”€ wgpu-core v27.0.3 (*)
[20:02:03]              â””â”€â”€ wgpu-core-deps-windows-linux-android v27.0.0
[20:02:03]                  â””â”€â”€ wgpu-core v27.0.3 (*)
[20:02:03]    â”œ codespan-reporting v0.13.1
[20:02:03]      â””â”€â”€ cxx-build v1.0.194
[20:02:03]          â””â”€â”€ (build) kataglyphis_rustprojecttemplate v0.1.0
[20:02:03] warning[duplicate]: found 2 duplicate entries for crate 'darling'
[20:02:03]     â”Œâ”€ C:\workspace/Cargo.lock:100:1
[20:02:03]     â”‚  
[20:02:03] 100 â”‚ â•­ darling 0.20.11 registry+https://github.com/rust-lang/crates.io-index
[20:02:03] 101 â”‚ â”‚ darling 0.21.3 registry+https://github.com/rust-lang/crates.io-index
[20:02:03]     â”‚ â•°â”€â”€â”€â”€â”€â”€â”€â”€â”€â”€â”€â”€â”€â”€â”€â”€â”€â”€â”€â”€â”€â”€â”€â”€â”€â”€â”€â”€â”€â”€â”€â”€â”€â”€â”€â”€â”€â”€â”€â”€â”€â”€â”€â”€â”€â”€â”€â”€â”€â”€â”€â”€â”€â”€â”€â”€â”€â”€â”€â”€â”€â”€â”€â”€â”€â”€â”€â”€â”˜ lock entries
[20:02:03]     â”‚  
[20:02:03]     â”œ darling v0.20.11
[20:02:03]       â””â”€â”€ macerator-macros v0.1.4
[20:02:03]           â””â”€â”€ macerator v0.2.10
[20:02:03]               â””â”€â”€ burn-ndarray v0.20.1
[20:02:03]                   â”œâ”€â”€ burn v0.20.1
[20:02:03]                   â”‚   â””â”€â”€ kataglyphis_rustprojecttemplate v0.1.0
[20:02:03]                   â””â”€â”€ kataglyphis_rustprojecttemplate v0.1.0 (*)
[20:02:03]     â”œ darling v0.21.3
[20:02:03]       â”œâ”€â”€ cubecl-macros v0.9.0
[20:02:03]       â”‚   â””â”€â”€ cubecl-core v0.9.0
[20:02:03]       â”‚       â””â”€â”€ cubecl v0.9.0
[20:02:03]       â”‚           â””â”€â”€ burn-backend v0.20.1
[20:02:03]       â”‚               â”œâ”€â”€ burn-autodiff v0.20.1
[20:02:03]       â”‚               â”‚   â”œâ”€â”€ burn v0.20.1
[20:02:04]       â”‚               â”‚   â”‚   â””â”€â”€ kataglyphis_rustprojecttemplate v0.1.0
[20:02:04]       â”‚               â”‚   â”œâ”€â”€ burn-ndarray v0.20.1
[20:02:04]       â”‚               â”‚   â”‚   â”œâ”€â”€ burn v0.20.1 (*)
[20:02:04]       â”‚               â”‚   â”‚   â””â”€â”€ kataglyphis_rustprojecttemplate v0.1.0 (*)
[20:02:04]       â”‚               â”‚   â””â”€â”€ kataglyphis_rustprojecttemplate v0.1.0 (*)
[20:02:04]       â”‚               â”œâ”€â”€ burn-ir v0.20.1
[20:02:04]       â”‚               â”‚   â””â”€â”€ burn-ndarray v0.20.1 (*)
[20:02:04]       â”‚               â”œâ”€â”€ burn-ndarray v0.20.1 (*)
[20:02:04]       â”‚               â””â”€â”€ burn-tensor v0.20.1
[20:02:04]       â”‚                   â””â”€â”€ burn-core v0.20.1
[20:02:04]       â”‚                       â”œâ”€â”€ burn v0.20.1 (*)
[20:02:04]       â”‚                       â”œâ”€â”€ burn-nn v0.20.1
[20:02:04]       â”‚                       â”‚   â””â”€â”€ burn v0.20.1 (*)
[20:02:04]       â”‚                       â””â”€â”€ burn-optim v0.20.1
[20:02:04]       â”‚                           â””â”€â”€ burn v0.20.1 (*)
[20:02:04]       â”œâ”€â”€ cubecl-macros-internal v0.9.0
[20:02:04]       â”‚   â””â”€â”€ cubecl-ir v0.9.0
[20:02:04]       â”‚       â”œâ”€â”€ cubecl v0.9.0 (*)
[20:02:04]       â”‚       â”œâ”€â”€ cubecl-core v0.9.0 (*)
[20:02:04]       â”‚       â””â”€â”€ cubecl-runtime v0.9.0
[20:02:04]       â”‚           â”œâ”€â”€ cubecl v0.9.0 (*)
[20:02:04]       â”‚           â””â”€â”€ cubecl-core v0.9.0 (*)
[20:02:04]       â””â”€â”€ enumset_derive v0.14.0
[20:02:04]           â””â”€â”€ enumset v1.1.10
[20:02:04]               â”œâ”€â”€ cubecl-core v0.9.0 (*)
[20:02:04]               â”œâ”€â”€ cubecl-ir v0.9.0 (*)
[20:02:04]               â””â”€â”€ cubecl-runtime v0.9.0 (*)
[20:02:04] warning[duplicate]: found 2 duplicate entries for crate 'darling_core'
[20:02:04]     â”Œâ”€ C:\workspace/Cargo.lock:102:1
[20:02:04]     â”‚  
[20:02:04] 102 â”‚ â•­ darling_core 0.20.11 registry+https://github.com/rust-lang/crates.io-index
[20:02:04] 103 â”‚ â”‚ darling_core 0.21.3 registry+https://github.com/rust-lang/crates.io-index
[20:02:04]     â”‚ â•°â”€â”€â”€â”€â”€â”€â”€â”€â”€â”€â”€â”€â”€â”€â”€â”€â”€â”€â”€â”€â”€â”€â”€â”€â”€â”€â”€â”€â”€â”€â”€â”€â”€â”€â”€â”€â”€â”€â”€â”€â”€â”€â”€â”€â”€â”€â”€â”€â”€â”€â”€â”€â”€â”€â”€â”€â”€â”€â”€â”€â”€â”€â”€â”€â”€â”€â”€â”€â”€â”€â”€â”€â”€â”˜ lock entries
[20:02:04]     â”‚  
[20:02:04]     â”œ darling_core v0.20.11
[20:02:04]       â”œâ”€â”€ darling v0.20.11
[20:02:04]       â”‚   â””â”€â”€ macerator-macros v0.1.4
[20:02:04]       â”‚       â””â”€â”€ macerator v0.2.10
[20:02:04]       â”‚           â””â”€â”€ burn-ndarray v0.20.1
[20:02:04]       â”‚               â”œâ”€â”€ burn v0.20.1
[20:02:04]       â”‚               â”‚   â””â”€â”€ kataglyphis_rustprojecttemplate v0.1.0
[20:02:04]       â”‚               â””â”€â”€ kataglyphis_rustprojecttemplate v0.1.0 (*)
[20:02:04]       â””â”€â”€ darling_macro v0.20.11
[20:02:04]           â””â”€â”€ darling v0.20.11 (*)
[20:02:04]     â”œ darling_core v0.21.3
[20:02:04]       â”œâ”€â”€ darling v0.21.3
[20:02:04]       â”‚   â”œâ”€â”€ cubecl-macros v0.9.0
[20:02:04]       â”‚   â”‚   â””â”€â”€ cubecl-core v0.9.0
[20:02:04]       â”‚   â”‚       â””â”€â”€ cubecl v0.9.0
[20:02:04]       â”‚   â”‚           â””â”€â”€ burn-backend v0.20.1
[20:02:04]       â”‚   â”‚               â”œâ”€â”€ burn-autodiff v0.20.1
[20:02:04]       â”‚   â”‚               â”‚   â”œâ”€â”€ burn v0.20.1
[20:02:04]       â”‚   â”‚               â”‚   â”‚   â””â”€â”€ kataglyphis_rustprojecttemplate v0.1.0
[20:02:04]       â”‚   â”‚               â”‚   â”œâ”€â”€ burn-ndarray v0.20.1
[20:02:04]       â”‚   â”‚               â”‚   â”‚   â”œâ”€â”€ burn v0.20.1 (*)
[20:02:04]       â”‚   â”‚               â”‚   â”‚   â””â”€â”€ kataglyphis_rustprojecttemplate v0.1.0 (*)
[20:02:04]       â”‚   â”‚               â”‚   â””â”€â”€ kataglyphis_rustprojecttemplate v0.1.0 (*)
[20:02:04]       â”‚   â”‚               â”œâ”€â”€ burn-ir v0.20.1
[20:02:04]       â”‚   â”‚               â”‚   â””â”€â”€ burn-ndarray v0.20.1 (*)
[20:02:04]       â”‚   â”‚               â”œâ”€â”€ burn-ndarray v0.20.1 (*)
[20:02:04]       â”‚   â”‚               â””â”€â”€ burn-tensor v0.20.1
[20:02:04]       â”‚   â”‚                   â””â”€â”€ burn-core v0.20.1
[20:02:04]       â”‚   â”‚                       â”œâ”€â”€ burn v0.20.1 (*)
[20:02:04]       â”‚   â”‚                       â”œâ”€â”€ burn-nn v0.20.1
[20:02:04]       â”‚   â”‚                       â”‚   â””â”€â”€ burn v0.20.1 (*)
[20:02:04]       â”‚   â”‚                       â””â”€â”€ burn-optim v0.20.1
[20:02:04]       â”‚   â”‚                           â””â”€â”€ burn v0.20.1 (*)
[20:02:04]       â”‚   â”œâ”€â”€ cubecl-macros-internal v0.9.0
[20:02:04]       â”‚   â”‚   â””â”€â”€ cubecl-ir v0.9.0
[20:02:04]       â”‚   â”‚       â”œâ”€â”€ cubecl v0.9.0 (*)
[20:02:04]       â”‚   â”‚       â”œâ”€â”€ cubecl-core v0.9.0 (*)
[20:02:04]       â”‚   â”‚       â””â”€â”€ cubecl-runtime v0.9.0
[20:02:04]       â”‚   â”‚           â”œâ”€â”€ cubecl v0.9.0 (*)
[20:02:04]       â”‚   â”‚           â””â”€â”€ cubecl-core v0.9.0 (*)
[20:02:04]       â”‚   â””â”€â”€ enumset_derive v0.14.0
[20:02:04]       â”‚       â””â”€â”€ enumset v1.1.10
[20:02:04]       â”‚           â”œâ”€â”€ cubecl-core v0.9.0 (*)
[20:02:04]       â”‚           â”œâ”€â”€ cubecl-ir v0.9.0 (*)
[20:02:04]       â”‚           â””â”€â”€ cubecl-runtime v0.9.0 (*)
[20:02:04]       â””â”€â”€ darling_macro v0.21.3
[20:02:04]           â””â”€â”€ darling v0.21.3 (*)
[20:02:04] warning[duplicate]: found 2 duplicate entries for crate 'darling_macro'
[20:02:04]     â”Œâ”€ C:\workspace/Cargo.lock:104:1
[20:02:04]     â”‚  
[20:02:04] 104 â”‚ â•­ darling_macro 0.20.11 registry+https://github.com/rust-lang/crates.io-index
[20:02:04] 105 â”‚ â”‚ darling_macro 0.21.3 registry+https://github.com/rust-lang/crates.io-index
[20:02:04]     â”‚ â•°â”€â”€â”€â”€â”€â”€â”€â”€â”€â”€â”€â”€â”€â”€â”€â”€â”€â”€â”€â”€â”€â”€â”€â”€â”€â”€â”€â”€â”€â”€â”€â”€â”€â”€â”€â”€â”€â”€â”€â”€â”€â”€â”€â”€â”€â”€â”€â”€â”€â”€â”€â”€â”€â”€â”€â”€â”€â”€â”€â”€â”€â”€â”€â”€â”€â”€â”€â”€â”€â”€â”€â”€â”€â”€â”˜ lock entries
[20:02:04]     â”‚  
[20:02:04]     â”œ darling_macro v0.20.11
[20:02:04]       â””â”€â”€ darling v0.20.11
[20:02:04]           â””â”€â”€ macerator-macros v0.1.4
[20:02:04]               â””â”€â”€ macerator v0.2.10
[20:02:04]                   â””â”€â”€ burn-ndarray v0.20.1
[20:02:04]                       â”œâ”€â”€ burn v0.20.1
[20:02:04]                       â”‚   â””â”€â”€ kataglyphis_rustprojecttemplate v0.1.0
[20:02:04]                       â””â”€â”€ kataglyphis_rustprojecttemplate v0.1.0 (*)
[20:02:04]     â”œ darling_macro v0.21.3
[20:02:04]       â””â”€â”€ darling v0.21.3
[20:02:04]           â”œâ”€â”€ cubecl-macros v0.9.0
[20:02:04]           â”‚   â””â”€â”€ cubecl-core v0.9.0
[20:02:04]           â”‚       â””â”€â”€ cubecl v0.9.0
[20:02:04]           â”‚           â””â”€â”€ burn-backend v0.20.1
[20:02:04]           â”‚               â”œâ”€â”€ burn-autodiff v0.20.1
[20:02:04]           â”‚               â”‚   â”œâ”€â”€ burn v0.20.1
[20:02:04]           â”‚               â”‚   â”‚   â””â”€â”€ kataglyphis_rustprojecttemplate v0.1.0
[20:02:04]           â”‚               â”‚   â”œâ”€â”€ burn-ndarray v0.20.1
[20:02:04]           â”‚               â”‚   â”‚   â”œâ”€â”€ burn v0.20.1 (*)
[20:02:04]           â”‚               â”‚   â”‚   â””â”€â”€ kataglyphis_rustprojecttemplate v0.1.0 (*)
[20:02:04]           â”‚               â”‚   â””â”€â”€ kataglyphis_rustprojecttemplate v0.1.0 (*)
[20:02:04]           â”‚               â”œâ”€â”€ burn-ir v0.20.1
[20:02:04]           â”‚               â”‚   â””â”€â”€ burn-ndarray v0.20.1 (*)
[20:02:04]           â”‚               â”œâ”€â”€ burn-ndarray v0.20.1 (*)
[20:02:04]           â”‚               â””â”€â”€ burn-tensor v0.20.1
[20:02:04]           â”‚                   â””â”€â”€ burn-core v0.20.1
[20:02:04]           â”‚                       â”œâ”€â”€ burn v0.20.1 (*)
[20:02:04]           â”‚                       â”œâ”€â”€ burn-nn v0.20.1
[20:02:04]           â”‚                       â”‚   â””â”€â”€ burn v0.20.1 (*)
[20:02:04]           â”‚                       â””â”€â”€ burn-optim v0.20.1
[20:02:04]           â”‚                           â””â”€â”€ burn v0.20.1 (*)
[20:02:04]           â”œâ”€â”€ cubecl-macros-internal v0.9.0
[20:02:04]           â”‚   â””â”€â”€ cubecl-ir v0.9.0
[20:02:04]           â”‚       â”œâ”€â”€ cubecl v0.9.0 (*)
[20:02:04]           â”‚       â”œâ”€â”€ cubecl-core v0.9.0 (*)
[20:02:04]           â”‚       â””â”€â”€ cubecl-runtime v0.9.0
[20:02:04]           â”‚           â”œâ”€â”€ cubecl v0.9.0 (*)
[20:02:04]           â”‚           â””â”€â”€ cubecl-core v0.9.0 (*)
[20:02:04]           â””â”€â”€ enumset_derive v0.14.0
[20:02:04]               â””â”€â”€ enumset v1.1.10
[20:02:04]                   â”œâ”€â”€ cubecl-core v0.9.0 (*)
[20:02:04]                   â”œâ”€â”€ cubecl-ir v0.9.0 (*)
[20:02:04]                   â””â”€â”€ cubecl-runtime v0.9.0 (*)
[20:02:04] warning[duplicate]: found 2 duplicate entries for crate 'derive-new'
[20:02:04]     â”Œâ”€ C:\workspace/Cargo.lock:111:1
[20:02:04]     â”‚  
[20:02:04] 111 â”‚ â•­ derive-new 0.5.9 registry+https://github.com/rust-lang/crates.io-index
[20:02:04] 112 â”‚ â”‚ derive-new 0.7.0 registry+https://github.com/rust-lang/crates.io-index
[20:02:04]     â”‚ â•°â”€â”€â”€â”€â”€â”€â”€â”€â”€â”€â”€â”€â”€â”€â”€â”€â”€â”€â”€â”€â”€â”€â”€â”€â”€â”€â”€â”€â”€â”€â”€â”€â”€â”€â”€â”€â”€â”€â”€â”€â”€â”€â”€â”€â”€â”€â”€â”€â”€â”€â”€â”€â”€â”€â”€â”€â”€â”€â”€â”€â”€â”€â”€â”€â”€â”€â”€â”€â”€â”€â”˜ lock entries
[20:02:04]     â”‚  
[20:02:04]     â”œ derive-new v0.5.9
[20:02:04]       â”œâ”€â”€ tract-core v0.22.1
[20:02:04]       â”‚   â”œâ”€â”€ tract-hir v0.22.1
[20:02:04]       â”‚   â”‚   â””â”€â”€ tract-onnx v0.22.1
[20:02:04]       â”‚   â”‚       â””â”€â”€ kataglyphis_rustprojecttemplate v0.1.0
[20:02:04]       â”‚   â””â”€â”€ tract-nnef v0.22.1
[20:02:04]       â”‚       â”œâ”€â”€ tract-onnx v0.22.1 (*)
[20:02:04]       â”‚       â””â”€â”€ tract-onnx-opl v0.22.1
[20:02:04]       â”‚           â””â”€â”€ tract-onnx v0.22.1 (*)
[20:02:04]       â”œâ”€â”€ tract-hir v0.22.1 (*)
[20:02:04]       â”œâ”€â”€ tract-linalg v0.22.1
[20:02:04]       â”‚   â””â”€â”€ tract-core v0.22.1 (*)
[20:02:04]       â””â”€â”€ tract-onnx v0.22.1 (*)
[20:02:04]     â”œ derive-new v0.7.0
[20:02:04]       â”œâ”€â”€ burn-autodiff v0.20.1
[20:02:04]       â”‚   â”œâ”€â”€ burn v0.20.1
[20:02:04]       â”‚   â”‚   â””â”€â”€ kataglyphis_rustprojecttemplate v0.1.0
[20:02:04]       â”‚   â”œâ”€â”€ burn-ndarray v0.20.1
[20:02:04]       â”‚   â”‚   â”œâ”€â”€ burn v0.20.1 (*)
[20:02:04]       â”‚   â”‚   â””â”€â”€ kataglyphis_rustprojecttemplate v0.1.0 (*)
[20:02:04]       â”‚   â””â”€â”€ kataglyphis_rustprojecttemplate v0.1.0 (*)
[20:02:04]       â”œâ”€â”€ burn-backend v0.20.1
[20:02:04]       â”‚   â”œâ”€â”€ burn-autodiff v0.20.1 (*)
[20:02:04]       â”‚   â”œâ”€â”€ burn-ir v0.20.1
[20:02:04]       â”‚   â”‚   â””â”€â”€ burn-ndarray v0.20.1 (*)
[20:02:04]       â”‚   â”œâ”€â”€ burn-ndarray v0.20.1 (*)
[20:02:04]       â”‚   â””â”€â”€ burn-tensor v0.20.1
[20:02:04]       â”‚       â””â”€â”€ burn-core v0.20.1
[20:02:04]       â”‚           â”œâ”€â”€ burn v0.20.1 (*)
[20:02:04]       â”‚           â”œâ”€â”€ burn-nn v0.20.1
[20:02:04]       â”‚           â”‚   â””â”€â”€ burn v0.20.1 (*)
[20:02:04]       â”‚           â””â”€â”€ burn-optim v0.20.1
[20:02:04]       â”‚               â””â”€â”€ burn v0.20.1 (*)
[20:02:04]       â”œâ”€â”€ burn-core v0.20.1 (*)
[20:02:04]       â”œâ”€â”€ burn-derive v0.20.1
[20:02:04]       â”‚   â””â”€â”€ burn-core v0.20.1 (*)
[20:02:04]       â”œâ”€â”€ burn-optim v0.20.1 (*)
[20:02:04]       â”œâ”€â”€ burn-tensor v0.20.1 (*)
[20:02:04]       â”œâ”€â”€ cubecl-common v0.9.0
[20:02:04]       â”‚   â”œâ”€â”€ burn-std v0.20.1
[20:02:04]       â”‚   â”‚   â”œâ”€â”€ burn-autodiff v0.20.1 (*)
[20:02:04]       â”‚   â”‚   â”œâ”€â”€ burn-backend v0.20.1 (*)
[20:02:04]       â”‚   â”‚   â”œâ”€â”€ burn-core v0.20.1 (*)
[20:02:04]       â”‚   â”‚   â”œâ”€â”€ burn-ndarray v0.20.1 (*)
[20:02:04]       â”‚   â”‚   â””â”€â”€ burn-tensor v0.20.1 (*)
[20:02:04]       â”‚   â”œâ”€â”€ cubecl-core v0.9.0
[20:02:04]       â”‚   â”‚   â””â”€â”€ cubecl v0.9.0
[20:02:04]       â”‚   â”‚       â””â”€â”€ burn-backend v0.20.1 (*)
[20:02:04]       â”‚   â”œâ”€â”€ cubecl-ir v0.9.0
[20:02:04]       â”‚   â”‚   â”œâ”€â”€ cubecl v0.9.0 (*)
[20:02:04]       â”‚   â”‚   â”œâ”€â”€ cubecl-core v0.9.0 (*)
[20:02:04]       â”‚   â”‚   â””â”€â”€ cubecl-runtime v0.9.0
[20:02:04]       â”‚   â”‚       â”œâ”€â”€ cubecl v0.9.0 (*)
[20:02:04]       â”‚   â”‚       â””â”€â”€ cubecl-core v0.9.0 (*)
[20:02:04]       â”‚   â”œâ”€â”€ cubecl-macros v0.9.0
[20:02:04]       â”‚   â”‚   â””â”€â”€ cubecl-core v0.9.0 (*)
[20:02:04]       â”‚   â””â”€â”€ cubecl-runtime v0.9.0 (*)
[20:02:04]       â”œâ”€â”€ cubecl-core v0.9.0 (*)
[20:02:04]       â”œâ”€â”€ cubecl-ir v0.9.0 (*)
[20:02:04]       â”œâ”€â”€ cubecl-macros v0.9.0 (*)
[20:02:04]       â””â”€â”€ cubecl-runtime v0.9.0 (*)
[20:02:04] warning[duplicate]: found 2 duplicate entries for crate 'foldhash'
[20:02:04]     â”Œâ”€ C:\workspace/Cargo.lock:155:1
[20:02:04]     â”‚  
[20:02:04] 155 â”‚ â•­ foldhash 0.1.5 registry+https://github.com/rust-lang/crates.io-index
[20:02:04] 156 â”‚ â”‚ foldhash 0.2.0 registry+https://github.com/rust-lang/crates.io-index
[20:02:04]     â”‚ â•°â”€â”€â”€â”€â”€â”€â”€â”€â”€â”€â”€â”€â”€â”€â”€â”€â”€â”€â”€â”€â”€â”€â”€â”€â”€â”€â”€â”€â”€â”€â”€â”€â”€â”€â”€â”€â”€â”€â”€â”€â”€â”€â”€â”€â”€â”€â”€â”€â”€â”€â”€â”€â”€â”€â”€â”€â”€â”€â”€â”€â”€â”€â”€â”€â”€â”€â”€â”€â”˜ lock entries
[20:02:04]     â”‚  
[20:02:04]     â”œ foldhash v0.1.5
[20:02:04]       â”œâ”€â”€ cubecl-runtime v0.9.0
[20:02:04]       â”‚   â”œâ”€â”€ cubecl v0.9.0
[20:02:04]       â”‚   â”‚   â””â”€â”€ burn-backend v0.20.1
[20:02:04]       â”‚   â”‚       â”œâ”€â”€ burn-autodiff v0.20.1
[20:02:04]       â”‚   â”‚       â”‚   â”œâ”€â”€ burn v0.20.1
[20:02:04]       â”‚   â”‚       â”‚   â”‚   â””â”€â”€ kataglyphis_rustprojecttemplate v0.1.0
[20:02:04]       â”‚   â”‚       â”‚   â”œâ”€â”€ burn-ndarray v0.20.1
[20:02:04]       â”‚   â”‚       â”‚   â”‚   â”œâ”€â”€ burn v0.20.1 (*)
[20:02:04]       â”‚   â”‚       â”‚   â”‚   â””â”€â”€ kataglyphis_rustprojecttemplate v0.1.0 (*)
[20:02:04]       â”‚   â”‚       â”‚   â””â”€â”€ kataglyphis_rustprojecttemplate v0.1.0 (*)
[20:02:04]       â”‚   â”‚       â”œâ”€â”€ burn-ir v0.20.1
[20:02:04]       â”‚   â”‚       â”‚   â””â”€â”€ burn-ndarray v0.20.1 (*)
[20:02:04]       â”‚   â”‚       â”œâ”€â”€ burn-ndarray v0.20.1 (*)
[20:02:04]       â”‚   â”‚       â””â”€â”€ burn-tensor v0.20.1
[20:02:04]       â”‚   â”‚           â””â”€â”€ burn-core v0.20.1
[20:02:04]       â”‚   â”‚               â”œâ”€â”€ burn v0.20.1 (*)
[20:02:04]       â”‚   â”‚               â”œâ”€â”€ burn-nn v0.20.1
[20:02:04]       â”‚   â”‚               â”‚   â””â”€â”€ burn v0.20.1 (*)
[20:02:04]       â”‚   â”‚               â””â”€â”€ burn-optim v0.20.1
[20:02:04]       â”‚   â”‚                   â””â”€â”€ burn v0.20.1 (*)
[20:02:04]       â”‚   â””â”€â”€ cubecl-core v0.9.0
[20:02:04]       â”‚       â””â”€â”€ cubecl v0.9.0 (*)
[20:02:04]       â””â”€â”€ hashbrown v0.15.5
[20:02:04]           â”œâ”€â”€ cubecl-common v0.9.0
[20:02:04]           â”‚   â”œâ”€â”€ burn-std v0.20.1
[20:02:04]           â”‚   â”‚   â”œâ”€â”€ burn-autodiff v0.20.1 (*)
[20:02:04]           â”‚   â”‚   â”œâ”€â”€ burn-backend v0.20.1 (*)
[20:02:04]           â”‚   â”‚   â”œâ”€â”€ burn-core v0.20.1 (*)
[20:02:04]           â”‚   â”‚   â”œâ”€â”€ burn-ndarray v0.20.1 (*)
[20:02:04]           â”‚   â”‚   â””â”€â”€ burn-tensor v0.20.1 (*)
[20:02:04]           â”‚   â”œâ”€â”€ cubecl-core v0.9.0 (*)
[20:02:04]           â”‚   â”œâ”€â”€ cubecl-ir v0.9.0
[20:02:04]           â”‚   â”‚   â”œâ”€â”€ cubecl v0.9.0 (*)
[20:02:04]           â”‚   â”‚   â”œâ”€â”€ cubecl-core v0.9.0 (*)
[20:02:04]           â”‚   â”‚   â””â”€â”€ cubecl-runtime v0.9.0 (*)
[20:02:04]           â”‚   â”œâ”€â”€ cubecl-macros v0.9.0
[20:02:04]           â”‚   â”‚   â””â”€â”€ cubecl-core v0.9.0 (*)
[20:02:04]           â”‚   â””â”€â”€ cubecl-runtime v0.9.0 (*)
[20:02:04]           â”œâ”€â”€ cubecl-core v0.9.0 (*)
[20:02:04]           â”œâ”€â”€ cubecl-ir v0.9.0 (*)
[20:02:04]           â”œâ”€â”€ cubecl-runtime v0.9.0 (*)
[20:02:04]           â””â”€â”€ gpu-descriptor v0.3.2
[20:02:04]               â””â”€â”€ wgpu-hal v27.0.4
[20:02:04]                   â”œâ”€â”€ wgpu v27.0.1
[20:02:04]                   â”‚   â”œâ”€â”€ egui-wgpu v0.33.3
[20:02:04]                   â”‚   â”‚   â””â”€â”€ kataglyphis_rustprojecttemplate v0.1.0 (*)
[20:02:04]                   â”‚   â””â”€â”€ kataglyphis_rustprojecttemplate v0.1.0 (*)
[20:02:04]                   â”œâ”€â”€ wgpu-core v27.0.3
[20:02:04]                   â”‚   â””â”€â”€ wgpu v27.0.1 (*)
[20:02:04]                   â””â”€â”€ wgpu-core-deps-windows-linux-android v27.0.0
[20:02:04]                       â””â”€â”€ wgpu-core v27.0.3 (*)
[20:02:04]     â”œ foldhash v0.2.0
[20:02:04]       â”œâ”€â”€ cxx v1.0.194
[20:02:04]       â”‚   â””â”€â”€ kataglyphis_rustprojecttemplate v0.1.0
[20:02:04]       â””â”€â”€ hashbrown v0.16.1
[20:02:04]           â”œâ”€â”€ burn-autodiff v0.20.1
[20:02:04]           â”‚   â”œâ”€â”€ burn v0.20.1
[20:02:04]           â”‚   â”‚   â””â”€â”€ kataglyphis_rustprojecttemplate v0.1.0 (*)
[20:02:04]           â”‚   â”œâ”€â”€ burn-ndarray v0.20.1
[20:02:04]           â”‚   â”‚   â”œâ”€â”€ burn v0.20.1 (*)
[20:02:04]           â”‚   â”‚   â””â”€â”€ kataglyphis_rustprojecttemplate v0.1.0 (*)
[20:02:04]           â”‚   â””â”€â”€ kataglyphis_rustprojecttemplate v0.1.0 (*)
[20:02:04]           â”œâ”€â”€ burn-backend v0.20.1
[20:02:04]           â”‚   â”œâ”€â”€ burn-autodiff v0.20.1 (*)
[20:02:04]           â”‚   â”œâ”€â”€ burn-ir v0.20.1
[20:02:04]           â”‚   â”‚   â””â”€â”€ burn-ndarray v0.20.1 (*)
[20:02:04]           â”‚   â”œâ”€â”€ burn-ndarray v0.20.1 (*)
[20:02:04]           â”‚   â””â”€â”€ burn-tensor v0.20.1
[20:02:04]           â”‚       â””â”€â”€ burn-core v0.20.1
[20:02:04]           â”‚           â”œâ”€â”€ burn v0.20.1 (*)
[20:02:04]           â”‚           â”œâ”€â”€ burn-nn v0.20.1
[20:02:04]           â”‚           â”‚   â””â”€â”€ burn v0.20.1 (*)
[20:02:04]           â”‚           â””â”€â”€ burn-optim v0.20.1
[20:02:04]           â”‚               â””â”€â”€ burn v0.20.1 (*)
[20:02:04]           â”œâ”€â”€ burn-core v0.20.1 (*)
[20:02:04]           â”œâ”€â”€ burn-ir v0.20.1 (*)
[20:02:04]           â”œâ”€â”€ burn-optim v0.20.1 (*)
[20:02:04]           â”œâ”€â”€ indexmap v2.13.0
[20:02:04]           â”‚   â”œâ”€â”€ cxx-build v1.0.194
[20:02:04]           â”‚   â”‚   â””â”€â”€ (build) kataglyphis_rustprojecttemplate v0.1.0 (*)
[20:02:04]           â”‚   â”œâ”€â”€ cxxbridge-macro v1.0.194
[20:02:04]           â”‚   â”‚   â””â”€â”€ cxx v1.0.194 (*)
[20:02:04]           â”‚   â”œâ”€â”€ naga v27.0.3
[20:02:04]           â”‚   â”‚   â”œâ”€â”€ wgpu-core v27.0.3
[20:02:04]           â”‚   â”‚   â”‚   â””â”€â”€ wgpu v27.0.1
[20:02:04]           â”‚   â”‚   â”‚       â”œâ”€â”€ egui-wgpu v0.33.3
[20:02:04]           â”‚   â”‚   â”‚       â”‚   â””â”€â”€ kataglyphis_rustprojecttemplate v0.1.0 (*)
[20:02:04]           â”‚   â”‚   â”‚       â””â”€â”€ kataglyphis_rustprojecttemplate v0.1.0 (*)
[20:02:04]           â”‚   â”‚   â””â”€â”€ wgpu-hal v27.0.4
[20:02:04]           â”‚   â”‚       â”œâ”€â”€ wgpu v27.0.1 (*)
[20:02:04]           â”‚   â”‚       â”œâ”€â”€ wgpu-core v27.0.3 (*)
[20:02:04]           â”‚   â”‚       â””â”€â”€ wgpu-core-deps-windows-linux-android v27.0.0
[20:02:04]           â”‚   â”‚           â””â”€â”€ wgpu-core v27.0.3 (*)
[20:02:04]           â”‚   â”œâ”€â”€ toml_edit v0.25.4+spec-1.1.0
[20:02:04]           â”‚   â”‚   â””â”€â”€ proc-macro-crate v3.5.0
[20:02:04]           â”‚   â”‚       â””â”€â”€ gtk4-macros v0.11.0
[20:02:04]           â”‚   â”‚           â””â”€â”€ gtk4 v0.11.0
[20:02:04]           â”‚   â”‚               â””â”€â”€ kataglyphis_rustprojecttemplate v0.1.0 (*)
[20:02:04]           â”‚   â””â”€â”€ wgpu-core v27.0.3 (*)
[20:02:04]           â”œâ”€â”€ naga v27.0.3 (*)
[20:02:04]           â”œâ”€â”€ wgpu v27.0.1 (*)
[20:02:04]           â”œâ”€â”€ wgpu-core v27.0.3 (*)
[20:02:04]           â””â”€â”€ wgpu-hal v27.0.4 (*)
[20:02:04] warning[duplicate]: found 3 duplicate entries for crate 'getrandom'
[20:02:04]     â”Œâ”€ C:\workspace/Cargo.lock:178:1
[20:02:04]     â”‚  
[20:02:04] 178 â”‚ â•­ getrandom 0.2.17 registry+https://github.com/rust-lang/crates.io-index
[20:02:04] 179 â”‚ â”‚ getrandom 0.3.4 registry+https://github.com/rust-lang/crates.io-index
[20:02:04] 180 â”‚ â”‚ getrandom 0.4.2 registry+https://github.com/rust-lang/crates.io-index
[20:02:04]     â”‚ â•°â”€â”€â”€â”€â”€â”€â”€â”€â”€â”€â”€â”€â”€â”€â”€â”€â”€â”€â”€â”€â”€â”€â”€â”€â”€â”€â”€â”€â”€â”€â”€â”€â”€â”€â”€â”€â”€â”€â”€â”€â”€â”€â”€â”€â”€â”€â”€â”€â”€â”€â”€â”€â”€â”€â”€â”€â”€â”€â”€â”€â”€â”€â”€â”€â”€â”€â”€â”€â”€â”˜ lock entries
[20:02:04]     â”‚  
[20:02:04]     â”œ getrandom v0.2.17
[20:02:04]       â”œâ”€â”€ const-random-macro v0.1.16
[20:02:04]       â”‚   â””â”€â”€ const-random v0.1.18
[20:02:04]       â”‚       â””â”€â”€ burn-ndarray v0.20.1
[20:02:04]       â”‚           â”œâ”€â”€ burn v0.20.1
[20:02:04]       â”‚           â”‚   â””â”€â”€ kataglyphis_rustprojecttemplate v0.1.0
[20:02:04]       â”‚           â””â”€â”€ kataglyphis_rustprojecttemplate v0.1.0 (*)
[20:02:04]       â”œâ”€â”€ rand_core v0.6.4
[20:02:04]       â”‚   â”œâ”€â”€ rand v0.8.5
[20:02:04]       â”‚   â”‚   â”œâ”€â”€ rand_distr v0.4.3
[20:02:04]       â”‚   â”‚   â”‚   â””â”€â”€ tract-onnx-opl v0.22.1
[20:02:04]       â”‚   â”‚   â”‚       â””â”€â”€ tract-onnx v0.22.1
[20:02:04]       â”‚   â”‚   â”‚           â””â”€â”€ kataglyphis_rustprojecttemplate v0.1.0 (*)
[20:02:04]       â”‚   â”‚   â””â”€â”€ tract-onnx-opl v0.22.1 (*)
[20:02:04]       â”‚   â””â”€â”€ rand_chacha v0.3.1
[20:02:04]       â”‚       â””â”€â”€ rand v0.8.5 (*)
[20:02:04]       â””â”€â”€ tract-onnx-opl v0.22.1 (*)
[20:02:04]     â”œ getrandom v0.3.4
[20:02:04]       â”œâ”€â”€ ahash v0.8.12
[20:02:04]       â”‚   â”œâ”€â”€ burn-core v0.20.1
[20:02:04]       â”‚   â”‚   â”œâ”€â”€ burn v0.20.1
[20:02:04]       â”‚   â”‚   â”‚   â””â”€â”€ kataglyphis_rustprojecttemplate v0.1.0
[20:02:04]       â”‚   â”‚   â”œâ”€â”€ burn-nn v0.20.1
[20:02:04]       â”‚   â”‚   â”‚   â””â”€â”€ burn v0.20.1 (*)
[20:02:04]       â”‚   â”‚   â””â”€â”€ burn-optim v0.20.1
[20:02:04]       â”‚   â”‚       â””â”€â”€ burn v0.20.1 (*)
[20:02:04]       â”‚   â”œâ”€â”€ egui v0.33.3
[20:02:04]       â”‚   â”‚   â”œâ”€â”€ egui-wgpu v0.33.3
[20:02:04]       â”‚   â”‚   â”‚   â””â”€â”€ kataglyphis_rustprojecttemplate v0.1.0 (*)
[20:02:04]       â”‚   â”‚   â”œâ”€â”€ egui-winit v0.33.3
[20:02:04]       â”‚   â”‚   â”‚   â””â”€â”€ kataglyphis_rustprojecttemplate v0.1.0 (*)
[20:02:04]       â”‚   â”‚   â””â”€â”€ kataglyphis_rustprojecttemplate v0.1.0 (*)
[20:02:04]       â”‚   â”œâ”€â”€ egui-wgpu v0.33.3 (*)
[20:02:04]       â”‚   â”œâ”€â”€ epaint v0.33.3
[20:02:04]       â”‚   â”‚   â”œâ”€â”€ egui v0.33.3 (*)
[20:02:04]       â”‚   â”‚   â””â”€â”€ egui-wgpu v0.33.3 (*)
[20:02:04]       â”‚   â”œâ”€â”€ hashbrown v0.14.5
[20:02:04]       â”‚   â”‚   â””â”€â”€ string-interner v0.15.0
[20:02:04]       â”‚   â”‚       â””â”€â”€ tract-data v0.22.1
[20:02:04]       â”‚   â”‚           â”œâ”€â”€ tract-core v0.22.1
[20:02:04]       â”‚   â”‚           â”‚   â”œâ”€â”€ tract-hir v0.22.1
[20:02:04]       â”‚   â”‚           â”‚   â”‚   â””â”€â”€ tract-onnx v0.22.1
[20:02:04]       â”‚   â”‚           â”‚   â”‚       â””â”€â”€ kataglyphis_rustprojecttemplate v0.1.0 (*)
[20:02:04]       â”‚   â”‚           â”‚   â””â”€â”€ tract-nnef v0.22.1
[20:02:04]       â”‚   â”‚           â”‚       â”œâ”€â”€ tract-onnx v0.22.1 (*)
[20:02:04]       â”‚   â”‚           â”‚       â””â”€â”€ tract-onnx-opl v0.22.1
[20:02:04]       â”‚   â”‚           â”‚           â””â”€â”€ tract-onnx v0.22.1 (*)
[20:02:04]       â”‚   â”‚           â””â”€â”€ tract-linalg v0.22.1
[20:02:04]       â”‚   â”‚               â””â”€â”€ tract-core v0.22.1 (*)
[20:02:04]       â”‚   â””â”€â”€ winit v0.30.13
[20:02:04]       â”‚       â”œâ”€â”€ egui-winit v0.33.3 (*)
[20:02:04]       â”‚       â””â”€â”€ kataglyphis_rustprojecttemplate v0.1.0 (*)
[20:02:04]       â””â”€â”€ rand_core v0.9.5
[20:02:04]           â”œâ”€â”€ rand v0.9.2
[20:02:04]           â”‚   â”œâ”€â”€ burn-backend v0.20.1
[20:02:04]           â”‚   â”‚   â”œâ”€â”€ burn-autodiff v0.20.1
[20:02:04]           â”‚   â”‚   â”‚   â”œâ”€â”€ burn v0.20.1 (*)
[20:02:04]           â”‚   â”‚   â”‚   â”œâ”€â”€ burn-ndarray v0.20.1
[20:02:04]           â”‚   â”‚   â”‚   â”‚   â”œâ”€â”€ burn v0.20.1 (*)
[20:02:04]           â”‚   â”‚   â”‚   â”‚   â””â”€â”€ kataglyphis_rustprojecttemplate v0.1.0 (*)
[20:02:04]           â”‚   â”‚   â”‚   â””â”€â”€ kataglyphis_rustprojecttemplate v0.1.0 (*)
[20:02:04]           â”‚   â”‚   â”œâ”€â”€ burn-ir v0.20.1
[20:02:04]           â”‚   â”‚   â”‚   â””â”€â”€ burn-ndarray v0.20.1 (*)
[20:02:04]           â”‚   â”‚   â”œâ”€â”€ burn-ndarray v0.20.1 (*)
[20:02:04]           â”‚   â”‚   â””â”€â”€ burn-tensor v0.20.1
[20:02:04]           â”‚   â”‚       â””â”€â”€ burn-core v0.20.1 (*)
[20:02:04]           â”‚   â”œâ”€â”€ burn-core v0.20.1 (*)
[20:02:04]           â”‚   â”œâ”€â”€ burn-ndarray v0.20.1 (*)
[20:02:04]           â”‚   â”œâ”€â”€ cubecl-common v0.9.0
[20:02:04]           â”‚   â”‚   â”œâ”€â”€ burn-std v0.20.1
[20:02:04]           â”‚   â”‚   â”‚   â”œâ”€â”€ burn-autodiff v0.20.1 (*)
[20:02:04]           â”‚   â”‚   â”‚   â”œâ”€â”€ burn-backend v0.20.1 (*)
[20:02:04]           â”‚   â”‚   â”‚   â”œâ”€â”€ burn-core v0.20.1 (*)
[20:02:04]           â”‚   â”‚   â”‚   â”œâ”€â”€ burn-ndarray v0.20.1 (*)
[20:02:04]           â”‚   â”‚   â”‚   â””â”€â”€ burn-tensor v0.20.1 (*)
[20:02:04]           â”‚   â”‚   â”œâ”€â”€ cubecl-core v0.9.0
[20:02:04]           â”‚   â”‚   â”‚   â””â”€â”€ cubecl v0.9.0
[20:02:04]           â”‚   â”‚   â”‚       â””â”€â”€ burn-backend v0.20.1 (*)
[20:02:04]           â”‚   â”‚   â”œâ”€â”€ cubecl-ir v0.9.0
[20:02:04]           â”‚   â”‚   â”‚   â”œâ”€â”€ cubecl v0.9.0 (*)
[20:02:04]           â”‚   â”‚   â”‚   â”œâ”€â”€ cubecl-core v0.9.0 (*)
[20:02:04]           â”‚   â”‚   â”‚   â””â”€â”€ cubecl-runtime v0.9.0
[20:02:04]           â”‚   â”‚   â”‚       â”œâ”€â”€ cubecl v0.9.0 (*)
[20:02:04]           â”‚   â”‚   â”‚       â””â”€â”€ cubecl-core v0.9.0 (*)
[20:02:04]           â”‚   â”‚   â”œâ”€â”€ cubecl-macros v0.9.0
[20:02:04]           â”‚   â”‚   â”‚   â””â”€â”€ cubecl-core v0.9.0 (*)
[20:02:04]           â”‚   â”‚   â””â”€â”€ cubecl-runtime v0.9.0 (*)
[20:02:04]           â”‚   â””â”€â”€ rand_distr v0.5.1
[20:02:04]           â”‚       â””â”€â”€ burn-backend v0.20.1 (*)
[20:02:04]           â””â”€â”€ rand_chacha v0.9.0
[20:02:04]               â””â”€â”€ rand v0.9.2 (*)
[20:02:04]     â”œ getrandom v0.4.2
[20:02:04]       â””â”€â”€ tempfile v3.26.0
[20:02:04]           â””â”€â”€ kataglyphis_rustprojecttemplate v0.1.0
[20:02:04] warning[duplicate]: found 3 duplicate entries for crate 'hashbrown'
[20:02:04]     â”Œâ”€ C:\workspace/Cargo.lock:208:1
[20:02:04]     â”‚  
[20:02:04] 208 â”‚ â•­ hashbrown 0.14.5 registry+https://github.com/rust-lang/crates.io-index
[20:02:04] 209 â”‚ â”‚ hashbrown 0.15.5 registry+https://github.com/rust-lang/crates.io-index
[20:02:04] 210 â”‚ â”‚ hashbrown 0.16.1 registry+https://github.com/rust-lang/crates.io-index
[20:02:04]     â”‚ â•°â”€â”€â”€â”€â”€â”€â”€â”€â”€â”€â”€â”€â”€â”€â”€â”€â”€â”€â”€â”€â”€â”€â”€â”€â”€â”€â”€â”€â”€â”€â”€â”€â”€â”€â”€â”€â”€â”€â”€â”€â”€â”€â”€â”€â”€â”€â”€â”€â”€â”€â”€â”€â”€â”€â”€â”€â”€â”€â”€â”€â”€â”€â”€â”€â”€â”€â”€â”€â”€â”€â”˜ lock entries
[20:02:04]     â”‚  
[20:02:04]     â”œ hashbrown v0.14.5
[20:02:04]       â””â”€â”€ string-interner v0.15.0
[20:02:04]           â””â”€â”€ tract-data v0.22.1
[20:02:04]               â”œâ”€â”€ tract-core v0.22.1
[20:02:04]               â”‚   â”œâ”€â”€ tract-hir v0.22.1
[20:02:04]               â”‚   â”‚   â””â”€â”€ tract-onnx v0.22.1
[20:02:04]               â”‚   â”‚       â””â”€â”€ kataglyphis_rustprojecttemplate v0.1.0
[20:02:04]               â”‚   â””â”€â”€ tract-nnef v0.22.1
[20:02:04]               â”‚       â”œâ”€â”€ tract-onnx v0.22.1 (*)
[20:02:04]               â”‚       â””â”€â”€ tract-onnx-opl v0.22.1
[20:02:04]               â”‚           â””â”€â”€ tract-onnx v0.22.1 (*)
[20:02:04]               â””â”€â”€ tract-linalg v0.22.1
[20:02:04]                   â””â”€â”€ tract-core v0.22.1 (*)
[20:02:04]     â”œ hashbrown v0.15.5
[20:02:04]       â”œâ”€â”€ cubecl-common v0.9.0
[20:02:04]       â”‚   â”œâ”€â”€ burn-std v0.20.1
[20:02:04]       â”‚   â”‚   â”œâ”€â”€ burn-autodiff v0.20.1
[20:02:04]       â”‚   â”‚   â”‚   â”œâ”€â”€ burn v0.20.1
[20:02:04]       â”‚   â”‚   â”‚   â”‚   â””â”€â”€ kataglyphis_rustprojecttemplate v0.1.0
[20:02:04]       â”‚   â”‚   â”‚   â”œâ”€â”€ burn-ndarray v0.20.1
[20:02:04]       â”‚   â”‚   â”‚   â”‚   â”œâ”€â”€ burn v0.20.1 (*)
[20:02:04]       â”‚   â”‚   â”‚   â”‚   â””â”€â”€ kataglyphis_rustprojecttemplate v0.1.0 (*)
[20:02:04]       â”‚   â”‚   â”‚   â””â”€â”€ kataglyphis_rustprojecttemplate v0.1.0 (*)
[20:02:04]       â”‚   â”‚   â”œâ”€â”€ burn-backend v0.20.1
[20:02:04]       â”‚   â”‚   â”‚   â”œâ”€â”€ burn-autodiff v0.20.1 (*)
[20:02:04]       â”‚   â”‚   â”‚   â”œâ”€â”€ burn-ir v0.20.1
[20:02:04]       â”‚   â”‚   â”‚   â”‚   â””â”€â”€ burn-ndarray v0.20.1 (*)
[20:02:04]       â”‚   â”‚   â”‚   â”œâ”€â”€ burn-ndarray v0.20.1 (*)
[20:02:04]       â”‚   â”‚   â”‚   â””â”€â”€ burn-tensor v0.20.1
[20:02:04]       â”‚   â”‚   â”‚       â””â”€â”€ burn-core v0.20.1
[20:02:04]       â”‚   â”‚   â”‚           â”œâ”€â”€ burn v0.20.1 (*)
[20:02:04]       â”‚   â”‚   â”‚           â”œâ”€â”€ burn-nn v0.20.1
[20:02:04]       â”‚   â”‚   â”‚           â”‚   â””â”€â”€ burn v0.20.1 (*)
[20:02:04]       â”‚   â”‚   â”‚           â””â”€â”€ burn-optim v0.20.1
[20:02:04]       â”‚   â”‚   â”‚               â””â”€â”€ burn v0.20.1 (*)
[20:02:04]       â”‚   â”‚   â”œâ”€â”€ burn-core v0.20.1 (*)
[20:02:04]       â”‚   â”‚   â”œâ”€â”€ burn-ndarray v0.20.1 (*)
[20:02:04]       â”‚   â”‚   â””â”€â”€ burn-tensor v0.20.1 (*)
[20:02:04]       â”‚   â”œâ”€â”€ cubecl-core v0.9.0
[20:02:04]       â”‚   â”‚   â””â”€â”€ cubecl v0.9.0
[20:02:04]       â”‚   â”‚       â””â”€â”€ burn-backend v0.20.1 (*)
[20:02:04]       â”‚   â”œâ”€â”€ cubecl-ir v0.9.0
[20:02:04]       â”‚   â”‚   â”œâ”€â”€ cubecl v0.9.0 (*)
[20:02:04]       â”‚   â”‚   â”œâ”€â”€ cubecl-core v0.9.0 (*)
[20:02:04]       â”‚   â”‚   â””â”€â”€ cubecl-runtime v0.9.0
[20:02:04]       â”‚   â”‚       â”œâ”€â”€ cubecl v0.9.0 (*)
[20:02:04]       â”‚   â”‚       â””â”€â”€ cubecl-core v0.9.0 (*)
[20:02:04]       â”‚   â”œâ”€â”€ cubecl-macros v0.9.0
[20:02:04]       â”‚   â”‚   â””â”€â”€ cubecl-core v0.9.0 (*)
[20:02:04]       â”‚   â””â”€â”€ cubecl-runtime v0.9.0 (*)
[20:02:04]       â”œâ”€â”€ cubecl-core v0.9.0 (*)
[20:02:04]       â”œâ”€â”€ cubecl-ir v0.9.0 (*)
[20:02:04]       â”œâ”€â”€ cubecl-runtime v0.9.0 (*)
[20:02:04]       â””â”€â”€ gpu-descriptor v0.3.2
[20:02:04]           â””â”€â”€ wgpu-hal v27.0.4
[20:02:04]               â”œâ”€â”€ wgpu v27.0.1
[20:02:04]               â”‚   â”œâ”€â”€ egui-wgpu v0.33.3
[20:02:04]               â”‚   â”‚   â””â”€â”€ kataglyphis_rustprojecttemplate v0.1.0 (*)
[20:02:04]               â”‚   â””â”€â”€ kataglyphis_rustprojecttemplate v0.1.0 (*)
[20:02:04]               â”œâ”€â”€ wgpu-core v27.0.3
[20:02:04]               â”‚   â””â”€â”€ wgpu v27.0.1 (*)
[20:02:04]               â””â”€â”€ wgpu-core-deps-windows-linux-android v27.0.0
[20:02:04]                   â””â”€â”€ wgpu-core v27.0.3 (*)
[20:02:04]     â”œ hashbrown v0.16.1
[20:02:04]       â”œâ”€â”€ burn-autodiff v0.20.1
[20:02:04]       â”‚   â”œâ”€â”€ burn v0.20.1
[20:02:04]       â”‚   â”‚   â””â”€â”€ kataglyphis_rustprojecttemplate v0.1.0
[20:02:04]       â”‚   â”œâ”€â”€ burn-ndarray v0.20.1
[20:02:04]       â”‚   â”‚   â”œâ”€â”€ burn v0.20.1 (*)
[20:02:04]       â”‚   â”‚   â””â”€â”€ kataglyphis_rustprojecttemplate v0.1.0 (*)
[20:02:04]       â”‚   â””â”€â”€ kataglyphis_rustprojecttemplate v0.1.0 (*)
[20:02:04]       â”œâ”€â”€ burn-backend v0.20.1
[20:02:04]       â”‚   â”œâ”€â”€ burn-autodiff v0.20.1 (*)
[20:02:04]       â”‚   â”œâ”€â”€ burn-ir v0.20.1
[20:02:04]       â”‚   â”‚   â””â”€â”€ burn-ndarray v0.20.1 (*)
[20:02:04]       â”‚   â”œâ”€â”€ burn-ndarray v0.20.1 (*)
[20:02:04]       â”‚   â””â”€â”€ burn-tensor v0.20.1
[20:02:04]       â”‚       â””â”€â”€ burn-core v0.20.1
[20:02:04]       â”‚           â”œâ”€â”€ burn v0.20.1 (*)
[20:02:04]       â”‚           â”œâ”€â”€ burn-nn v0.20.1
[20:02:04]       â”‚           â”‚   â””â”€â”€ burn v0.20.1 (*)
[20:02:04]       â”‚           â””â”€â”€ burn-optim v0.20.1
[20:02:04]       â”‚               â””â”€â”€ burn v0.20.1 (*)
[20:02:04]       â”œâ”€â”€ burn-core v0.20.1 (*)
[20:02:04]       â”œâ”€â”€ burn-ir v0.20.1 (*)
[20:02:04]       â”œâ”€â”€ burn-optim v0.20.1 (*)
[20:02:04]       â”œâ”€â”€ indexmap v2.13.0
[20:02:04]       â”‚   â”œâ”€â”€ cxx-build v1.0.194
[20:02:04]       â”‚   â”‚   â””â”€â”€ (build) kataglyphis_rustprojecttemplate v0.1.0 (*)
[20:02:04]       â”‚   â”œâ”€â”€ cxxbridge-macro v1.0.194
[20:02:04]       â”‚   â”‚   â””â”€â”€ cxx v1.0.194
[20:02:04]       â”‚   â”‚       â””â”€â”€ kataglyphis_rustprojecttemplate v0.1.0 (*)
[20:02:04]       â”‚   â”œâ”€â”€ naga v27.0.3
[20:02:04]       â”‚   â”‚   â”œâ”€â”€ wgpu-core v27.0.3
[20:02:04]       â”‚   â”‚   â”‚   â””â”€â”€ wgpu v27.0.1
[20:02:04]       â”‚   â”‚   â”‚       â”œâ”€â”€ egui-wgpu v0.33.3
[20:02:04]       â”‚   â”‚   â”‚       â”‚   â””â”€â”€ kataglyphis_rustprojecttemplate v0.1.0 (*)
[20:02:04]       â”‚   â”‚   â”‚       â””â”€â”€ kataglyphis_rustprojecttemplate v0.1.0 (*)
[20:02:04]       â”‚   â”‚   â””â”€â”€ wgpu-hal v27.0.4
[20:02:04]       â”‚   â”‚       â”œâ”€â”€ wgpu v27.0.1 (*)
[20:02:04]       â”‚   â”‚       â”œâ”€â”€ wgpu-core v27.0.3 (*)
[20:02:04]       â”‚   â”‚       â””â”€â”€ wgpu-core-deps-windows-linux-android v27.0.0
[20:02:04]       â”‚   â”‚           â””â”€â”€ wgpu-core v27.0.3 (*)
[20:02:04]       â”‚   â”œâ”€â”€ toml_edit v0.25.4+spec-1.1.0
[20:02:04]       â”‚   â”‚   â””â”€â”€ proc-macro-crate v3.5.0
[20:02:04]       â”‚   â”‚       â””â”€â”€ gtk4-macros v0.11.0
[20:02:04]       â”‚   â”‚           â””â”€â”€ gtk4 v0.11.0
[20:02:04]       â”‚   â”‚               â””â”€â”€ kataglyphis_rustprojecttemplate v0.1.0 (*)
[20:02:04]       â”‚   â””â”€â”€ wgpu-core v27.0.3 (*)
[20:02:04]       â”œâ”€â”€ naga v27.0.3 (*)
[20:02:04]       â”œâ”€â”€ wgpu v27.0.1 (*)
[20:02:04]       â”œâ”€â”€ wgpu-core v27.0.3 (*)
[20:02:04]       â””â”€â”€ wgpu-hal v27.0.4 (*)
[20:02:04] warning[duplicate]: found 2 duplicate entries for crate 'image'
[20:02:04]     â”Œâ”€ C:\workspace/Cargo.lock:228:1
[20:02:04]     â”‚  
[20:02:04] 228 â”‚ â•­ image 0.24.9 registry+https://github.com/rust-lang/crates.io-index
[20:02:04] 229 â”‚ â”‚ image 0.25.10 registry+https://github.com/rust-lang/crates.io-index
[20:02:04]     â”‚ â•°â”€â”€â”€â”€â”€â”€â”€â”€â”€â”€â”€â”€â”€â”€â”€â”€â”€â”€â”€â”€â”€â”€â”€â”€â”€â”€â”€â”€â”€â”€â”€â”€â”€â”€â”€â”€â”€â”€â”€â”€â”€â”€â”€â”€â”€â”€â”€â”€â”€â”€â”€â”€â”€â”€â”€â”€â”€â”€â”€â”€â”€â”€â”€â”€â”€â”€â”€â”˜ lock entries
[20:02:04]     â”‚  
[20:02:04]     â”œ image v0.24.9
[20:02:04]       â”œâ”€â”€ plotters v0.3.7
[20:02:04]       â”‚   â””â”€â”€ kataglyphis_rustprojecttemplate v0.1.0
[20:02:04]       â””â”€â”€ plotters-bitmap v0.3.7
[20:02:04]           â””â”€â”€ plotters v0.3.7 (*)
[20:02:04]     â”œ image v0.25.10
[20:02:04]       â””â”€â”€ arboard v3.6.1
[20:02:04]           â””â”€â”€ egui-winit v0.33.3
[20:02:04]               â””â”€â”€ kataglyphis_rustprojecttemplate v0.1.0
[20:02:04] warning[duplicate]: found 3 duplicate entries for crate 'itertools'
[20:02:04]     â”Œâ”€ C:\workspace/Cargo.lock:232:1
[20:02:04]     â”‚  
[20:02:04] 232 â”‚ â•­ itertools 0.10.5 registry+https://github.com/rust-lang/crates.io-index
[20:02:04] 233 â”‚ â”‚ itertools 0.12.1 registry+https://github.com/rust-lang/crates.io-index
[20:02:04] 234 â”‚ â”‚ itertools 0.14.0 registry+https://github.com/rust-lang/crates.io-index
[20:02:04]     â”‚ â•°â”€â”€â”€â”€â”€â”€â”€â”€â”€â”€â”€â”€â”€â”€â”€â”€â”€â”€â”€â”€â”€â”€â”€â”€â”€â”€â”€â”€â”€â”€â”€â”€â”€â”€â”€â”€â”€â”€â”€â”€â”€â”€â”€â”€â”€â”€â”€â”€â”€â”€â”€â”€â”€â”€â”€â”€â”€â”€â”€â”€â”€â”€â”€â”€â”€â”€â”€â”€â”€â”€â”˜ lock entries
[20:02:04]     â”‚  
[20:02:04]     â”œ itertools v0.10.5
[20:02:04]       â””â”€â”€ prost-derive v0.11.9
[20:02:04]           â””â”€â”€ prost v0.11.9
[20:02:04]               â””â”€â”€ tract-onnx v0.22.1
[20:02:04]                   â””â”€â”€ kataglyphis_rustprojecttemplate v0.1.0
[20:02:04]     â”œ itertools v0.12.1
[20:02:04]       â””â”€â”€ tract-data v0.22.1
[20:02:04]           â”œâ”€â”€ tract-core v0.22.1
[20:02:04]           â”‚   â”œâ”€â”€ tract-hir v0.22.1
[20:02:04]           â”‚   â”‚   â””â”€â”€ tract-onnx v0.22.1
[20:02:04]           â”‚   â”‚       â””â”€â”€ kataglyphis_rustprojecttemplate v0.1.0
[20:02:04]           â”‚   â””â”€â”€ tract-nnef v0.22.1
[20:02:04]           â”‚       â”œâ”€â”€ tract-onnx v0.22.1 (*)
[20:02:04]           â”‚       â””â”€â”€ tract-onnx-opl v0.22.1
[20:02:04]           â”‚           â””â”€â”€ tract-onnx v0.22.1 (*)
[20:02:04]           â””â”€â”€ tract-linalg v0.22.1
[20:02:04]               â””â”€â”€ tract-core v0.22.1 (*)
[20:02:04]     â”œ itertools v0.14.0
[20:02:04]       â”œâ”€â”€ burn-ndarray v0.20.1
[20:02:04]       â”‚   â”œâ”€â”€ burn v0.20.1
[20:02:04]       â”‚   â”‚   â””â”€â”€ kataglyphis_rustprojecttemplate v0.1.0
[20:02:04]       â”‚   â””â”€â”€ kataglyphis_rustprojecttemplate v0.1.0 (*)
[20:02:04]       â”œâ”€â”€ gstreamer v0.25.1
[20:02:04]       â”‚   â”œâ”€â”€ gstreamer-app v0.25.0
[20:02:04]       â”‚   â”‚   â””â”€â”€ kataglyphis_rustprojecttemplate v0.1.0 (*)
[20:02:04]       â”‚   â”œâ”€â”€ gstreamer-base v0.25.0
[20:02:04]       â”‚   â”‚   â””â”€â”€ gstreamer-app v0.25.0 (*)
[20:02:04]       â”‚   â””â”€â”€ kataglyphis_rustprojecttemplate v0.1.0 (*)
[20:02:04]       â”œâ”€â”€ liquid-core v0.26.11
[20:02:04]       â”‚   â”œâ”€â”€ liquid v0.26.11
[20:02:04]       â”‚   â”‚   â”œâ”€â”€ (build) tract-linalg v0.22.1
[20:02:04]       â”‚   â”‚   â”‚   â””â”€â”€ tract-core v0.22.1
[20:02:04]       â”‚   â”‚   â”‚       â”œâ”€â”€ tract-hir v0.22.1
[20:02:04]       â”‚   â”‚   â”‚       â”‚   â””â”€â”€ tract-onnx v0.22.1
[20:02:04]       â”‚   â”‚   â”‚       â”‚       â””â”€â”€ kataglyphis_rustprojecttemplate v0.1.0 (*)
[20:02:04]       â”‚   â”‚   â”‚       â””â”€â”€ tract-nnef v0.22.1
[20:02:04]       â”‚   â”‚   â”‚           â”œâ”€â”€ tract-onnx v0.22.1 (*)
[20:02:04]       â”‚   â”‚   â”‚           â””â”€â”€ tract-onnx-opl v0.22.1
[20:02:04]       â”‚   â”‚   â”‚               â””â”€â”€ tract-onnx v0.22.1 (*)
[20:02:04]       â”‚   â”‚   â””â”€â”€ tract-nnef v0.22.1 (*)
[20:02:04]       â”‚   â”œâ”€â”€ liquid-lib v0.26.11
[20:02:04]       â”‚   â”‚   â””â”€â”€ liquid v0.26.11 (*)
[20:02:04]       â”‚   â”œâ”€â”€ (build) tract-linalg v0.22.1 (*)
[20:02:04]       â”‚   â””â”€â”€ tract-nnef v0.22.1 (*)
[20:02:04]       â””â”€â”€ liquid-lib v0.26.11 (*)
[20:02:04] warning[duplicate]: found 2 duplicate entries for crate 'linux-raw-sys'
[20:02:04]     â”Œâ”€ C:\workspace/Cargo.lock:246:1
[20:02:04]     â”‚  
[20:02:04] 246 â”‚ â•­ linux-raw-sys 0.4.15 registry+https://github.com/rust-lang/crates.io-index
[20:02:04] 247 â”‚ â”‚ linux-raw-sys 0.12.1 registry+https://github.com/rust-lang/crates.io-index
[20:02:04]     â”‚ â•°â”€â”€â”€â”€â”€â”€â”€â”€â”€â”€â”€â”€â”€â”€â”€â”€â”€â”€â”€â”€â”€â”€â”€â”€â”€â”€â”€â”€â”€â”€â”€â”€â”€â”€â”€â”€â”€â”€â”€â”€â”€â”€â”€â”€â”€â”€â”€â”€â”€â”€â”€â”€â”€â”€â”€â”€â”€â”€â”€â”€â”€â”€â”€â”€â”€â”€â”€â”€â”€â”€â”€â”€â”€â”€â”˜ lock entries
[20:02:04]     â”‚  
[20:02:04]     â”œ linux-raw-sys v0.4.15
[20:02:04]       â””â”€â”€ rustix v0.38.44
[20:02:04]           â”œâ”€â”€ calloop v0.13.0
[20:02:04]           â”‚   â”œâ”€â”€ calloop-wayland-source v0.3.0
[20:02:04]           â”‚   â”‚   â””â”€â”€ smithay-client-toolkit v0.19.2
[20:02:04]           â”‚   â”‚       â”œâ”€â”€ sctk-adwaita v0.10.1
[20:02:04]           â”‚   â”‚       â”‚   â””â”€â”€ winit v0.30.13
[20:02:04]           â”‚   â”‚       â”‚       â”œâ”€â”€ egui-winit v0.33.3
[20:02:04]           â”‚   â”‚       â”‚       â”‚   â””â”€â”€ kataglyphis_rustprojecttemplate v0.1.0
[20:02:04]           â”‚   â”‚       â”‚       â””â”€â”€ kataglyphis_rustprojecttemplate v0.1.0 (*)
[20:02:04]           â”‚   â”‚       â””â”€â”€ winit v0.30.13 (*)
[20:02:04]           â”‚   â”œâ”€â”€ smithay-client-toolkit v0.19.2 (*)
[20:02:04]           â”‚   â””â”€â”€ winit v0.30.13 (*)
[20:02:04]           â”œâ”€â”€ calloop-wayland-source v0.3.0 (*)
[20:02:04]           â”œâ”€â”€ smithay-client-toolkit v0.19.2 (*)
[20:02:04]           â””â”€â”€ winit v0.30.13 (*)
[20:02:04]     â”œ linux-raw-sys v0.12.1
[20:02:04]       â””â”€â”€ rustix v1.1.4
[20:02:04]           â”œâ”€â”€ calloop v0.14.4
[20:02:04]           â”‚   â”œâ”€â”€ calloop-wayland-source v0.4.1
[20:02:04]           â”‚   â”‚   â””â”€â”€ smithay-client-toolkit v0.20.0
[20:02:04]           â”‚   â”‚       â””â”€â”€ smithay-clipboard v0.7.3
[20:02:04]           â”‚   â”‚           â””â”€â”€ egui-winit v0.33.3
[20:02:04]           â”‚   â”‚               â””â”€â”€ kataglyphis_rustprojecttemplate v0.1.0
[20:02:04]           â”‚   â””â”€â”€ smithay-client-toolkit v0.20.0 (*)
[20:02:04]           â”œâ”€â”€ calloop-wayland-source v0.4.1 (*)
[20:02:04]           â”œâ”€â”€ gethostname v1.1.0
[20:02:04]           â”‚   â””â”€â”€ x11rb v0.13.2
[20:02:04]           â”‚       â”œâ”€â”€ arboard v3.6.1
[20:02:04]           â”‚       â”‚   â””â”€â”€ egui-winit v0.33.3 (*)
[20:02:04]           â”‚       â””â”€â”€ winit v0.30.13
[20:02:04]           â”‚           â”œâ”€â”€ egui-winit v0.33.3 (*)
[20:02:04]           â”‚           â””â”€â”€ kataglyphis_rustprojecttemplate v0.1.0 (*)
[20:02:04]           â”œâ”€â”€ polling v3.11.0
[20:02:04]           â”‚   â”œâ”€â”€ calloop v0.13.0
[20:02:04]           â”‚   â”‚   â”œâ”€â”€ calloop-wayland-source v0.3.0
[20:02:04]           â”‚   â”‚   â”‚   â””â”€â”€ smithay-client-toolkit v0.19.2
[20:02:04]           â”‚   â”‚   â”‚       â”œâ”€â”€ sctk-adwaita v0.10.1
[20:02:04]           â”‚   â”‚   â”‚       â”‚   â””â”€â”€ winit v0.30.13 (*)
[20:02:04]           â”‚   â”‚   â”‚       â””â”€â”€ winit v0.30.13 (*)
[20:02:04]           â”‚   â”‚   â”œâ”€â”€ smithay-client-toolkit v0.19.2 (*)
[20:02:04]           â”‚   â”‚   â””â”€â”€ winit v0.30.13 (*)
[20:02:04]           â”‚   â””â”€â”€ calloop v0.14.4 (*)
[20:02:04]           â”œâ”€â”€ smithay-client-toolkit v0.20.0 (*)
[20:02:04]           â”œâ”€â”€ tempfile v3.26.0
[20:02:04]           â”‚   â””â”€â”€ kataglyphis_rustprojecttemplate v0.1.0 (*)
[20:02:04]           â”œâ”€â”€ wayland-backend v0.3.14
[20:02:04]           â”‚   â”œâ”€â”€ calloop-wayland-source v0.3.0 (*)
[20:02:04]           â”‚   â”œâ”€â”€ calloop-wayland-source v0.4.1 (*)
[20:02:04]           â”‚   â”œâ”€â”€ smithay-client-toolkit v0.19.2 (*)
[20:02:04]           â”‚   â”œâ”€â”€ smithay-client-toolkit v0.20.0 (*)
[20:02:04]           â”‚   â”œâ”€â”€ smithay-clipboard v0.7.3 (*)
[20:02:04]           â”‚   â”œâ”€â”€ wayland-client v0.31.13
[20:02:04]           â”‚   â”‚   â”œâ”€â”€ calloop-wayland-source v0.3.0 (*)
[20:02:04]           â”‚   â”‚   â”œâ”€â”€ calloop-wayland-source v0.4.1 (*)
[20:02:04]           â”‚   â”‚   â”œâ”€â”€ smithay-client-toolkit v0.19.2 (*)
[20:02:04]           â”‚   â”‚   â”œâ”€â”€ smithay-client-toolkit v0.20.0 (*)
[20:02:04]           â”‚   â”‚   â”œâ”€â”€ wayland-cursor v0.31.13
[20:02:04]           â”‚   â”‚   â”‚   â”œâ”€â”€ smithay-client-toolkit v0.19.2 (*)
[20:02:04]           â”‚   â”‚   â”‚   â””â”€â”€ smithay-client-toolkit v0.20.0 (*)
[20:02:04]           â”‚   â”‚   â”œâ”€â”€ wayland-protocols v0.32.11
[20:02:04]           â”‚   â”‚   â”‚   â”œâ”€â”€ smithay-client-toolkit v0.19.2 (*)
[20:02:04]           â”‚   â”‚   â”‚   â”œâ”€â”€ smithay-client-toolkit v0.20.0 (*)
[20:02:04]           â”‚   â”‚   â”‚   â”œâ”€â”€ wayland-protocols-experimental v20250721.0.1
[20:02:04]           â”‚   â”‚   â”‚   â”‚   â””â”€â”€ smithay-client-toolkit v0.20.0 (*)
[20:02:04]           â”‚   â”‚   â”‚   â”œâ”€â”€ wayland-protocols-misc v0.3.11
[20:02:04]           â”‚   â”‚   â”‚   â”‚   â””â”€â”€ smithay-client-toolkit v0.20.0 (*)
[20:02:04]           â”‚   â”‚   â”‚   â”œâ”€â”€ wayland-protocols-plasma v0.3.11
[20:02:04]           â”‚   â”‚   â”‚   â”‚   â””â”€â”€ winit v0.30.13 (*)
[20:02:04]           â”‚   â”‚   â”‚   â”œâ”€â”€ wayland-protocols-wlr v0.3.11
[20:02:04]           â”‚   â”‚   â”‚   â”‚   â”œâ”€â”€ smithay-client-toolkit v0.19.2 (*)
[20:02:04]           â”‚   â”‚   â”‚   â”‚   â””â”€â”€ smithay-client-toolkit v0.20.0 (*)
[20:02:04]           â”‚   â”‚   â”‚   â””â”€â”€ winit v0.30.13 (*)
[20:02:04]           â”‚   â”‚   â”œâ”€â”€ wayland-protocols-experimental v20250721.0.1 (*)
[20:02:04]           â”‚   â”‚   â”œâ”€â”€ wayland-protocols-misc v0.3.11 (*)
[20:02:04]           â”‚   â”‚   â”œâ”€â”€ wayland-protocols-plasma v0.3.11 (*)
[20:02:04]           â”‚   â”‚   â”œâ”€â”€ wayland-protocols-wlr v0.3.11 (*)
[20:02:04]           â”‚   â”‚   â””â”€â”€ winit v0.30.13 (*)
[20:02:04]           â”‚   â”œâ”€â”€ wayland-csd-frame v0.3.0
[20:02:04]           â”‚   â”‚   â”œâ”€â”€ smithay-client-toolkit v0.19.2 (*)
[20:02:04]           â”‚   â”‚   â””â”€â”€ smithay-client-toolkit v0.20.0 (*)
[20:02:04]           â”‚   â”œâ”€â”€ wayland-protocols v0.32.11 (*)
[20:02:04]           â”‚   â”œâ”€â”€ wayland-protocols-experimental v20250721.0.1 (*)
[20:02:04]           â”‚   â”œâ”€â”€ wayland-protocols-misc v0.3.11 (*)
[20:02:04]           â”‚   â”œâ”€â”€ wayland-protocols-plasma v0.3.11 (*)
[20:02:04]           â”‚   â”œâ”€â”€ wayland-protocols-wlr v0.3.11 (*)
[20:02:04]           â”‚   â””â”€â”€ winit v0.30.13 (*)
[20:02:04]           â”œâ”€â”€ wayland-client v0.31.13 (*)
[20:02:04]           â”œâ”€â”€ wayland-cursor v0.31.13 (*)
[20:02:04]           â”œâ”€â”€ x11rb v0.13.2 (*)
[20:02:04]           â””â”€â”€ xattr v1.6.1
[20:02:04]               â””â”€â”€ tar v0.4.44
[20:02:04]                   â””â”€â”€ tract-nnef v0.22.1
[20:02:04]                       â”œâ”€â”€ tract-onnx v0.22.1
[20:02:04]                       â”‚   â””â”€â”€ kataglyphis_rustprojecttemplate v0.1.0 (*)
[20:02:04]                       â””â”€â”€ tract-onnx-opl v0.22.1
[20:02:04]                           â””â”€â”€ tract-onnx v0.22.1 (*)
[20:02:04] warning[duplicate]: found 2 duplicate entries for crate 'ndarray'
[20:02:04]     â”Œâ”€ C:\workspace/Cargo.lock:272:1
[20:02:04]     â”‚  
[20:02:04] 272 â”‚ â•­ ndarray 0.16.1 registry+https://github.com/rust-lang/crates.io-index
[20:02:04] 273 â”‚ â”‚ ndarray 0.17.2 registry+https://github.com/rust-lang/crates.io-index
[20:02:04]     â”‚ â•°â”€â”€â”€â”€â”€â”€â”€â”€â”€â”€â”€â”€â”€â”€â”€â”€â”€â”€â”€â”€â”€â”€â”€â”€â”€â”€â”€â”€â”€â”€â”€â”€â”€â”€â”€â”€â”€â”€â”€â”€â”€â”€â”€â”€â”€â”€â”€â”€â”€â”€â”€â”€â”€â”€â”€â”€â”€â”€â”€â”€â”€â”€â”€â”€â”€â”€â”€â”€â”˜ lock entries
[20:02:04]     â”‚  
[20:02:04]     â”œ ndarray v0.16.1
[20:02:04]       â”œâ”€â”€ tract-core v0.22.1
[20:02:04]       â”‚   â”œâ”€â”€ tract-hir v0.22.1
[20:02:04]       â”‚   â”‚   â””â”€â”€ tract-onnx v0.22.1
[20:02:04]       â”‚   â”‚       â””â”€â”€ kataglyphis_rustprojecttemplate v0.1.0
[20:02:04]       â”‚   â””â”€â”€ tract-nnef v0.22.1
[20:02:04]       â”‚       â”œâ”€â”€ tract-onnx v0.22.1 (*)
[20:02:04]       â”‚       â””â”€â”€ tract-onnx-opl v0.22.1
[20:02:04]       â”‚           â””â”€â”€ tract-onnx v0.22.1 (*)
[20:02:04]       â””â”€â”€ tract-data v0.22.1
[20:02:04]           â”œâ”€â”€ tract-core v0.22.1 (*)
[20:02:04]           â””â”€â”€ tract-linalg v0.22.1
[20:02:04]               â””â”€â”€ tract-core v0.22.1 (*)
[20:02:04]     â”œ ndarray v0.17.2
[20:02:04]       â”œâ”€â”€ burn-ndarray v0.20.1
[20:02:04]       â”‚   â”œâ”€â”€ burn v0.20.1
[20:02:04]       â”‚   â”‚   â””â”€â”€ kataglyphis_rustprojecttemplate v0.1.0
[20:02:04]       â”‚   â””â”€â”€ kataglyphis_rustprojecttemplate v0.1.0 (*)
[20:02:04]       â”œâ”€â”€ kataglyphis_rustprojecttemplate v0.1.0 (*)
[20:02:04]       â””â”€â”€ ort v2.0.0-rc.12
[20:02:04]           â””â”€â”€ kataglyphis_rustprojecttemplate v0.1.0 (*)
[20:02:04] warning[duplicate]: found 2 duplicate entries for crate 'pastey'
[20:02:04]     â”Œâ”€ C:\workspace/Cargo.lock:302:1
[20:02:04]     â”‚  
[20:02:04] 302 â”‚ â•­ pastey 0.1.1 registry+https://github.com/rust-lang/crates.io-index
[20:02:04] 303 â”‚ â”‚ pastey 0.2.1 registry+https://github.com/rust-lang/crates.io-index
[20:02:04]     â”‚ â•°â”€â”€â”€â”€â”€â”€â”€â”€â”€â”€â”€â”€â”€â”€â”€â”€â”€â”€â”€â”€â”€â”€â”€â”€â”€â”€â”€â”€â”€â”€â”€â”€â”€â”€â”€â”€â”€â”€â”€â”€â”€â”€â”€â”€â”€â”€â”€â”€â”€â”€â”€â”€â”€â”€â”€â”€â”€â”€â”€â”€â”€â”€â”€â”€â”€â”€â”˜ lock entries
[20:02:04]     â”‚  
[20:02:04]     â”œ pastey v0.1.1
[20:02:04]       â”œâ”€â”€ tract-core v0.22.1
[20:02:04]       â”‚   â”œâ”€â”€ tract-hir v0.22.1
[20:02:04]       â”‚   â”‚   â””â”€â”€ tract-onnx v0.22.1
[20:02:04]       â”‚   â”‚       â””â”€â”€ kataglyphis_rustprojecttemplate v0.1.0
[20:02:04]       â”‚   â””â”€â”€ tract-nnef v0.22.1
[20:02:04]       â”‚       â”œâ”€â”€ tract-onnx v0.22.1 (*)
[20:02:04]       â”‚       â””â”€â”€ tract-onnx-opl v0.22.1
[20:02:04]       â”‚           â””â”€â”€ tract-onnx v0.22.1 (*)
[20:02:04]       â””â”€â”€ tract-linalg v0.22.1
[20:02:04]           â””â”€â”€ tract-core v0.22.1 (*)
[20:02:04]     â”œ pastey v0.2.1
[20:02:04]       â”œâ”€â”€ gstreamer v0.25.1
[20:02:04]       â”‚   â”œâ”€â”€ gstreamer-app v0.25.0
[20:02:04]       â”‚   â”‚   â””â”€â”€ kataglyphis_rustprojecttemplate v0.1.0
[20:02:04]       â”‚   â”œâ”€â”€ gstreamer-base v0.25.0
[20:02:04]       â”‚   â”‚   â””â”€â”€ gstreamer-app v0.25.0 (*)
[20:02:04]       â”‚   â””â”€â”€ kataglyphis_rustprojecttemplate v0.1.0 (*)
[20:02:04]       â””â”€â”€ option-operations v0.6.1
[20:02:04]           â””â”€â”€ gstreamer v0.25.1 (*)
[20:02:04] warning[duplicate]: found 2 duplicate entries for crate 'png'
[20:02:04]     â”Œâ”€ C:\workspace/Cargo.lock:318:1
[20:02:04]     â”‚  
[20:02:04] 318 â”‚ â•­ png 0.17.16 registry+https://github.com/rust-lang/crates.io-index
[20:02:04] 319 â”‚ â”‚ png 0.18.1 registry+https://github.com/rust-lang/crates.io-index
[20:02:04]     â”‚ â•°â”€â”€â”€â”€â”€â”€â”€â”€â”€â”€â”€â”€â”€â”€â”€â”€â”€â”€â”€â”€â”€â”€â”€â”€â”€â”€â”€â”€â”€â”€â”€â”€â”€â”€â”€â”€â”€â”€â”€â”€â”€â”€â”€â”€â”€â”€â”€â”€â”€â”€â”€â”€â”€â”€â”€â”€â”€â”€â”€â”€â”€â”€â”€â”€â”˜ lock entries
[20:02:04]     â”‚  
[20:02:04]     â”œ png v0.17.16
[20:02:04]       â””â”€â”€ image v0.24.9
[20:02:04]           â”œâ”€â”€ plotters v0.3.7
[20:02:04]           â”‚   â””â”€â”€ kataglyphis_rustprojecttemplate v0.1.0
[20:02:04]           â””â”€â”€ plotters-bitmap v0.3.7
[20:02:04]               â””â”€â”€ plotters v0.3.7 (*)
[20:02:04]     â”œ png v0.18.1
[20:02:04]       â””â”€â”€ image v0.25.10
[20:02:04]           â””â”€â”€ arboard v3.6.1
[20:02:04]               â””â”€â”€ egui-winit v0.33.3
[20:02:04]                   â””â”€â”€ kataglyphis_rustprojecttemplate v0.1.0
[20:02:04] warning[duplicate]: found 2 duplicate entries for crate 'rand'
[20:02:04]     â”Œâ”€ C:\workspace/Cargo.lock:340:1
[20:02:04]     â”‚  
[20:02:04] 340 â”‚ â•­ rand 0.8.5 registry+https://github.com/rust-lang/crates.io-index
[20:02:04] 341 â”‚ â”‚ rand 0.9.2 registry+https://github.com/rust-lang/crates.io-index
[20:02:04]     â”‚ â•°â”€â”€â”€â”€â”€â”€â”€â”€â”€â”€â”€â”€â”€â”€â”€â”€â”€â”€â”€â”€â”€â”€â”€â”€â”€â”€â”€â”€â”€â”€â”€â”€â”€â”€â”€â”€â”€â”€â”€â”€â”€â”€â”€â”€â”€â”€â”€â”€â”€â”€â”€â”€â”€â”€â”€â”€â”€â”€â”€â”€â”€â”€â”€â”€â”˜ lock entries
[20:02:04]     â”‚  
[20:02:04]     â”œ rand v0.8.5
[20:02:04]       â”œâ”€â”€ rand_distr v0.4.3
[20:02:04]       â”‚   â””â”€â”€ tract-onnx-opl v0.22.1
[20:02:04]       â”‚       â””â”€â”€ tract-onnx v0.22.1
[20:02:04]       â”‚           â””â”€â”€ kataglyphis_rustprojecttemplate v0.1.0
[20:02:04]       â””â”€â”€ tract-onnx-opl v0.22.1 (*)
[20:02:04]     â”œ rand v0.9.2
[20:02:04]       â”œâ”€â”€ burn-backend v0.20.1
[20:02:04]       â”‚   â”œâ”€â”€ burn-autodiff v0.20.1
[20:02:04]       â”‚   â”‚   â”œâ”€â”€ burn v0.20.1
[20:02:04]       â”‚   â”‚   â”‚   â””â”€â”€ kataglyphis_rustprojecttemplate v0.1.0
[20:02:04]       â”‚   â”‚   â”œâ”€â”€ burn-ndarray v0.20.1
[20:02:04]       â”‚   â”‚   â”‚   â”œâ”€â”€ burn v0.20.1 (*)
[20:02:04]       â”‚   â”‚   â”‚   â””â”€â”€ kataglyphis_rustprojecttemplate v0.1.0 (*)
[20:02:04]       â”‚   â”‚   â””â”€â”€ kataglyphis_rustprojecttemplate v0.1.0 (*)
[20:02:04]       â”‚   â”œâ”€â”€ burn-ir v0.20.1
[20:02:04]       â”‚   â”‚   â””â”€â”€ burn-ndarray v0.20.1 (*)
[20:02:04]       â”‚   â”œâ”€â”€ burn-ndarray v0.20.1 (*)
[20:02:04]       â”‚   â””â”€â”€ burn-tensor v0.20.1
[20:02:04]       â”‚       â””â”€â”€ burn-core v0.20.1
[20:02:04]       â”‚           â”œâ”€â”€ burn v0.20.1 (*)
[20:02:04]       â”‚           â”œâ”€â”€ burn-nn v0.20.1
[20:02:04]       â”‚           â”‚   â””â”€â”€ burn v0.20.1 (*)
[20:02:04]       â”‚           â””â”€â”€ burn-optim v0.20.1
[20:02:04]       â”‚               â””â”€â”€ burn v0.20.1 (*)
[20:02:04]       â”œâ”€â”€ burn-core v0.20.1 (*)
[20:02:04]       â”œâ”€â”€ burn-ndarray v0.20.1 (*)
[20:02:04]       â”œâ”€â”€ cubecl-common v0.9.0
[20:02:04]       â”‚   â”œâ”€â”€ burn-std v0.20.1
[20:02:04]       â”‚   â”‚   â”œâ”€â”€ burn-autodiff v0.20.1 (*)
[20:02:04]       â”‚   â”‚   â”œâ”€â”€ burn-backend v0.20.1 (*)
[20:02:04]       â”‚   â”‚   â”œâ”€â”€ burn-core v0.20.1 (*)
[20:02:04]       â”‚   â”‚   â”œâ”€â”€ burn-ndarray v0.20.1 (*)
[20:02:04]       â”‚   â”‚   â””â”€â”€ burn-tensor v0.20.1 (*)
[20:02:04]       â”‚   â”œâ”€â”€ cubecl-core v0.9.0
[20:02:04]       â”‚   â”‚   â””â”€â”€ cubecl v0.9.0
[20:02:04]       â”‚   â”‚       â””â”€â”€ burn-backend v0.20.1 (*)
[20:02:04]       â”‚   â”œâ”€â”€ cubecl-ir v0.9.0
[20:02:04]       â”‚   â”‚   â”œâ”€â”€ cubecl v0.9.0 (*)
[20:02:04]       â”‚   â”‚   â”œâ”€â”€ cubecl-core v0.9.0 (*)
[20:02:04]       â”‚   â”‚   â””â”€â”€ cubecl-runtime v0.9.0
[20:02:04]       â”‚   â”‚       â”œâ”€â”€ cubecl v0.9.0 (*)
[20:02:04]       â”‚   â”‚       â””â”€â”€ cubecl-core v0.9.0 (*)
[20:02:04]       â”‚   â”œâ”€â”€ cubecl-macros v0.9.0
[20:02:04]       â”‚   â”‚   â””â”€â”€ cubecl-core v0.9.0 (*)
[20:02:04]       â”‚   â””â”€â”€ cubecl-runtime v0.9.0 (*)
[20:02:04]       â””â”€â”€ rand_distr v0.5.1
[20:02:04]           â””â”€â”€ burn-backend v0.20.1 (*)
[20:02:04] warning[duplicate]: found 2 duplicate entries for crate 'rand_chacha'
[20:02:04]     â”Œâ”€ C:\workspace/Cargo.lock:342:1
[20:02:04]     â”‚  
[20:02:04] 342 â”‚ â•­ rand_chacha 0.3.1 registry+https://github.com/rust-lang/crates.io-index
[20:02:04] 343 â”‚ â”‚ rand_chacha 0.9.0 registry+https://github.com/rust-lang/crates.io-index
[20:02:04]     â”‚ â•°â”€â”€â”€â”€â”€â”€â”€â”€â”€â”€â”€â”€â”€â”€â”€â”€â”€â”€â”€â”€â”€â”€â”€â”€â”€â”€â”€â”€â”€â”€â”€â”€â”€â”€â”€â”€â”€â”€â”€â”€â”€â”€â”€â”€â”€â”€â”€â”€â”€â”€â”€â”€â”€â”€â”€â”€â”€â”€â”€â”€â”€â”€â”€â”€â”€â”€â”€â”€â”€â”€â”€â”˜ lock entries
[20:02:04]     â”‚  
[20:02:04]     â”œ rand_chacha v0.3.1
[20:02:04]       â””â”€â”€ rand v0.8.5
[20:02:04]           â”œâ”€â”€ rand_distr v0.4.3
[20:02:04]           â”‚   â””â”€â”€ tract-onnx-opl v0.22.1
[20:02:04]           â”‚       â””â”€â”€ tract-onnx v0.22.1
[20:02:04]           â”‚           â””â”€â”€ kataglyphis_rustprojecttemplate v0.1.0
[20:02:04]           â””â”€â”€ tract-onnx-opl v0.22.1 (*)
[20:02:05]     â”œ rand_chacha v0.9.0
[20:02:05]       â””â”€â”€ rand v0.9.2
[20:02:05]           â”œâ”€â”€ burn-backend v0.20.1
[20:02:05]           â”‚   â”œâ”€â”€ burn-autodiff v0.20.1
[20:02:05]           â”‚   â”‚   â”œâ”€â”€ burn v0.20.1
[20:02:05]           â”‚   â”‚   â”‚   â””â”€â”€ kataglyphis_rustprojecttemplate v0.1.0
[20:02:05]           â”‚   â”‚   â”œâ”€â”€ burn-ndarray v0.20.1
[20:02:05]           â”‚   â”‚   â”‚   â”œâ”€â”€ burn v0.20.1 (*)
[20:02:05]           â”‚   â”‚   â”‚   â””â”€â”€ kataglyphis_rustprojecttemplate v0.1.0 (*)
[20:02:05]           â”‚   â”‚   â””â”€â”€ kataglyphis_rustprojecttemplate v0.1.0 (*)
[20:02:05]           â”‚   â”œâ”€â”€ burn-ir v0.20.1
[20:02:05]           â”‚   â”‚   â””â”€â”€ burn-ndarray v0.20.1 (*)
[20:02:05]           â”‚   â”œâ”€â”€ burn-ndarray v0.20.1 (*)
[20:02:05]           â”‚   â””â”€â”€ burn-tensor v0.20.1
[20:02:05]           â”‚       â””â”€â”€ burn-core v0.20.1
[20:02:05]           â”‚           â”œâ”€â”€ burn v0.20.1 (*)
[20:02:05]           â”‚           â”œâ”€â”€ burn-nn v0.20.1
[20:02:05]           â”‚           â”‚   â””â”€â”€ burn v0.20.1 (*)
[20:02:05]           â”‚           â””â”€â”€ burn-optim v0.20.1
[20:02:05]           â”‚               â””â”€â”€ burn v0.20.1 (*)
[20:02:05]           â”œâ”€â”€ burn-core v0.20.1 (*)
[20:02:05]           â”œâ”€â”€ burn-ndarray v0.20.1 (*)
[20:02:05]           â”œâ”€â”€ cubecl-common v0.9.0
[20:02:05]           â”‚   â”œâ”€â”€ burn-std v0.20.1
[20:02:05]           â”‚   â”‚   â”œâ”€â”€ burn-autodiff v0.20.1 (*)
[20:02:05]           â”‚   â”‚   â”œâ”€â”€ burn-backend v0.20.1 (*)
[20:02:05]           â”‚   â”‚   â”œâ”€â”€ burn-core v0.20.1 (*)
[20:02:05]           â”‚   â”‚   â”œâ”€â”€ burn-ndarray v0.20.1 (*)
[20:02:05]           â”‚   â”‚   â””â”€â”€ burn-tensor v0.20.1 (*)
[20:02:05]           â”‚   â”œâ”€â”€ cubecl-core v0.9.0
[20:02:05]           â”‚   â”‚   â””â”€â”€ cubecl v0.9.0
[20:02:05]           â”‚   â”‚       â””â”€â”€ burn-backend v0.20.1 (*)
[20:02:05]           â”‚   â”œâ”€â”€ cubecl-ir v0.9.0
[20:02:05]           â”‚   â”‚   â”œâ”€â”€ cubecl v0.9.0 (*)
[20:02:05]           â”‚   â”‚   â”œâ”€â”€ cubecl-core v0.9.0 (*)
[20:02:05]           â”‚   â”‚   â””â”€â”€ cubecl-runtime v0.9.0
[20:02:05]           â”‚   â”‚       â”œâ”€â”€ cubecl v0.9.0 (*)
[20:02:05]           â”‚   â”‚       â””â”€â”€ cubecl-core v0.9.0 (*)
[20:02:05]           â”‚   â”œâ”€â”€ cubecl-macros v0.9.0
[20:02:05]           â”‚   â”‚   â””â”€â”€ cubecl-core v0.9.0 (*)
[20:02:05]           â”‚   â””â”€â”€ cubecl-runtime v0.9.0 (*)
[20:02:05]           â””â”€â”€ rand_distr v0.5.1
[20:02:05]               â””â”€â”€ burn-backend v0.20.1 (*)
[20:02:05] warning[duplicate]: found 2 duplicate entries for crate 'rand_core'
[20:02:05]     â”Œâ”€ C:\workspace/Cargo.lock:344:1
[20:02:05]     â”‚  
[20:02:05] 344 â”‚ â•­ rand_core 0.6.4 registry+https://github.com/rust-lang/crates.io-index
[20:02:05] 345 â”‚ â”‚ rand_core 0.9.5 registry+https://github.com/rust-lang/crates.io-index
[20:02:05]     â”‚ â•°â”€â”€â”€â”€â”€â”€â”€â”€â”€â”€â”€â”€â”€â”€â”€â”€â”€â”€â”€â”€â”€â”€â”€â”€â”€â”€â”€â”€â”€â”€â”€â”€â”€â”€â”€â”€â”€â”€â”€â”€â”€â”€â”€â”€â”€â”€â”€â”€â”€â”€â”€â”€â”€â”€â”€â”€â”€â”€â”€â”€â”€â”€â”€â”€â”€â”€â”€â”€â”€â”˜ lock entries
[20:02:05]     â”‚  
[20:02:05]     â”œ rand_core v0.6.4
[20:02:05]       â”œâ”€â”€ rand v0.8.5
[20:02:05]       â”‚   â”œâ”€â”€ rand_distr v0.4.3
[20:02:05]       â”‚   â”‚   â””â”€â”€ tract-onnx-opl v0.22.1
[20:02:05]       â”‚   â”‚       â””â”€â”€ tract-onnx v0.22.1
[20:02:05]       â”‚   â”‚           â””â”€â”€ kataglyphis_rustprojecttemplate v0.1.0
[20:02:05]       â”‚   â””â”€â”€ tract-onnx-opl v0.22.1 (*)
[20:02:05]       â””â”€â”€ rand_chacha v0.3.1
[20:02:05]           â””â”€â”€ rand v0.8.5 (*)
[20:02:05]     â”œ rand_core v0.9.5
[20:02:05]       â”œâ”€â”€ rand v0.9.2
[20:02:05]       â”‚   â”œâ”€â”€ burn-backend v0.20.1
[20:02:05]       â”‚   â”‚   â”œâ”€â”€ burn-autodiff v0.20.1
[20:02:05]       â”‚   â”‚   â”‚   â”œâ”€â”€ burn v0.20.1
[20:02:05]       â”‚   â”‚   â”‚   â”‚   â””â”€â”€ kataglyphis_rustprojecttemplate v0.1.0
[20:02:05]       â”‚   â”‚   â”‚   â”œâ”€â”€ burn-ndarray v0.20.1
[20:02:05]       â”‚   â”‚   â”‚   â”‚   â”œâ”€â”€ burn v0.20.1 (*)
[20:02:05]       â”‚   â”‚   â”‚   â”‚   â””â”€â”€ kataglyphis_rustprojecttemplate v0.1.0 (*)
[20:02:05]       â”‚   â”‚   â”‚   â””â”€â”€ kataglyphis_rustprojecttemplate v0.1.0 (*)
[20:02:05]       â”‚   â”‚   â”œâ”€â”€ burn-ir v0.20.1
[20:02:05]       â”‚   â”‚   â”‚   â””â”€â”€ burn-ndarray v0.20.1 (*)
[20:02:05]       â”‚   â”‚   â”œâ”€â”€ burn-ndarray v0.20.1 (*)
[20:02:05]       â”‚   â”‚   â””â”€â”€ burn-tensor v0.20.1
[20:02:05]       â”‚   â”‚       â””â”€â”€ burn-core v0.20.1
[20:02:05]       â”‚   â”‚           â”œâ”€â”€ burn v0.20.1 (*)
[20:02:05]       â”‚   â”‚           â”œâ”€â”€ burn-nn v0.20.1
[20:02:05]       â”‚   â”‚           â”‚   â””â”€â”€ burn v0.20.1 (*)
[20:02:05]       â”‚   â”‚           â””â”€â”€ burn-optim v0.20.1
[20:02:05]       â”‚   â”‚               â””â”€â”€ burn v0.20.1 (*)
[20:02:05]       â”‚   â”œâ”€â”€ burn-core v0.20.1 (*)
[20:02:05]       â”‚   â”œâ”€â”€ burn-ndarray v0.20.1 (*)
[20:02:05]       â”‚   â”œâ”€â”€ cubecl-common v0.9.0
[20:02:05]       â”‚   â”‚   â”œâ”€â”€ burn-std v0.20.1
[20:02:05]       â”‚   â”‚   â”‚   â”œâ”€â”€ burn-autodiff v0.20.1 (*)
[20:02:05]       â”‚   â”‚   â”‚   â”œâ”€â”€ burn-backend v0.20.1 (*)
[20:02:05]       â”‚   â”‚   â”‚   â”œâ”€â”€ burn-core v0.20.1 (*)
[20:02:05]       â”‚   â”‚   â”‚   â”œâ”€â”€ burn-ndarray v0.20.1 (*)
[20:02:05]       â”‚   â”‚   â”‚   â””â”€â”€ burn-tensor v0.20.1 (*)
[20:02:05]       â”‚   â”‚   â”œâ”€â”€ cubecl-core v0.9.0
[20:02:05]       â”‚   â”‚   â”‚   â””â”€â”€ cubecl v0.9.0
[20:02:05]       â”‚   â”‚   â”‚       â””â”€â”€ burn-backend v0.20.1 (*)
[20:02:05]       â”‚   â”‚   â”œâ”€â”€ cubecl-ir v0.9.0
[20:02:05]       â”‚   â”‚   â”‚   â”œâ”€â”€ cubecl v0.9.0 (*)
[20:02:05]       â”‚   â”‚   â”‚   â”œâ”€â”€ cubecl-core v0.9.0 (*)
[20:02:05]       â”‚   â”‚   â”‚   â””â”€â”€ cubecl-runtime v0.9.0
[20:02:05]       â”‚   â”‚   â”‚       â”œâ”€â”€ cubecl v0.9.0 (*)
[20:02:05]       â”‚   â”‚   â”‚       â””â”€â”€ cubecl-core v0.9.0 (*)
[20:02:05]       â”‚   â”‚   â”œâ”€â”€ cubecl-macros v0.9.0
[20:02:05]       â”‚   â”‚   â”‚   â””â”€â”€ cubecl-core v0.9.0 (*)
[20:02:05]       â”‚   â”‚   â””â”€â”€ cubecl-runtime v0.9.0 (*)
[20:02:05]       â”‚   â””â”€â”€ rand_distr v0.5.1
[20:02:05]       â”‚       â””â”€â”€ burn-backend v0.20.1 (*)
[20:02:05]       â””â”€â”€ rand_chacha v0.9.0
[20:02:05]           â””â”€â”€ rand v0.9.2 (*)
[20:02:05] warning[duplicate]: found 2 duplicate entries for crate 'rand_distr'
[20:02:05]     â”Œâ”€ C:\workspace/Cargo.lock:346:1
[20:02:05]     â”‚  
[20:02:05] 346 â”‚ â•­ rand_distr 0.4.3 registry+https://github.com/rust-lang/crates.io-index
[20:02:05] 347 â”‚ â”‚ rand_distr 0.5.1 registry+https://github.com/rust-lang/crates.io-index
[20:02:05]     â”‚ â•°â”€â”€â”€â”€â”€â”€â”€â”€â”€â”€â”€â”€â”€â”€â”€â”€â”€â”€â”€â”€â”€â”€â”€â”€â”€â”€â”€â”€â”€â”€â”€â”€â”€â”€â”€â”€â”€â”€â”€â”€â”€â”€â”€â”€â”€â”€â”€â”€â”€â”€â”€â”€â”€â”€â”€â”€â”€â”€â”€â”€â”€â”€â”€â”€â”€â”€â”€â”€â”€â”€â”˜ lock entries
[20:02:05]     â”‚  
[20:02:05]     â”œ rand_distr v0.4.3
[20:02:05]       â””â”€â”€ tract-onnx-opl v0.22.1
[20:02:05]           â””â”€â”€ tract-onnx v0.22.1
[20:02:05]               â””â”€â”€ kataglyphis_rustprojecttemplate v0.1.0
[20:02:05]     â”œ rand_distr v0.5.1
[20:02:05]       â””â”€â”€ burn-backend v0.20.1
[20:02:05]           â”œâ”€â”€ burn-autodiff v0.20.1
[20:02:05]           â”‚   â”œâ”€â”€ burn v0.20.1
[20:02:05]           â”‚   â”‚   â””â”€â”€ kataglyphis_rustprojecttemplate v0.1.0
[20:02:05]           â”‚   â”œâ”€â”€ burn-ndarray v0.20.1
[20:02:05]           â”‚   â”‚   â”œâ”€â”€ burn v0.20.1 (*)
[20:02:05]           â”‚   â”‚   â””â”€â”€ kataglyphis_rustprojecttemplate v0.1.0 (*)
[20:02:05]           â”‚   â””â”€â”€ kataglyphis_rustprojecttemplate v0.1.0 (*)
[20:02:05]           â”œâ”€â”€ burn-ir v0.20.1
[20:02:05]           â”‚   â””â”€â”€ burn-ndarray v0.20.1 (*)
[20:02:05]           â”œâ”€â”€ burn-ndarray v0.20.1 (*)
[20:02:05]           â””â”€â”€ burn-tensor v0.20.1
[20:02:05]               â””â”€â”€ burn-core v0.20.1
[20:02:05]                   â”œâ”€â”€ burn v0.20.1 (*)
[20:02:05]                   â”œâ”€â”€ burn-nn v0.20.1
[20:02:05]                   â”‚   â””â”€â”€ burn v0.20.1 (*)
[20:02:05]                   â””â”€â”€ burn-optim v0.20.1
[20:02:05]                       â””â”€â”€ burn v0.20.1 (*)
[20:02:05] warning[duplicate]: found 2 duplicate entries for crate 'rustc-hash'
[20:02:05]     â”Œâ”€ C:\workspace/Cargo.lock:359:1
[20:02:05]     â”‚  
[20:02:05] 359 â”‚ â•­ rustc-hash 1.1.0 registry+https://github.com/rust-lang/crates.io-index
[20:02:05] 360 â”‚ â”‚ rustc-hash 2.1.1 registry+https://github.com/rust-lang/crates.io-index
[20:02:05]     â”‚ â•°â”€â”€â”€â”€â”€â”€â”€â”€â”€â”€â”€â”€â”€â”€â”€â”€â”€â”€â”€â”€â”€â”€â”€â”€â”€â”€â”€â”€â”€â”€â”€â”€â”€â”€â”€â”€â”€â”€â”€â”€â”€â”€â”€â”€â”€â”€â”€â”€â”€â”€â”€â”€â”€â”€â”€â”€â”€â”€â”€â”€â”€â”€â”€â”€â”€â”€â”€â”€â”€â”€â”˜ lock entries
[20:02:05]     â”‚  
[20:02:05]     â”œ rustc-hash v1.1.0
[20:02:05]       â”œâ”€â”€ naga v27.0.3
[20:02:05]       â”‚   â”œâ”€â”€ wgpu-core v27.0.3
[20:02:05]       â”‚   â”‚   â””â”€â”€ wgpu v27.0.1
[20:02:05]       â”‚   â”‚       â”œâ”€â”€ egui-wgpu v0.33.3
[20:02:05]       â”‚   â”‚       â”‚   â””â”€â”€ kataglyphis_rustprojecttemplate v0.1.0
[20:02:05]       â”‚   â”‚       â””â”€â”€ kataglyphis_rustprojecttemplate v0.1.0 (*)
[20:02:05]       â”‚   â””â”€â”€ wgpu-hal v27.0.4
[20:02:05]       â”‚       â”œâ”€â”€ wgpu v27.0.1 (*)
[20:02:05]       â”‚       â”œâ”€â”€ wgpu-core v27.0.3 (*)
[20:02:05]       â”‚       â””â”€â”€ wgpu-core-deps-windows-linux-android v27.0.0
[20:02:05]       â”‚           â””â”€â”€ wgpu-core v27.0.3 (*)
[20:02:05]       â””â”€â”€ wgpu-core v27.0.3 (*)
[20:02:05]     â”œ rustc-hash v2.1.1
[20:02:05]       â””â”€â”€ type-map v0.5.1
[20:02:05]           â””â”€â”€ egui-wgpu v0.33.3
[20:02:05]               â””â”€â”€ kataglyphis_rustprojecttemplate v0.1.0
[20:02:05] warning[duplicate]: found 2 duplicate entries for crate 'rustix'
[20:02:05]     â”Œâ”€ C:\workspace/Cargo.lock:363:1
[20:02:05]     â”‚  
[20:02:05] 363 â”‚ â•­ rustix 0.38.44 registry+https://github.com/rust-lang/crates.io-index
[20:02:05] 364 â”‚ â”‚ rustix 1.1.4 registry+https://github.com/rust-lang/crates.io-index
[20:02:05]     â”‚ â•°â”€â”€â”€â”€â”€â”€â”€â”€â”€â”€â”€â”€â”€â”€â”€â”€â”€â”€â”€â”€â”€â”€â”€â”€â”€â”€â”€â”€â”€â”€â”€â”€â”€â”€â”€â”€â”€â”€â”€â”€â”€â”€â”€â”€â”€â”€â”€â”€â”€â”€â”€â”€â”€â”€â”€â”€â”€â”€â”€â”€â”€â”€â”€â”€â”€â”€â”˜ lock entries
[20:02:05]     â”‚  
[20:02:05]     â”œ rustix v0.38.44
[20:02:05]       â”œâ”€â”€ calloop v0.13.0
[20:02:05]       â”‚   â”œâ”€â”€ calloop-wayland-source v0.3.0
[20:02:05]       â”‚   â”‚   â””â”€â”€ smithay-client-toolkit v0.19.2
[20:02:05]       â”‚   â”‚       â”œâ”€â”€ sctk-adwaita v0.10.1
[20:02:05]       â”‚   â”‚       â”‚   â””â”€â”€ winit v0.30.13
[20:02:05]       â”‚   â”‚       â”‚       â”œâ”€â”€ egui-winit v0.33.3
[20:02:05]       â”‚   â”‚       â”‚       â”‚   â””â”€â”€ kataglyphis_rustprojecttemplate v0.1.0
[20:02:05]       â”‚   â”‚       â”‚       â””â”€â”€ kataglyphis_rustprojecttemplate v0.1.0 (*)
[20:02:05]       â”‚   â”‚       â””â”€â”€ winit v0.30.13 (*)
[20:02:05]       â”‚   â”œâ”€â”€ smithay-client-toolkit v0.19.2 (*)
[20:02:05]       â”‚   â””â”€â”€ winit v0.30.13 (*)
[20:02:05]       â”œâ”€â”€ calloop-wayland-source v0.3.0 (*)
[20:02:05]       â”œâ”€â”€ smithay-client-toolkit v0.19.2 (*)
[20:02:05]       â””â”€â”€ winit v0.30.13 (*)
[20:02:05]     â”œ rustix v1.1.4
[20:02:05]       â”œâ”€â”€ calloop v0.14.4
[20:02:05]       â”‚   â”œâ”€â”€ calloop-wayland-source v0.4.1
[20:02:05]       â”‚   â”‚   â””â”€â”€ smithay-client-toolkit v0.20.0
[20:02:05]       â”‚   â”‚       â””â”€â”€ smithay-clipboard v0.7.3
[20:02:05]       â”‚   â”‚           â””â”€â”€ egui-winit v0.33.3
[20:02:05]       â”‚   â”‚               â””â”€â”€ kataglyphis_rustprojecttemplate v0.1.0
[20:02:05]       â”‚   â””â”€â”€ smithay-client-toolkit v0.20.0 (*)
[20:02:05]       â”œâ”€â”€ calloop-wayland-source v0.4.1 (*)
[20:02:05]       â”œâ”€â”€ gethostname v1.1.0
[20:02:05]       â”‚   â””â”€â”€ x11rb v0.13.2
[20:02:05]       â”‚       â”œâ”€â”€ arboard v3.6.1
[20:02:05]       â”‚       â”‚   â””â”€â”€ egui-winit v0.33.3 (*)
[20:02:05]       â”‚       â””â”€â”€ winit v0.30.13
[20:02:05]       â”‚           â”œâ”€â”€ egui-winit v0.33.3 (*)
[20:02:05]       â”‚           â””â”€â”€ kataglyphis_rustprojecttemplate v0.1.0 (*)
[20:02:05]       â”œâ”€â”€ polling v3.11.0
[20:02:05]       â”‚   â”œâ”€â”€ calloop v0.13.0
[20:02:05]       â”‚   â”‚   â”œâ”€â”€ calloop-wayland-source v0.3.0
[20:02:05]       â”‚   â”‚   â”‚   â””â”€â”€ smithay-client-toolkit v0.19.2
[20:02:05]       â”‚   â”‚   â”‚       â”œâ”€â”€ sctk-adwaita v0.10.1
[20:02:05]       â”‚   â”‚   â”‚       â”‚   â””â”€â”€ winit v0.30.13 (*)
[20:02:05]       â”‚   â”‚   â”‚       â””â”€â”€ winit v0.30.13 (*)
[20:02:05]       â”‚   â”‚   â”œâ”€â”€ smithay-client-toolkit v0.19.2 (*)
[20:02:05]       â”‚   â”‚   â””â”€â”€ winit v0.30.13 (*)
[20:02:05]       â”‚   â””â”€â”€ calloop v0.14.4 (*)
[20:02:05]       â”œâ”€â”€ smithay-client-toolkit v0.20.0 (*)
[20:02:05]       â”œâ”€â”€ tempfile v3.26.0
[20:02:05]       â”‚   â””â”€â”€ kataglyphis_rustprojecttemplate v0.1.0 (*)
[20:02:05]       â”œâ”€â”€ wayland-backend v0.3.14
[20:02:05]       â”‚   â”œâ”€â”€ calloop-wayland-source v0.3.0 (*)
[20:02:05]       â”‚   â”œâ”€â”€ calloop-wayland-source v0.4.1 (*)
[20:02:05]       â”‚   â”œâ”€â”€ smithay-client-toolkit v0.19.2 (*)
[20:02:05]       â”‚   â”œâ”€â”€ smithay-client-toolkit v0.20.0 (*)
[20:02:05]       â”‚   â”œâ”€â”€ smithay-clipboard v0.7.3 (*)
[20:02:05]       â”‚   â”œâ”€â”€ wayland-client v0.31.13
[20:02:05]       â”‚   â”‚   â”œâ”€â”€ calloop-wayland-source v0.3.0 (*)
[20:02:05]       â”‚   â”‚   â”œâ”€â”€ calloop-wayland-source v0.4.1 (*)
[20:02:05]       â”‚   â”‚   â”œâ”€â”€ smithay-client-toolkit v0.19.2 (*)
[20:02:05]       â”‚   â”‚   â”œâ”€â”€ smithay-client-toolkit v0.20.0 (*)
[20:02:05]       â”‚   â”‚   â”œâ”€â”€ wayland-cursor v0.31.13
[20:02:05]       â”‚   â”‚   â”‚   â”œâ”€â”€ smithay-client-toolkit v0.19.2 (*)
[20:02:05]       â”‚   â”‚   â”‚   â””â”€â”€ smithay-client-toolkit v0.20.0 (*)
[20:02:05]       â”‚   â”‚   â”œâ”€â”€ wayland-protocols v0.32.11
[20:02:05]       â”‚   â”‚   â”‚   â”œâ”€â”€ smithay-client-toolkit v0.19.2 (*)
[20:02:05]       â”‚   â”‚   â”‚   â”œâ”€â”€ smithay-client-toolkit v0.20.0 (*)
[20:02:05]       â”‚   â”‚   â”‚   â”œâ”€â”€ wayland-protocols-experimental v20250721.0.1
[20:02:05]       â”‚   â”‚   â”‚   â”‚   â””â”€â”€ smithay-client-toolkit v0.20.0 (*)
[20:02:05]       â”‚   â”‚   â”‚   â”œâ”€â”€ wayland-protocols-misc v0.3.11
[20:02:05]       â”‚   â”‚   â”‚   â”‚   â””â”€â”€ smithay-client-toolkit v0.20.0 (*)
[20:02:05]       â”‚   â”‚   â”‚   â”œâ”€â”€ wayland-protocols-plasma v0.3.11
[20:02:05]       â”‚   â”‚   â”‚   â”‚   â””â”€â”€ winit v0.30.13 (*)
[20:02:05]       â”‚   â”‚   â”‚   â”œâ”€â”€ wayland-protocols-wlr v0.3.11
[20:02:05]       â”‚   â”‚   â”‚   â”‚   â”œâ”€â”€ smithay-client-toolkit v0.19.2 (*)
[20:02:05]       â”‚   â”‚   â”‚   â”‚   â””â”€â”€ smithay-client-toolkit v0.20.0 (*)
[20:02:05]       â”‚   â”‚   â”‚   â””â”€â”€ winit v0.30.13 (*)
[20:02:05]       â”‚   â”‚   â”œâ”€â”€ wayland-protocols-experimental v20250721.0.1 (*)
[20:02:05]       â”‚   â”‚   â”œâ”€â”€ wayland-protocols-misc v0.3.11 (*)
[20:02:05]       â”‚   â”‚   â”œâ”€â”€ wayland-protocols-plasma v0.3.11 (*)
[20:02:05]       â”‚   â”‚   â”œâ”€â”€ wayland-protocols-wlr v0.3.11 (*)
[20:02:05]       â”‚   â”‚   â””â”€â”€ winit v0.30.13 (*)
[20:02:05]       â”‚   â”œâ”€â”€ wayland-csd-frame v0.3.0
[20:02:05]       â”‚   â”‚   â”œâ”€â”€ smithay-client-toolkit v0.19.2 (*)
[20:02:05]       â”‚   â”‚   â””â”€â”€ smithay-client-toolkit v0.20.0 (*)
[20:02:05]       â”‚   â”œâ”€â”€ wayland-protocols v0.32.11 (*)
[20:02:05]       â”‚   â”œâ”€â”€ wayland-protocols-experimental v20250721.0.1 (*)
[20:02:05]       â”‚   â”œâ”€â”€ wayland-protocols-misc v0.3.11 (*)
[20:02:05]       â”‚   â”œâ”€â”€ wayland-protocols-plasma v0.3.11 (*)
[20:02:05]       â”‚   â”œâ”€â”€ wayland-protocols-wlr v0.3.11 (*)
[20:02:05]       â”‚   â””â”€â”€ winit v0.30.13 (*)
[20:02:05]       â”œâ”€â”€ wayland-client v0.31.13 (*)
[20:02:05]       â”œâ”€â”€ wayland-cursor v0.31.13 (*)
[20:02:05]       â”œâ”€â”€ x11rb v0.13.2 (*)
[20:02:05]       â””â”€â”€ xattr v1.6.1
[20:02:05]           â””â”€â”€ tar v0.4.44
[20:02:05]               â””â”€â”€ tract-nnef v0.22.1
[20:02:05]                   â”œâ”€â”€ tract-onnx v0.22.1
[20:02:05]                   â”‚   â””â”€â”€ kataglyphis_rustprojecttemplate v0.1.0 (*)
[20:02:05]                   â””â”€â”€ tract-onnx-opl v0.22.1
[20:02:05]                       â””â”€â”€ tract-onnx v0.22.1 (*)
[20:02:05] warning[duplicate]: found 2 duplicate entries for crate 'smithay-client-toolkit'
[20:02:05]     â”Œâ”€ C:\workspace/Cargo.lock:387:1
[20:02:05]     â”‚  
[20:02:05] 387 â”‚ â•­ smithay-client-toolkit 0.19.2 registry+https://github.com/rust-lang/crates.io-index
[20:02:05] 388 â”‚ â”‚ smithay-client-toolkit 0.20.0 registry+https://github.com/rust-lang/crates.io-index
[20:02:05]     â”‚ â•°â”€â”€â”€â”€â”€â”€â”€â”€â”€â”€â”€â”€â”€â”€â”€â”€â”€â”€â”€â”€â”€â”€â”€â”€â”€â”€â”€â”€â”€â”€â”€â”€â”€â”€â”€â”€â”€â”€â”€â”€â”€â”€â”€â”€â”€â”€â”€â”€â”€â”€â”€â”€â”€â”€â”€â”€â”€â”€â”€â”€â”€â”€â”€â”€â”€â”€â”€â”€â”€â”€â”€â”€â”€â”€â”€â”€â”€â”€â”€â”€â”€â”€â”€â”˜ lock entries
[20:02:05]     â”‚  
[20:02:05]     â”œ smithay-client-toolkit v0.19.2
[20:02:05]       â”œâ”€â”€ sctk-adwaita v0.10.1
[20:02:05]       â”‚   â””â”€â”€ winit v0.30.13
[20:02:05]       â”‚       â”œâ”€â”€ egui-winit v0.33.3
[20:02:05]       â”‚       â”‚   â””â”€â”€ kataglyphis_rustprojecttemplate v0.1.0
[20:02:05]       â”‚       â””â”€â”€ kataglyphis_rustprojecttemplate v0.1.0 (*)
[20:02:05]       â””â”€â”€ winit v0.30.13 (*)
[20:02:05]     â”œ smithay-client-toolkit v0.20.0
[20:02:05]       â””â”€â”€ smithay-clipboard v0.7.3
[20:02:05]           â””â”€â”€ egui-winit v0.33.3
[20:02:05]               â””â”€â”€ kataglyphis_rustprojecttemplate v0.1.0
[20:02:05] warning[duplicate]: found 2 duplicate entries for crate 'syn'
[20:02:05]     â”Œâ”€ C:\workspace/Cargo.lock:400:1
[20:02:05]     â”‚  
[20:02:05] 400 â”‚ â•­ syn 1.0.109 registry+https://github.com/rust-lang/crates.io-index
[20:02:05] 401 â”‚ â”‚ syn 2.0.117 registry+https://github.com/rust-lang/crates.io-index
[20:02:05]     â”‚ â•°â”€â”€â”€â”€â”€â”€â”€â”€â”€â”€â”€â”€â”€â”€â”€â”€â”€â”€â”€â”€â”€â”€â”€â”€â”€â”€â”€â”€â”€â”€â”€â”€â”€â”€â”€â”€â”€â”€â”€â”€â”€â”€â”€â”€â”€â”€â”€â”€â”€â”€â”€â”€â”€â”€â”€â”€â”€â”€â”€â”€â”€â”€â”€â”€â”€â”˜ lock entries
[20:02:05]     â”‚  
[20:02:05]     â”œ syn v1.0.109
[20:02:05]       â”œâ”€â”€ derive-new v0.5.9
[20:02:05]       â”‚   â”œâ”€â”€ tract-core v0.22.1
[20:02:05]       â”‚   â”‚   â”œâ”€â”€ tract-hir v0.22.1
[20:02:05]       â”‚   â”‚   â”‚   â””â”€â”€ tract-onnx v0.22.1
[20:02:05]       â”‚   â”‚   â”‚       â””â”€â”€ kataglyphis_rustprojecttemplate v0.1.0
[20:02:05]       â”‚   â”‚   â””â”€â”€ tract-nnef v0.22.1
[20:02:05]       â”‚   â”‚       â”œâ”€â”€ tract-onnx v0.22.1 (*)
[20:02:05]       â”‚   â”‚       â””â”€â”€ tract-onnx-opl v0.22.1
[20:02:05]       â”‚   â”‚           â””â”€â”€ tract-onnx v0.22.1 (*)
[20:02:05]       â”‚   â”œâ”€â”€ tract-hir v0.22.1 (*)
[20:02:05]       â”‚   â”œâ”€â”€ tract-linalg v0.22.1
[20:02:05]       â”‚   â”‚   â””â”€â”€ tract-core v0.22.1 (*)
[20:02:05]       â”‚   â””â”€â”€ tract-onnx v0.22.1 (*)
[20:02:05]       â””â”€â”€ prost-derive v0.11.9
[20:02:05]           â””â”€â”€ prost v0.11.9
[20:02:05]               â””â”€â”€ tract-onnx v0.22.1 (*)
[20:02:05]     â”œ syn v2.0.117
[20:02:05]       â”œâ”€â”€ burn-derive v0.20.1
[20:02:05]       â”‚   â””â”€â”€ burn-core v0.20.1
[20:02:05]       â”‚       â”œâ”€â”€ burn v0.20.1
[20:02:05]       â”‚       â”‚   â””â”€â”€ kataglyphis_rustprojecttemplate v0.1.0
[20:02:05]       â”‚       â”œâ”€â”€ burn-nn v0.20.1
[20:02:05]       â”‚       â”‚   â””â”€â”€ burn v0.20.1 (*)
[20:02:05]       â”‚       â””â”€â”€ burn-optim v0.20.1
[20:02:05]       â”‚           â””â”€â”€ burn v0.20.1 (*)
[20:02:05]       â”œâ”€â”€ bytemuck_derive v1.10.2
[20:02:05]       â”‚   â””â”€â”€ bytemuck v1.25.0
[20:02:05]       â”‚       â”œâ”€â”€ burn-backend v0.20.1
[20:02:05]       â”‚       â”‚   â”œâ”€â”€ burn-autodiff v0.20.1
[20:02:05]       â”‚       â”‚   â”‚   â”œâ”€â”€ burn v0.20.1 (*)
[20:02:05]       â”‚       â”‚   â”‚   â”œâ”€â”€ burn-ndarray v0.20.1
[20:02:05]       â”‚       â”‚   â”‚   â”‚   â”œâ”€â”€ burn v0.20.1 (*)
[20:02:05]       â”‚       â”‚   â”‚   â”‚   â””â”€â”€ kataglyphis_rustprojecttemplate v0.1.0 (*)
[20:02:05]       â”‚       â”‚   â”‚   â””â”€â”€ kataglyphis_rustprojecttemplate v0.1.0 (*)
[20:02:05]       â”‚       â”‚   â”œâ”€â”€ burn-ir v0.20.1
[20:02:05]       â”‚       â”‚   â”‚   â””â”€â”€ burn-ndarray v0.20.1 (*)
[20:02:05]       â”‚       â”‚   â”œâ”€â”€ burn-ndarray v0.20.1 (*)
[20:02:05]       â”‚       â”‚   â””â”€â”€ burn-tensor v0.20.1
[20:02:05]       â”‚       â”‚       â””â”€â”€ burn-core v0.20.1 (*)
[20:02:05]       â”‚       â”œâ”€â”€ burn-ndarray v0.20.1 (*)
[20:02:05]       â”‚       â”œâ”€â”€ burn-std v0.20.1
[20:02:05]       â”‚       â”‚   â”œâ”€â”€ burn-autodiff v0.20.1 (*)
[20:02:05]       â”‚       â”‚   â”œâ”€â”€ burn-backend v0.20.1 (*)
[20:02:05]       â”‚       â”‚   â”œâ”€â”€ burn-core v0.20.1 (*)
[20:02:05]       â”‚       â”‚   â”œâ”€â”€ burn-ndarray v0.20.1 (*)
[20:02:05]       â”‚       â”‚   â””â”€â”€ burn-tensor v0.20.1 (*)
[20:02:05]       â”‚       â”œâ”€â”€ cubecl-common v0.9.0
[20:02:05]       â”‚       â”‚   â”œâ”€â”€ burn-std v0.20.1 (*)
[20:02:05]       â”‚       â”‚   â”œâ”€â”€ cubecl-core v0.9.0
[20:02:05]       â”‚       â”‚   â”‚   â””â”€â”€ cubecl v0.9.0
[20:02:05]       â”‚       â”‚   â”‚       â””â”€â”€ burn-backend v0.20.1 (*)
[20:02:05]       â”‚       â”‚   â”œâ”€â”€ cubecl-ir v0.9.0
[20:02:05]       â”‚       â”‚   â”‚   â”œâ”€â”€ cubecl v0.9.0 (*)
[20:02:05]       â”‚       â”‚   â”‚   â”œâ”€â”€ cubecl-core v0.9.0 (*)
[20:02:05]       â”‚       â”‚   â”‚   â””â”€â”€ cubecl-runtime v0.9.0
[20:02:05]       â”‚       â”‚   â”‚       â”œâ”€â”€ cubecl v0.9.0 (*)
[20:02:05]       â”‚       â”‚   â”‚       â””â”€â”€ cubecl-core v0.9.0 (*)
[20:02:05]       â”‚       â”‚   â”œâ”€â”€ cubecl-macros v0.9.0
[20:02:05]       â”‚       â”‚   â”‚   â””â”€â”€ cubecl-core v0.9.0 (*)
[20:02:05]       â”‚       â”‚   â””â”€â”€ cubecl-runtime v0.9.0 (*)
[20:02:05]       â”‚       â”œâ”€â”€ cubecl-core v0.9.0 (*)
[20:02:05]       â”‚       â”œâ”€â”€ cubecl-runtime v0.9.0 (*)
[20:02:05]       â”‚       â”œâ”€â”€ ecolor v0.33.3
[20:02:05]       â”‚       â”‚   â””â”€â”€ epaint v0.33.3
[20:02:05]       â”‚       â”‚       â”œâ”€â”€ egui v0.33.3
[20:02:05]       â”‚       â”‚       â”‚   â”œâ”€â”€ egui-wgpu v0.33.3
[20:02:05]       â”‚       â”‚       â”‚   â”‚   â””â”€â”€ kataglyphis_rustprojecttemplate v0.1.0 (*)
[20:02:05]       â”‚       â”‚       â”‚   â”œâ”€â”€ egui-winit v0.33.3
[20:02:05]       â”‚       â”‚       â”‚   â”‚   â””â”€â”€ kataglyphis_rustprojecttemplate v0.1.0 (*)
[20:02:05]       â”‚       â”‚       â”‚   â””â”€â”€ kataglyphis_rustprojecttemplate v0.1.0 (*)
[20:02:05]       â”‚       â”‚       â””â”€â”€ egui-wgpu v0.33.3 (*)
[20:02:05]       â”‚       â”œâ”€â”€ egui-wgpu v0.33.3 (*)
[20:02:05]       â”‚       â”œâ”€â”€ egui-winit v0.33.3 (*)
[20:02:05]       â”‚       â”œâ”€â”€ emath v0.33.3
[20:02:05]       â”‚       â”‚   â”œâ”€â”€ ecolor v0.33.3 (*)
[20:02:05]       â”‚       â”‚   â”œâ”€â”€ egui v0.33.3 (*)
[20:02:05]       â”‚       â”‚   â””â”€â”€ epaint v0.33.3 (*)
[20:02:05]       â”‚       â”œâ”€â”€ epaint v0.33.3 (*)
[20:02:05]       â”‚       â”œâ”€â”€ half v2.7.1
[20:02:05]       â”‚       â”‚   â”œâ”€â”€ burn-core v0.20.1 (*)
[20:02:05]       â”‚       â”‚   â”œâ”€â”€ burn-std v0.20.1 (*)
[20:02:05]       â”‚       â”‚   â”œâ”€â”€ cubecl v0.9.0 (*)
[20:02:05]       â”‚       â”‚   â”œâ”€â”€ cubecl-common v0.9.0 (*)
[20:02:05]       â”‚       â”‚   â”œâ”€â”€ cubecl-core v0.9.0 (*)
[20:02:05]       â”‚       â”‚   â”œâ”€â”€ cubecl-ir v0.9.0 (*)
[20:02:05]       â”‚       â”‚   â”œâ”€â”€ float8 v0.4.2
[20:02:05]       â”‚       â”‚   â”‚   â””â”€â”€ cubecl-common v0.9.0 (*)
[20:02:05]       â”‚       â”‚   â”œâ”€â”€ macerator v0.2.10
[20:02:05]       â”‚       â”‚   â”‚   â””â”€â”€ burn-ndarray v0.20.1 (*)
[20:02:05]       â”‚       â”‚   â”œâ”€â”€ naga v27.0.3
[20:02:05]       â”‚       â”‚   â”‚   â”œâ”€â”€ wgpu-core v27.0.3
[20:02:05]       â”‚       â”‚   â”‚   â”‚   â””â”€â”€ wgpu v27.0.1
[20:02:05]       â”‚       â”‚   â”‚   â”‚       â”œâ”€â”€ egui-wgpu v0.33.3 (*)
[20:02:05]       â”‚       â”‚   â”‚   â”‚       â””â”€â”€ kataglyphis_rustprojecttemplate v0.1.0 (*)
[20:02:05]       â”‚       â”‚   â”‚   â””â”€â”€ wgpu-hal v27.0.4
[20:02:05]       â”‚       â”‚   â”‚       â”œâ”€â”€ wgpu v27.0.1 (*)
[20:02:05]       â”‚       â”‚   â”‚       â”œâ”€â”€ wgpu-core v27.0.3 (*)
[20:02:05]       â”‚       â”‚   â”‚       â””â”€â”€ wgpu-core-deps-windows-linux-android v27.0.0
[20:02:05]       â”‚       â”‚   â”‚           â””â”€â”€ wgpu-core v27.0.3 (*)
[20:02:05]       â”‚       â”‚   â”œâ”€â”€ tract-data v0.22.1
[20:02:05]       â”‚       â”‚   â”‚   â”œâ”€â”€ tract-core v0.22.1
[20:02:05]       â”‚       â”‚   â”‚   â”‚   â”œâ”€â”€ tract-hir v0.22.1
[20:02:05]       â”‚       â”‚   â”‚   â”‚   â”‚   â””â”€â”€ tract-onnx v0.22.1
[20:02:05]       â”‚       â”‚   â”‚   â”‚   â”‚       â””â”€â”€ kataglyphis_rustprojecttemplate v0.1.0 (*)
[20:02:05]       â”‚       â”‚   â”‚   â”‚   â””â”€â”€ tract-nnef v0.22.1
[20:02:05]       â”‚       â”‚   â”‚   â”‚       â”œâ”€â”€ tract-onnx v0.22.1 (*)
[20:02:05]       â”‚       â”‚   â”‚   â”‚       â””â”€â”€ tract-onnx-opl v0.22.1
[20:02:05]       â”‚       â”‚   â”‚   â”‚           â””â”€â”€ tract-onnx v0.22.1 (*)
[20:02:05]       â”‚       â”‚   â”‚   â””â”€â”€ tract-linalg v0.22.1
[20:02:05]       â”‚       â”‚   â”‚       â””â”€â”€ tract-core v0.22.1 (*)
[20:02:05]       â”‚       â”‚   â””â”€â”€ (build) tract-linalg v0.22.1 (*)
[20:02:05]       â”‚       â”œâ”€â”€ image v0.24.9
[20:02:05]       â”‚       â”‚   â”œâ”€â”€ plotters v0.3.7
[20:02:05]       â”‚       â”‚   â”‚   â””â”€â”€ kataglyphis_rustprojecttemplate v0.1.0 (*)
[20:02:05]       â”‚       â”‚   â””â”€â”€ plotters-bitmap v0.3.7
[20:02:05]       â”‚       â”‚       â””â”€â”€ plotters v0.3.7 (*)
[20:02:05]       â”‚       â”œâ”€â”€ image v0.25.10
[20:02:05]       â”‚       â”‚   â””â”€â”€ arboard v3.6.1
[20:02:05]       â”‚       â”‚       â””â”€â”€ egui-winit v0.33.3 (*)
[20:02:05]       â”‚       â”œâ”€â”€ kataglyphis_rustprojecttemplate v0.1.0 (*)
[20:02:05]       â”‚       â”œâ”€â”€ macerator v0.2.10 (*)
[20:02:05]       â”‚       â”œâ”€â”€ tiny-skia v0.11.4
[20:02:05]       â”‚       â”‚   â””â”€â”€ sctk-adwaita v0.10.1
[20:02:05]       â”‚       â”‚       â””â”€â”€ winit v0.30.13
[20:02:05]       â”‚       â”‚           â”œâ”€â”€ egui-winit v0.33.3 (*)
[20:02:05]       â”‚       â”‚           â””â”€â”€ kataglyphis_rustprojecttemplate v0.1.0 (*)
[20:02:05]       â”‚       â”œâ”€â”€ tiny-skia-path v0.11.4
[20:02:05]       â”‚       â”‚   â””â”€â”€ tiny-skia v0.11.4 (*)
[20:02:05]       â”‚       â”œâ”€â”€ wgpu-core v27.0.3 (*)
[20:02:05]       â”‚       â”œâ”€â”€ wgpu-hal v27.0.4 (*)
[20:02:05]       â”‚       â”œâ”€â”€ wgpu-types v27.0.1
[20:02:05]       â”‚       â”‚   â”œâ”€â”€ wgpu v27.0.1 (*)
[20:02:05]       â”‚       â”‚   â”œâ”€â”€ wgpu-core v27.0.3 (*)
[20:02:05]       â”‚       â”‚   â””â”€â”€ wgpu-hal v27.0.4 (*)
[20:02:05]       â”‚       â””â”€â”€ winit v0.30.13 (*)
[20:02:05]       â”œâ”€â”€ clap_derive v4.5.55
[20:02:05]       â”‚   â””â”€â”€ clap v4.5.60
[20:02:05]       â”‚       â””â”€â”€ kataglyphis_rustprojecttemplate v0.1.0 (*)
[20:02:05]       â”œâ”€â”€ cubecl-macros v0.9.0 (*)
[20:02:05]       â”œâ”€â”€ cubecl-macros-internal v0.9.0
[20:02:05]       â”‚   â””â”€â”€ cubecl-ir v0.9.0 (*)
[20:02:05]       â”œâ”€â”€ cxx-build v1.0.194
[20:02:05]       â”‚   â””â”€â”€ (build) kataglyphis_rustprojecttemplate v0.1.0 (*)
[20:02:05]       â”œâ”€â”€ cxxbridge-macro v1.0.194
[20:02:05]       â”‚   â””â”€â”€ cxx v1.0.194
[20:02:05]       â”‚       â””â”€â”€ kataglyphis_rustprojecttemplate v0.1.0 (*)
[20:02:05]       â”œâ”€â”€ darling_core v0.20.11
[20:02:05]       â”‚   â”œâ”€â”€ darling v0.20.11
[20:02:05]       â”‚   â”‚   â””â”€â”€ macerator-macros v0.1.4
[20:02:05]       â”‚   â”‚       â””â”€â”€ macerator v0.2.10 (*)
[20:02:05]       â”‚   â””â”€â”€ darling_macro v0.20.11
[20:02:05]       â”‚       â””â”€â”€ darling v0.20.11 (*)
[20:02:05]       â”œâ”€â”€ darling_core v0.21.3
[20:02:05]       â”‚   â”œâ”€â”€ darling v0.21.3
[20:02:05]       â”‚   â”‚   â”œâ”€â”€ cubecl-macros v0.9.0 (*)
[20:02:05]       â”‚   â”‚   â”œâ”€â”€ cubecl-macros-internal v0.9.0 (*)
[20:02:05]       â”‚   â”‚   â””â”€â”€ enumset_derive v0.14.0
[20:02:05]       â”‚   â”‚       â””â”€â”€ enumset v1.1.10
[20:02:05]       â”‚   â”‚           â”œâ”€â”€ cubecl-core v0.9.0 (*)
[20:02:05]       â”‚   â”‚           â”œâ”€â”€ cubecl-ir v0.9.0 (*)
[20:02:05]       â”‚   â”‚           â””â”€â”€ cubecl-runtime v0.9.0 (*)
[20:02:05]       â”‚   â””â”€â”€ darling_macro v0.21.3
[20:02:05]       â”‚       â””â”€â”€ darling v0.21.3 (*)
[20:02:05]       â”œâ”€â”€ darling_macro v0.20.11 (*)
[20:02:05]       â”œâ”€â”€ darling_macro v0.21.3 (*)
[20:02:05]       â”œâ”€â”€ delegate-attr v0.3.0
[20:02:05]       â”‚   â””â”€â”€ flutter_rust_bridge v2.11.1
[20:02:05]       â”‚       â””â”€â”€ kataglyphis_rustprojecttemplate v0.1.0 (*)
[20:02:05]       â”œâ”€â”€ derive-new v0.7.0
[20:02:05]       â”‚   â”œâ”€â”€ burn-autodiff v0.20.1 (*)
[20:02:05]       â”‚   â”œâ”€â”€ burn-backend v0.20.1 (*)
[20:02:05]       â”‚   â”œâ”€â”€ burn-core v0.20.1 (*)
[20:02:05]       â”‚   â”œâ”€â”€ burn-derive v0.20.1 (*)
[20:02:05]       â”‚   â”œâ”€â”€ burn-optim v0.20.1 (*)
[20:02:05]       â”‚   â”œâ”€â”€ burn-tensor v0.20.1 (*)
[20:02:05]       â”‚   â”œâ”€â”€ cubecl-common v0.9.0 (*)
[20:02:05]       â”‚   â”œâ”€â”€ cubecl-core v0.9.0 (*)
[20:02:05]       â”‚   â”œâ”€â”€ cubecl-ir v0.9.0 (*)
[20:02:05]       â”‚   â”œâ”€â”€ cubecl-macros v0.9.0 (*)
[20:02:05]       â”‚   â””â”€â”€ cubecl-runtime v0.9.0 (*)
[20:02:05]       â”œâ”€â”€ derive_more-impl v2.1.1
[20:02:05]       â”‚   â””â”€â”€ derive_more v2.1.1
[20:02:05]       â”‚       â”œâ”€â”€ cubecl-common v0.9.0 (*)
[20:02:05]       â”‚       â”œâ”€â”€ cubecl-core v0.9.0 (*)
[20:02:05]       â”‚       â”œâ”€â”€ cubecl-ir v0.9.0 (*)
[20:02:05]       â”‚       â””â”€â”€ cubecl-runtime v0.9.0 (*)
[20:02:05]       â”œâ”€â”€ displaydoc v0.2.5
[20:02:05]       â”‚   â”œâ”€â”€ icu_collections v2.1.1
[20:02:05]       â”‚   â”‚   â”œâ”€â”€ icu_normalizer v2.1.1
[20:02:05]       â”‚   â”‚   â”‚   â””â”€â”€ idna_adapter v1.2.1
[20:02:05]       â”‚   â”‚   â”‚       â””â”€â”€ idna v1.1.0
[20:02:05]       â”‚   â”‚   â”‚           â””â”€â”€ url v2.5.8
[20:02:05]       â”‚   â”‚   â”‚               â””â”€â”€ webbrowser v1.2.0
[20:02:05]       â”‚   â”‚   â”‚                   â””â”€â”€ egui-winit v0.33.3 (*)
[20:02:05]       â”‚   â”‚   â””â”€â”€ icu_properties v2.1.2
[20:02:05]       â”‚   â”‚       â””â”€â”€ idna_adapter v1.2.1 (*)
[20:02:05]       â”‚   â”œâ”€â”€ icu_locale_core v2.1.1
[20:02:05]       â”‚   â”‚   â”œâ”€â”€ icu_properties v2.1.2 (*)
[20:02:05]       â”‚   â”‚   â””â”€â”€ icu_provider v2.1.1
[20:02:05]       â”‚   â”‚       â”œâ”€â”€ icu_normalizer v2.1.1 (*)
[20:02:05]       â”‚   â”‚       â””â”€â”€ icu_properties v2.1.2 (*)
[20:02:05]       â”‚   â”œâ”€â”€ icu_provider v2.1.1 (*)
[20:02:05]       â”‚   â”œâ”€â”€ tinystr v0.8.2
[20:02:05]       â”‚   â”‚   â””â”€â”€ icu_locale_core v2.1.1 (*)
[20:02:05]       â”‚   â””â”€â”€ zerotrie v0.2.3
[20:02:05]       â”‚       â”œâ”€â”€ icu_properties v2.1.2 (*)
[20:02:05]       â”‚       â””â”€â”€ icu_provider v2.1.1 (*)
[20:02:05]       â”œâ”€â”€ enumset_derive v0.14.0 (*)
[20:02:05]       â”œâ”€â”€ flutter_rust_bridge_macros v2.11.1
[20:02:05]       â”‚   â””â”€â”€ flutter_rust_bridge v2.11.1 (*)
[20:02:05]       â”œâ”€â”€ futures-macro v0.3.32
[20:02:05]       â”‚   â””â”€â”€ futures-util v0.3.32
[20:02:05]       â”‚       â”œâ”€â”€ futures v0.3.32
[20:02:05]       â”‚       â”‚   â””â”€â”€ flutter_rust_bridge v2.11.1 (*)
[20:02:05]       â”‚       â”œâ”€â”€ futures-executor v0.3.32
[20:02:05]       â”‚       â”‚   â”œâ”€â”€ futures v0.3.32 (*)
[20:02:05]       â”‚       â”‚   â””â”€â”€ glib v0.22.2
[20:02:05]       â”‚       â”‚       â”œâ”€â”€ cairo-rs v0.22.0
[20:02:05]       â”‚       â”‚       â”‚   â”œâ”€â”€ gdk4 v0.11.0
[20:02:05]       â”‚       â”‚       â”‚   â”‚   â”œâ”€â”€ gsk4 v0.11.0
[20:02:05]       â”‚       â”‚       â”‚   â”‚   â”‚   â””â”€â”€ gtk4 v0.11.0
[20:02:05]       â”‚       â”‚       â”‚   â”‚   â”‚       â””â”€â”€ kataglyphis_rustprojecttemplate v0.1.0 (*)
[20:02:05]       â”‚       â”‚       â”‚   â”‚   â””â”€â”€ gtk4 v0.11.0 (*)
[20:02:05]       â”‚       â”‚       â”‚   â”œâ”€â”€ gsk4 v0.11.0 (*)
[20:02:05]       â”‚       â”‚       â”‚   â””â”€â”€ gtk4 v0.11.0 (*)
[20:02:05]       â”‚       â”‚       â”œâ”€â”€ gdk-pixbuf v0.22.0
[20:02:05]       â”‚       â”‚       â”‚   â”œâ”€â”€ gdk4 v0.11.0 (*)
[20:02:05]       â”‚       â”‚       â”‚   â””â”€â”€ gtk4 v0.11.0 (*)
[20:02:05]       â”‚       â”‚       â”œâ”€â”€ gdk4 v0.11.0 (*)
[20:02:05]       â”‚       â”‚       â”œâ”€â”€ gio v0.22.2
[20:02:05]       â”‚       â”‚       â”‚   â”œâ”€â”€ gdk-pixbuf v0.22.0 (*)
[20:02:05]       â”‚       â”‚       â”‚   â”œâ”€â”€ gdk4 v0.11.0 (*)
[20:02:05]       â”‚       â”‚       â”‚   â”œâ”€â”€ gtk4 v0.11.0 (*)
[20:02:05]       â”‚       â”‚       â”‚   â””â”€â”€ pango v0.22.0
[20:02:05]       â”‚       â”‚       â”‚       â”œâ”€â”€ gdk4 v0.11.0 (*)
[20:02:05]       â”‚       â”‚       â”‚       â”œâ”€â”€ gsk4 v0.11.0 (*)
[20:02:05]       â”‚       â”‚       â”‚       â””â”€â”€ gtk4 v0.11.0 (*)
[20:02:05]       â”‚       â”‚       â”œâ”€â”€ graphene-rs v0.22.0
[20:02:05]       â”‚       â”‚       â”‚   â”œâ”€â”€ gsk4 v0.11.0 (*)
[20:02:05]       â”‚       â”‚       â”‚   â””â”€â”€ gtk4 v0.11.0 (*)
[20:02:05]       â”‚       â”‚       â”œâ”€â”€ gsk4 v0.11.0 (*)
[20:02:05]       â”‚       â”‚       â”œâ”€â”€ gstreamer v0.25.1
[20:02:05]       â”‚       â”‚       â”‚   â”œâ”€â”€ gstreamer-app v0.25.0
[20:02:05]       â”‚       â”‚       â”‚   â”‚   â””â”€â”€ kataglyphis_rustprojecttemplate v0.1.0 (*)
[20:02:05]       â”‚       â”‚       â”‚   â”œâ”€â”€ gstreamer-base v0.25.0
[20:02:05]       â”‚       â”‚       â”‚   â”‚   â””â”€â”€ gstreamer-app v0.25.0 (*)
[20:02:05]       â”‚       â”‚       â”‚   â””â”€â”€ kataglyphis_rustprojecttemplate v0.1.0 (*)
[20:02:05]       â”‚       â”‚       â”œâ”€â”€ gstreamer-app v0.25.0 (*)
[20:02:05]       â”‚       â”‚       â”œâ”€â”€ gstreamer-base v0.25.0 (*)
[20:02:05]       â”‚       â”‚       â”œâ”€â”€ gtk4 v0.11.0 (*)
[20:02:05]       â”‚       â”‚       â””â”€â”€ pango v0.22.0 (*)
[20:02:05]       â”‚       â”œâ”€â”€ gio v0.22.2 (*)
[20:02:05]       â”‚       â”œâ”€â”€ glib v0.22.2 (*)
[20:02:05]       â”‚       â””â”€â”€ gstreamer v0.25.1 (*)
[20:02:05]       â”œâ”€â”€ glib-macros v0.22.2
[20:02:05]       â”‚   â””â”€â”€ glib v0.22.2 (*)
[20:02:05]       â”œâ”€â”€ gtk4-macros v0.11.0
[20:02:05]       â”‚   â””â”€â”€ gtk4 v0.11.0 (*)
[20:02:05]       â”œâ”€â”€ liquid-derive v0.26.10
[20:02:05]       â”‚   â”œâ”€â”€ liquid v0.26.11
[20:02:05]       â”‚   â”‚   â”œâ”€â”€ (build) tract-linalg v0.22.1 (*)
[20:02:05]       â”‚   â”‚   â””â”€â”€ tract-nnef v0.22.1 (*)
[20:02:05]       â”‚   â”œâ”€â”€ liquid-core v0.26.11
[20:02:05]       â”‚   â”‚   â”œâ”€â”€ liquid v0.26.11 (*)
[20:02:05]       â”‚   â”‚   â”œâ”€â”€ liquid-lib v0.26.11
[20:02:05]       â”‚   â”‚   â”‚   â””â”€â”€ liquid v0.26.11 (*)
[20:02:05]       â”‚   â”‚   â”œâ”€â”€ (build) tract-linalg v0.22.1 (*)
[20:02:05]       â”‚   â”‚   â””â”€â”€ tract-nnef v0.22.1 (*)
[20:02:05]       â”‚   â””â”€â”€ (build) tract-linalg v0.22.1 (*)
[20:02:05]       â”œâ”€â”€ macerator-macros v0.1.4 (*)
[20:02:05]       â”œâ”€â”€ openssl-macros v0.1.1
[20:02:05]       â”‚   â””â”€â”€ openssl v0.10.75
[20:02:05]       â”‚       â””â”€â”€ native-tls v0.2.18
[20:02:05]       â”‚           â””â”€â”€ ureq v3.2.0
[20:02:05]       â”‚               â””â”€â”€ (build) ort-sys v2.0.0-rc.12
[20:02:05]       â”‚                   â””â”€â”€ ort v2.0.0-rc.12
[20:02:05]       â”‚                       â””â”€â”€ kataglyphis_rustprojecttemplate v0.1.0 (*)
[20:02:05]       â”œâ”€â”€ pest_generator v2.8.6
[20:02:05]       â”‚   â””â”€â”€ pest_derive v2.8.6
[20:02:05]       â”‚       â””â”€â”€ liquid-core v0.26.11 (*)
[20:02:05]       â”œâ”€â”€ prettyplease v0.2.37
[20:02:05]       â”‚   â””â”€â”€ cubecl-macros v0.9.0 (*)
[20:02:05]       â”œâ”€â”€ serde_derive v1.0.228
[20:02:05]       â”‚   â””â”€â”€ serde v1.0.228
[20:02:05]       â”‚       â”œâ”€â”€ bincode v2.0.1
[20:02:05]       â”‚       â”‚   â””â”€â”€ burn-core v0.20.1 (*)
[20:02:05]       â”‚       â”œâ”€â”€ burn-backend v0.20.1 (*)
[20:02:05]       â”‚       â”œâ”€â”€ burn-core v0.20.1 (*)
[20:02:05]       â”‚       â”œâ”€â”€ burn-ir v0.20.1 (*)
[20:02:05]       â”‚       â”œâ”€â”€ burn-optim v0.20.1 (*)
[20:02:05]       â”‚       â”œâ”€â”€ burn-std v0.20.1 (*)
[20:02:05]       â”‚       â”œâ”€â”€ burn-tensor v0.20.1 (*)
[20:02:05]       â”‚       â”œâ”€â”€ cubecl-common v0.9.0 (*)
[20:02:05]       â”‚       â”œâ”€â”€ cubecl-core v0.9.0 (*)
[20:02:05]       â”‚       â”œâ”€â”€ cubecl-ir v0.9.0 (*)
[20:02:05]       â”‚       â”œâ”€â”€ cubecl-runtime v0.9.0 (*)
[20:02:05]       â”‚       â”œâ”€â”€ enumset v1.1.10 (*)
[20:02:05]       â”‚       â”œâ”€â”€ half v2.7.1 (*)
[20:02:05]       â”‚       â”œâ”€â”€ hashbrown v0.15.5
[20:02:05]       â”‚       â”‚   â”œâ”€â”€ cubecl-common v0.9.0 (*)
[20:02:05]       â”‚       â”‚   â”œâ”€â”€ cubecl-core v0.9.0 (*)
[20:02:05]       â”‚       â”‚   â”œâ”€â”€ cubecl-ir v0.9.0 (*)
[20:02:05]       â”‚       â”‚   â”œâ”€â”€ cubecl-runtime v0.9.0 (*)
[20:02:05]       â”‚       â”‚   â””â”€â”€ gpu-descriptor v0.3.2
[20:02:05]       â”‚       â”‚       â””â”€â”€ wgpu-hal v27.0.4 (*)
[20:02:05]       â”‚       â”œâ”€â”€ kstring v2.0.2
[20:02:05]       â”‚       â”‚   â”œâ”€â”€ gstreamer v0.25.1 (*)
[20:02:05]       â”‚       â”‚   â””â”€â”€ liquid-core v0.26.11 (*)
[20:02:05]       â”‚       â”œâ”€â”€ liquid v0.26.11 (*)
[20:02:05]       â”‚       â”œâ”€â”€ liquid-core v0.26.11 (*)
[20:02:05]       â”‚       â”œâ”€â”€ portable-atomic v1.13.1
[20:02:05]       â”‚       â”‚   â”œâ”€â”€ burn-autodiff v0.20.1 (*)
[20:02:05]       â”‚       â”‚   â”œâ”€â”€ burn-core v0.20.1 (*)
[20:02:05]       â”‚       â”‚   â”œâ”€â”€ burn-ndarray v0.20.1 (*)
[20:02:05]       â”‚       â”‚   â”œâ”€â”€ bytes v1.11.1
[20:02:05]       â”‚       â”‚   â”‚   â”œâ”€â”€ burn-std v0.20.1 (*)
[20:02:05]       â”‚       â”‚   â”‚   â”œâ”€â”€ cubecl-common v0.9.0 (*)
[20:02:05]       â”‚       â”‚   â”‚   â”œâ”€â”€ http v1.4.0
[20:02:05]       â”‚       â”‚   â”‚   â”‚   â””â”€â”€ ureq-proto v0.5.3
[20:02:05]       â”‚       â”‚   â”‚   â”‚       â””â”€â”€ ureq v3.2.0 (*)
[20:02:05]       â”‚       â”‚   â”‚   â”œâ”€â”€ prost v0.11.9
[20:02:05]       â”‚       â”‚   â”‚   â”‚   â””â”€â”€ tract-onnx v0.22.1 (*)
[20:02:05]       â”‚       â”‚   â”‚   â””â”€â”€ tract-onnx v0.22.1 (*)
[20:02:05]       â”‚       â”‚   â”œâ”€â”€ cubecl-common v0.9.0 (*)
[20:02:05]       â”‚       â”‚   â”œâ”€â”€ cubecl-ir v0.9.0 (*)
[20:02:05]       â”‚       â”‚   â”œâ”€â”€ flutter_rust_bridge v2.11.1 (*)
[20:02:05]       â”‚       â”‚   â”œâ”€â”€ jiff v0.2.23
[20:02:05]       â”‚       â”‚   â”‚   â””â”€â”€ env_logger v0.11.9
[20:02:05]       â”‚       â”‚   â”‚       â””â”€â”€ kataglyphis_rustprojecttemplate v0.1.0 (*)
[20:02:05]       â”‚       â”‚   â”œâ”€â”€ ndarray v0.16.1
[20:02:05]       â”‚       â”‚   â”‚   â”œâ”€â”€ tract-core v0.22.1 (*)
[20:02:05]       â”‚       â”‚   â”‚   â””â”€â”€ tract-data v0.22.1 (*)
[20:02:05]       â”‚       â”‚   â”œâ”€â”€ ndarray v0.17.2
[20:02:05]       â”‚       â”‚   â”‚   â”œâ”€â”€ burn-ndarray v0.20.1 (*)
[20:02:05]       â”‚       â”‚   â”‚   â”œâ”€â”€ kataglyphis_rustprojecttemplate v0.1.0 (*)
[20:02:05]       â”‚       â”‚   â”‚   â””â”€â”€ ort v2.0.0-rc.12 (*)
[20:02:05]       â”‚       â”‚   â”œâ”€â”€ portable-atomic-util v0.2.5
[20:02:05]       â”‚       â”‚   â”‚   â”œâ”€â”€ burn-core v0.20.1 (*)
[20:02:05]       â”‚       â”‚   â”‚   â”œâ”€â”€ burn-ndarray v0.20.1 (*)
[20:02:05]       â”‚       â”‚   â”‚   â”œâ”€â”€ cubecl-common v0.9.0 (*)
[20:02:05]       â”‚       â”‚   â”‚   â”œâ”€â”€ jiff v0.2.23 (*)
[20:02:05]       â”‚       â”‚   â”‚   â”œâ”€â”€ ndarray v0.16.1 (*)
[20:02:05]       â”‚       â”‚   â”‚   â”œâ”€â”€ ndarray v0.17.2 (*)
[20:02:05]       â”‚       â”‚   â”‚   â””â”€â”€ wgpu-hal v27.0.4 (*)
[20:02:05]       â”‚       â”‚   â”œâ”€â”€ spin v0.10.0
[20:02:05]       â”‚       â”‚   â”‚   â”œâ”€â”€ burn-autodiff v0.20.1 (*)
[20:02:05]       â”‚       â”‚   â”‚   â”œâ”€â”€ burn-core v0.20.1 (*)
[20:02:05]       â”‚       â”‚   â”‚   â”œâ”€â”€ cubecl-common v0.9.0 (*)
[20:02:05]       â”‚       â”‚   â”‚   â””â”€â”€ cubecl-runtime v0.9.0 (*)
[20:02:05]       â”‚       â”‚   â”œâ”€â”€ wgpu v27.0.1 (*)
[20:02:05]       â”‚       â”‚   â”œâ”€â”€ wgpu-core v27.0.3 (*)
[20:02:05]       â”‚       â”‚   â””â”€â”€ wgpu-hal v27.0.4 (*)
[20:02:05]       â”‚       â”œâ”€â”€ rmp-serde v1.3.1
[20:02:05]       â”‚       â”‚   â””â”€â”€ burn-core v0.20.1 (*)
[20:02:05]       â”‚       â”œâ”€â”€ safetensors v0.6.2
[20:02:05]       â”‚       â”‚   â””â”€â”€ tract-nnef v0.22.1 (*)
[20:02:05]       â”‚       â””â”€â”€ string-interner v0.15.0
[20:02:05]       â”‚           â””â”€â”€ tract-data v0.22.1 (*)
[20:02:05]       â”œâ”€â”€ synstructure v0.13.2
[20:02:05]       â”‚   â”œâ”€â”€ yoke-derive v0.8.1
[20:02:05]       â”‚   â”‚   â””â”€â”€ yoke v0.8.1
[20:02:05]       â”‚   â”‚       â”œâ”€â”€ icu_collections v2.1.1 (*)
[20:02:05]       â”‚   â”‚       â”œâ”€â”€ icu_provider v2.1.1 (*)
[20:02:05]       â”‚   â”‚       â”œâ”€â”€ zerotrie v0.2.3 (*)
[20:02:05]       â”‚   â”‚       â””â”€â”€ zerovec v0.11.5
[20:02:05]       â”‚   â”‚           â”œâ”€â”€ icu_collections v2.1.1 (*)
[20:02:05]       â”‚   â”‚           â”œâ”€â”€ icu_locale_core v2.1.1 (*)
[20:02:05]       â”‚   â”‚           â”œâ”€â”€ icu_normalizer v2.1.1 (*)
[20:02:05]       â”‚   â”‚           â”œâ”€â”€ icu_properties v2.1.2 (*)
[20:02:05]       â”‚   â”‚           â”œâ”€â”€ icu_provider v2.1.1 (*)
[20:02:05]       â”‚   â”‚           â”œâ”€â”€ potential_utf v0.1.4
[20:02:05]       â”‚   â”‚           â”‚   â””â”€â”€ icu_collections v2.1.1 (*)
[20:02:05]       â”‚   â”‚           â””â”€â”€ tinystr v0.8.2 (*)
[20:02:05]       â”‚   â””â”€â”€ zerofrom-derive v0.1.6
[20:02:05]       â”‚       â””â”€â”€ zerofrom v0.1.6
[20:02:05]       â”‚           â”œâ”€â”€ icu_collections v2.1.1 (*)
[20:02:05]       â”‚           â”œâ”€â”€ icu_provider v2.1.1 (*)
[20:02:05]       â”‚           â”œâ”€â”€ yoke v0.8.1 (*)
[20:02:05]       â”‚           â”œâ”€â”€ zerotrie v0.2.3 (*)
[20:02:05]       â”‚           â””â”€â”€ zerovec v0.11.5 (*)
[20:02:05]       â”œâ”€â”€ thiserror-impl v1.0.69
[20:02:05]       â”‚   â””â”€â”€ thiserror v1.0.69
[20:02:05]       â”‚       â”œâ”€â”€ calloop v0.13.0
[20:02:05]       â”‚       â”‚   â”œâ”€â”€ calloop-wayland-source v0.3.0
[20:02:05]       â”‚       â”‚   â”‚   â””â”€â”€ smithay-client-toolkit v0.19.2
[20:02:05]       â”‚       â”‚   â”‚       â”œâ”€â”€ sctk-adwaita v0.10.1 (*)
[20:02:05]       â”‚       â”‚   â”‚       â””â”€â”€ winit v0.30.13 (*)
[20:02:05]       â”‚       â”‚   â”œâ”€â”€ smithay-client-toolkit v0.19.2 (*)
[20:02:05]       â”‚       â”‚   â””â”€â”€ winit v0.30.13 (*)
[20:02:05]       â”‚       â””â”€â”€ smithay-client-toolkit v0.19.2 (*)
[20:02:05]       â”œâ”€â”€ thiserror-impl v2.0.18
[20:02:05]       â”‚   â””â”€â”€ thiserror v2.0.18
[20:02:05]       â”‚       â”œâ”€â”€ burn-backend v0.20.1 (*)
[20:02:05]       â”‚       â”œâ”€â”€ cubecl-runtime v0.9.0 (*)
[20:02:05]       â”‚       â”œâ”€â”€ egui-wgpu v0.33.3 (*)
[20:02:05]       â”‚       â”œâ”€â”€ gstreamer v0.25.1 (*)
[20:02:05]       â”‚       â”œâ”€â”€ naga v27.0.3 (*)
[20:02:05]       â”‚       â”œâ”€â”€ smithay-client-toolkit v0.20.0
[20:02:05]       â”‚       â”‚   â””â”€â”€ smithay-clipboard v0.7.3
[20:02:05]       â”‚       â”‚       â””â”€â”€ egui-winit v0.33.3 (*)
[20:02:05]       â”‚       â”œâ”€â”€ wgpu-core v27.0.3 (*)
[20:02:05]       â”‚       â”œâ”€â”€ wgpu-hal v27.0.4 (*)
[20:02:05]       â”‚       â””â”€â”€ wgpu-types v27.0.1 (*)
[20:02:05]       â”œâ”€â”€ tokio-macros v2.6.1
[20:02:05]       â”‚   â””â”€â”€ tokio v1.50.0
[20:02:05]       â”‚       â”œâ”€â”€ flutter_rust_bridge v2.11.1 (*)
[20:02:05]       â”‚       â””â”€â”€ kataglyphis_rustprojecttemplate v0.1.0 (*)
[20:02:05]       â”œâ”€â”€ tracing-attributes v0.1.31
[20:02:05]       â”‚   â””â”€â”€ tracing v0.1.44
[20:02:05]       â”‚       â”œâ”€â”€ burn-autodiff v0.20.1 (*)
[20:02:05]       â”‚       â”œâ”€â”€ calloop v0.14.4
[20:02:05]       â”‚       â”‚   â”œâ”€â”€ calloop-wayland-source v0.4.1
[20:02:05]       â”‚       â”‚   â”‚   â””â”€â”€ smithay-client-toolkit v0.20.0 (*)
[20:02:05]       â”‚       â”‚   â””â”€â”€ smithay-client-toolkit v0.20.0 (*)
[20:02:05]       â”‚       â”œâ”€â”€ cubecl-common v0.9.0 (*)
[20:02:05]       â”‚       â”œâ”€â”€ cubecl-core v0.9.0 (*)
[20:02:05]       â”‚       â”œâ”€â”€ cubecl-runtime v0.9.0 (*)
[20:02:05]       â”‚       â””â”€â”€ winit v0.30.13 (*)
[20:02:05]       â”œâ”€â”€ variadics_please v1.1.0
[20:02:05]       â”‚   â”œâ”€â”€ cubecl-core v0.9.0 (*)
[20:02:05]       â”‚   â”œâ”€â”€ cubecl-ir v0.9.0 (*)
[20:02:05]       â”‚   â””â”€â”€ cubecl-runtime v0.9.0 (*)
[20:02:05]       â”œâ”€â”€ yoke-derive v0.8.1 (*)
[20:02:05]       â”œâ”€â”€ zerocopy-derive v0.8.42
[20:02:05]       â”‚   â””â”€â”€ zerocopy v0.8.42
[20:02:05]       â”‚       â”œâ”€â”€ ahash v0.8.12
[20:02:05]       â”‚       â”‚   â”œâ”€â”€ burn-core v0.20.1 (*)
[20:02:05]       â”‚       â”‚   â”œâ”€â”€ egui v0.33.3 (*)
[20:02:05]       â”‚       â”‚   â”œâ”€â”€ egui-wgpu v0.33.3 (*)
[20:02:05]       â”‚       â”‚   â”œâ”€â”€ epaint v0.33.3 (*)
[20:02:05]       â”‚       â”‚   â”œâ”€â”€ hashbrown v0.14.5
[20:02:05]       â”‚       â”‚   â”‚   â””â”€â”€ string-interner v0.15.0 (*)
[20:02:05]       â”‚       â”‚   â””â”€â”€ winit v0.30.13 (*)
[20:02:05]       â”‚       â”œâ”€â”€ half v2.7.1 (*)
[20:02:05]       â”‚       â””â”€â”€ ppv-lite86 v0.2.21
[20:02:05]       â”‚           â”œâ”€â”€ rand_chacha v0.3.1
[20:02:05]       â”‚           â”‚   â””â”€â”€ rand v0.8.5
[20:02:05]       â”‚           â”‚       â”œâ”€â”€ rand_distr v0.4.3
[20:02:05]       â”‚           â”‚       â”‚   â””â”€â”€ tract-onnx-opl v0.22.1 (*)
[20:02:05]       â”‚           â”‚       â””â”€â”€ tract-onnx-opl v0.22.1 (*)
[20:02:05]       â”‚           â””â”€â”€ rand_chacha v0.9.0
[20:02:05]       â”‚               â””â”€â”€ rand v0.9.2
[20:02:05]       â”‚                   â”œâ”€â”€ burn-backend v0.20.1 (*)
[20:02:05]       â”‚                   â”œâ”€â”€ burn-core v0.20.1 (*)
[20:02:05]       â”‚                   â”œâ”€â”€ burn-ndarray v0.20.1 (*)
[20:02:05]       â”‚                   â”œâ”€â”€ cubecl-common v0.9.0 (*)
[20:02:05]       â”‚                   â””â”€â”€ rand_distr v0.5.1
[20:02:05]       â”‚                       â””â”€â”€ burn-backend v0.20.1 (*)
[20:02:05]       â”œâ”€â”€ zerofrom-derive v0.1.6 (*)
[20:02:05]       â””â”€â”€ zerovec-derive v0.11.2
[20:02:05]           â””â”€â”€ zerovec v0.11.5 (*)
[20:02:05] warning[duplicate]: found 2 duplicate entries for crate 'thiserror'
[20:02:05]     â”Œâ”€ C:\workspace/Cargo.lock:410:1
[20:02:05]     â”‚  
[20:02:05] 410 â”‚ â•­ thiserror 1.0.69 registry+https://github.com/rust-lang/crates.io-index
[20:02:05] 411 â”‚ â”‚ thiserror 2.0.18 registry+https://github.com/rust-lang/crates.io-index
[20:02:05]     â”‚ â•°â”€â”€â”€â”€â”€â”€â”€â”€â”€â”€â”€â”€â”€â”€â”€â”€â”€â”€â”€â”€â”€â”€â”€â”€â”€â”€â”€â”€â”€â”€â”€â”€â”€â”€â”€â”€â”€â”€â”€â”€â”€â”€â”€â”€â”€â”€â”€â”€â”€â”€â”€â”€â”€â”€â”€â”€â”€â”€â”€â”€â”€â”€â”€â”€â”€â”€â”€â”€â”€â”€â”˜ lock entries
[20:02:05]     â”‚  
[20:02:05]     â”œ thiserror v1.0.69
[20:02:05]       â”œâ”€â”€ calloop v0.13.0
[20:02:05]       â”‚   â”œâ”€â”€ calloop-wayland-source v0.3.0
[20:02:05]       â”‚   â”‚   â””â”€â”€ smithay-client-toolkit v0.19.2
[20:02:05]       â”‚   â”‚       â”œâ”€â”€ sctk-adwaita v0.10.1
[20:02:05]       â”‚   â”‚       â”‚   â””â”€â”€ winit v0.30.13
[20:02:05]       â”‚   â”‚       â”‚       â”œâ”€â”€ egui-winit v0.33.3
[20:02:05]       â”‚   â”‚       â”‚       â”‚   â””â”€â”€ kataglyphis_rustprojecttemplate v0.1.0
[20:02:05]       â”‚   â”‚       â”‚       â””â”€â”€ kataglyphis_rustprojecttemplate v0.1.0 (*)
[20:02:05]       â”‚   â”‚       â””â”€â”€ winit v0.30.13 (*)
[20:02:05]       â”‚   â”œâ”€â”€ smithay-client-toolkit v0.19.2 (*)
[20:02:05]       â”‚   â””â”€â”€ winit v0.30.13 (*)
[20:02:05]       â””â”€â”€ smithay-client-toolkit v0.19.2 (*)
[20:02:05]     â”œ thiserror v2.0.18
[20:02:05]       â”œâ”€â”€ burn-backend v0.20.1
[20:02:05]       â”‚   â”œâ”€â”€ burn-autodiff v0.20.1
[20:02:05]       â”‚   â”‚   â”œâ”€â”€ burn v0.20.1
[20:02:05]       â”‚   â”‚   â”‚   â””â”€â”€ kataglyphis_rustprojecttemplate v0.1.0
[20:02:05]       â”‚   â”‚   â”œâ”€â”€ burn-ndarray v0.20.1
[20:02:05]       â”‚   â”‚   â”‚   â”œâ”€â”€ burn v0.20.1 (*)
[20:02:05]       â”‚   â”‚   â”‚   â””â”€â”€ kataglyphis_rustprojecttemplate v0.1.0 (*)
[20:02:05]       â”‚   â”‚   â””â”€â”€ kataglyphis_rustprojecttemplate v0.1.0 (*)
[20:02:05]       â”‚   â”œâ”€â”€ burn-ir v0.20.1
[20:02:05]       â”‚   â”‚   â””â”€â”€ burn-ndarray v0.20.1 (*)
[20:02:05]       â”‚   â”œâ”€â”€ burn-ndarray v0.20.1 (*)
[20:02:05]       â”‚   â””â”€â”€ burn-tensor v0.20.1
[20:02:05]       â”‚       â””â”€â”€ burn-core v0.20.1
[20:02:05]       â”‚           â”œâ”€â”€ burn v0.20.1 (*)
[20:02:05]       â”‚           â”œâ”€â”€ burn-nn v0.20.1
[20:02:05]       â”‚           â”‚   â””â”€â”€ burn v0.20.1 (*)
[20:02:05]       â”‚           â””â”€â”€ burn-optim v0.20.1
[20:02:05]       â”‚               â””â”€â”€ burn v0.20.1 (*)
[20:02:05]       â”œâ”€â”€ cubecl-runtime v0.9.0
[20:02:05]       â”‚   â”œâ”€â”€ cubecl v0.9.0
[20:02:05]       â”‚   â”‚   â””â”€â”€ burn-backend v0.20.1 (*)
[20:02:05]       â”‚   â””â”€â”€ cubecl-core v0.9.0
[20:02:05]       â”‚       â””â”€â”€ cubecl v0.9.0 (*)
[20:02:05]       â”œâ”€â”€ egui-wgpu v0.33.3
[20:02:05]       â”‚   â””â”€â”€ kataglyphis_rustprojecttemplate v0.1.0 (*)
[20:02:05]       â”œâ”€â”€ gstreamer v0.25.1
[20:02:05]       â”‚   â”œâ”€â”€ gstreamer-app v0.25.0
[20:02:05]       â”‚   â”‚   â””â”€â”€ kataglyphis_rustprojecttemplate v0.1.0 (*)
[20:02:05]       â”‚   â”œâ”€â”€ gstreamer-base v0.25.0
[20:02:05]       â”‚   â”‚   â””â”€â”€ gstreamer-app v0.25.0 (*)
[20:02:05]       â”‚   â””â”€â”€ kataglyphis_rustprojecttemplate v0.1.0 (*)
[20:02:05]       â”œâ”€â”€ naga v27.0.3
[20:02:05]       â”‚   â”œâ”€â”€ wgpu-core v27.0.3
[20:02:05]       â”‚   â”‚   â””â”€â”€ wgpu v27.0.1
[20:02:05]       â”‚   â”‚       â”œâ”€â”€ egui-wgpu v0.33.3 (*)
[20:02:05]       â”‚   â”‚       â””â”€â”€ kataglyphis_rustprojecttemplate v0.1.0 (*)
[20:02:05]       â”‚   â””â”€â”€ wgpu-hal v27.0.4
[20:02:05]       â”‚       â”œâ”€â”€ wgpu v27.0.1 (*)
[20:02:05]       â”‚       â”œâ”€â”€ wgpu-core v27.0.3 (*)
[20:02:05]       â”‚       â””â”€â”€ wgpu-core-deps-windows-linux-android v27.0.0
[20:02:05]       â”‚           â””â”€â”€ wgpu-core v27.0.3 (*)
[20:02:05]       â”œâ”€â”€ smithay-client-toolkit v0.20.0
[20:02:05]       â”‚   â””â”€â”€ smithay-clipboard v0.7.3
[20:02:05]       â”‚       â””â”€â”€ egui-winit v0.33.3
[20:02:05]       â”‚           â””â”€â”€ kataglyphis_rustprojecttemplate v0.1.0 (*)
[20:02:05]       â”œâ”€â”€ wgpu-core v27.0.3 (*)
[20:02:05]       â”œâ”€â”€ wgpu-hal v27.0.4 (*)
[20:02:05]       â””â”€â”€ wgpu-types v27.0.1
[20:02:05]           â”œâ”€â”€ wgpu v27.0.1 (*)
[20:02:05]           â”œâ”€â”€ wgpu-core v27.0.3 (*)
[20:02:05]           â””â”€â”€ wgpu-hal v27.0.4 (*)
[20:02:05] warning[duplicate]: found 2 duplicate entries for crate 'thiserror-impl'
[20:02:05]     â”Œâ”€ C:\workspace/Cargo.lock:412:1
[20:02:05]     â”‚  
[20:02:05] 412 â”‚ â•­ thiserror-impl 1.0.69 registry+https://github.com/rust-lang/crates.io-index
[20:02:05] 413 â”‚ â”‚ thiserror-impl 2.0.18 registry+https://github.com/rust-lang/crates.io-index
[20:02:05]     â”‚ â•°â”€â”€â”€â”€â”€â”€â”€â”€â”€â”€â”€â”€â”€â”€â”€â”€â”€â”€â”€â”€â”€â”€â”€â”€â”€â”€â”€â”€â”€â”€â”€â”€â”€â”€â”€â”€â”€â”€â”€â”€â”€â”€â”€â”€â”€â”€â”€â”€â”€â”€â”€â”€â”€â”€â”€â”€â”€â”€â”€â”€â”€â”€â”€â”€â”€â”€â”€â”€â”€â”€â”€â”€â”€â”€â”€â”˜ lock entries
[20:02:05]     â”‚  
[20:02:05]     â”œ thiserror-impl v1.0.69
[20:02:05]       â””â”€â”€ thiserror v1.0.69
[20:02:05]           â”œâ”€â”€ calloop v0.13.0
[20:02:05]           â”‚   â”œâ”€â”€ calloop-wayland-source v0.3.0
[20:02:05]           â”‚   â”‚   â””â”€â”€ smithay-client-toolkit v0.19.2
[20:02:05]           â”‚   â”‚       â”œâ”€â”€ sctk-adwaita v0.10.1
[20:02:05]           â”‚   â”‚       â”‚   â””â”€â”€ winit v0.30.13
[20:02:05]           â”‚   â”‚       â”‚       â”œâ”€â”€ egui-winit v0.33.3
[20:02:05]           â”‚   â”‚       â”‚       â”‚   â””â”€â”€ kataglyphis_rustprojecttemplate v0.1.0
[20:02:05]           â”‚   â”‚       â”‚       â””â”€â”€ kataglyphis_rustprojecttemplate v0.1.0 (*)
[20:02:05]           â”‚   â”‚       â””â”€â”€ winit v0.30.13 (*)
[20:02:05]           â”‚   â”œâ”€â”€ smithay-client-toolkit v0.19.2 (*)
[20:02:05]           â”‚   â””â”€â”€ winit v0.30.13 (*)
[20:02:05]           â””â”€â”€ smithay-client-toolkit v0.19.2 (*)
[20:02:05]     â”œ thiserror-impl v2.0.18
[20:02:05]       â””â”€â”€ thiserror v2.0.18
[20:02:05]           â”œâ”€â”€ burn-backend v0.20.1
[20:02:05]           â”‚   â”œâ”€â”€ burn-autodiff v0.20.1
[20:02:05]           â”‚   â”‚   â”œâ”€â”€ burn v0.20.1
[20:02:05]           â”‚   â”‚   â”‚   â””â”€â”€ kataglyphis_rustprojecttemplate v0.1.0
[20:02:05]           â”‚   â”‚   â”œâ”€â”€ burn-ndarray v0.20.1
[20:02:05]           â”‚   â”‚   â”‚   â”œâ”€â”€ burn v0.20.1 (*)
[20:02:05]           â”‚   â”‚   â”‚   â””â”€â”€ kataglyphis_rustprojecttemplate v0.1.0 (*)
[20:02:05]           â”‚   â”‚   â””â”€â”€ kataglyphis_rustprojecttemplate v0.1.0 (*)
[20:02:05]           â”‚   â”œâ”€â”€ burn-ir v0.20.1
[20:02:05]           â”‚   â”‚   â””â”€â”€ burn-ndarray v0.20.1 (*)
[20:02:05]           â”‚   â”œâ”€â”€ burn-ndarray v0.20.1 (*)
[20:02:05]           â”‚   â””â”€â”€ burn-tensor v0.20.1
[20:02:05]           â”‚       â””â”€â”€ burn-core v0.20.1
[20:02:05]           â”‚           â”œâ”€â”€ burn v0.20.1 (*)
[20:02:05]           â”‚           â”œâ”€â”€ burn-nn v0.20.1
[20:02:05]           â”‚           â”‚   â””â”€â”€ burn v0.20.1 (*)
[20:02:05]           â”‚           â””â”€â”€ burn-optim v0.20.1
[20:02:05]           â”‚               â””â”€â”€ burn v0.20.1 (*)
[20:02:05]           â”œâ”€â”€ cubecl-runtime v0.9.0
[20:02:05]           â”‚   â”œâ”€â”€ cubecl v0.9.0
[20:02:05]           â”‚   â”‚   â””â”€â”€ burn-backend v0.20.1 (*)
[20:02:05]           â”‚   â””â”€â”€ cubecl-core v0.9.0
[20:02:05]           â”‚       â””â”€â”€ cubecl v0.9.0 (*)
[20:02:05]           â”œâ”€â”€ egui-wgpu v0.33.3
[20:02:05]           â”‚   â””â”€â”€ kataglyphis_rustprojecttemplate v0.1.0 (*)
[20:02:05]           â”œâ”€â”€ gstreamer v0.25.1
[20:02:05]           â”‚   â”œâ”€â”€ gstreamer-app v0.25.0
[20:02:05]           â”‚   â”‚   â””â”€â”€ kataglyphis_rustprojecttemplate v0.1.0 (*)
[20:02:05]           â”‚   â”œâ”€â”€ gstreamer-base v0.25.0
[20:02:05]           â”‚   â”‚   â””â”€â”€ gstreamer-app v0.25.0 (*)
[20:02:05]           â”‚   â””â”€â”€ kataglyphis_rustprojecttemplate v0.1.0 (*)
[20:02:05]           â”œâ”€â”€ naga v27.0.3
[20:02:05]           â”‚   â”œâ”€â”€ wgpu-core v27.0.3
[20:02:05]           â”‚   â”‚   â””â”€â”€ wgpu v27.0.1
[20:02:05]           â”‚   â”‚       â”œâ”€â”€ egui-wgpu v0.33.3 (*)
[20:02:05]           â”‚   â”‚       â””â”€â”€ kataglyphis_rustprojecttemplate v0.1.0 (*)
[20:02:06]           â”‚   â””â”€â”€ wgpu-hal v27.0.4
[20:02:06]           â”‚       â”œâ”€â”€ wgpu v27.0.1 (*)
[20:02:06]           â”‚       â”œâ”€â”€ wgpu-core v27.0.3 (*)
[20:02:06]           â”‚       â””â”€â”€ wgpu-core-deps-windows-linux-android v27.0.0
[20:02:06]           â”‚           â””â”€â”€ wgpu-core v27.0.3 (*)
[20:02:06]           â”œâ”€â”€ smithay-client-toolkit v0.20.0
[20:02:06]           â”‚   â””â”€â”€ smithay-clipboard v0.7.3
[20:02:06]           â”‚       â””â”€â”€ egui-winit v0.33.3
[20:02:06]           â”‚           â””â”€â”€ kataglyphis_rustprojecttemplate v0.1.0 (*)
[20:02:06]           â”œâ”€â”€ wgpu-core v27.0.3 (*)
[20:02:06]           â”œâ”€â”€ wgpu-hal v27.0.4 (*)
[20:02:06]           â””â”€â”€ wgpu-types v27.0.1
[20:02:06]               â”œâ”€â”€ wgpu v27.0.1 (*)
[20:02:06]               â”œâ”€â”€ wgpu-core v27.0.3 (*)
[20:02:06]               â””â”€â”€ wgpu-hal v27.0.4 (*)
[20:02:06] warning[duplicate]: found 2 duplicate entries for crate 'toml_datetime'
[20:02:06]     â”Œâ”€ C:\workspace/Cargo.lock:428:1
[20:02:06]     â”‚  
[20:02:06] 428 â”‚ â•­ toml_datetime 0.7.5+spec-1.1.0 registry+https://github.com/rust-lang/crates.io-index
[20:02:06] 429 â”‚ â”‚ toml_datetime 1.0.0+spec-1.1.0 registry+https://github.com/rust-lang/crates.io-index
[20:02:06]     â”‚ â•°â”€â”€â”€â”€â”€â”€â”€â”€â”€â”€â”€â”€â”€â”€â”€â”€â”€â”€â”€â”€â”€â”€â”€â”€â”€â”€â”€â”€â”€â”€â”€â”€â”€â”€â”€â”€â”€â”€â”€â”€â”€â”€â”€â”€â”€â”€â”€â”€â”€â”€â”€â”€â”€â”€â”€â”€â”€â”€â”€â”€â”€â”€â”€â”€â”€â”€â”€â”€â”€â”€â”€â”€â”€â”€â”€â”€â”€â”€â”€â”€â”€â”€â”€â”€â”˜ lock entries
[20:02:06]     â”‚  
[20:02:06]     â”œ toml_datetime v0.7.5+spec-1.1.0
[20:02:06]       â””â”€â”€ toml v0.9.12+spec-1.1.0
[20:02:06]           â”œâ”€â”€ cubecl-runtime v0.9.0
[20:02:06]           â”‚   â”œâ”€â”€ cubecl v0.9.0
[20:02:06]           â”‚   â”‚   â””â”€â”€ burn-backend v0.20.1
[20:02:06]           â”‚   â”‚       â”œâ”€â”€ burn-autodiff v0.20.1
[20:02:06]           â”‚   â”‚       â”‚   â”œâ”€â”€ burn v0.20.1
[20:02:06]           â”‚   â”‚       â”‚   â”‚   â””â”€â”€ kataglyphis_rustprojecttemplate v0.1.0
[20:02:06]           â”‚   â”‚       â”‚   â”œâ”€â”€ burn-ndarray v0.20.1
[20:02:06]           â”‚   â”‚       â”‚   â”‚   â”œâ”€â”€ burn v0.20.1 (*)
[20:02:06]           â”‚   â”‚       â”‚   â”‚   â””â”€â”€ kataglyphis_rustprojecttemplate v0.1.0 (*)
[20:02:06]           â”‚   â”‚       â”‚   â””â”€â”€ kataglyphis_rustprojecttemplate v0.1.0 (*)
[20:02:06]           â”‚   â”‚       â”œâ”€â”€ burn-ir v0.20.1
[20:02:06]           â”‚   â”‚       â”‚   â””â”€â”€ burn-ndarray v0.20.1 (*)
[20:02:06]           â”‚   â”‚       â”œâ”€â”€ burn-ndarray v0.20.1 (*)
[20:02:06]           â”‚   â”‚       â””â”€â”€ burn-tensor v0.20.1
[20:02:06]           â”‚   â”‚           â””â”€â”€ burn-core v0.20.1
[20:02:06]           â”‚   â”‚               â”œâ”€â”€ burn v0.20.1 (*)
[20:02:06]           â”‚   â”‚               â”œâ”€â”€ burn-nn v0.20.1
[20:02:06]           â”‚   â”‚               â”‚   â””â”€â”€ burn v0.20.1 (*)
[20:02:06]           â”‚   â”‚               â””â”€â”€ burn-optim v0.20.1
[20:02:06]           â”‚   â”‚                   â””â”€â”€ burn v0.20.1 (*)
[20:02:06]           â”‚   â””â”€â”€ cubecl-core v0.9.0
[20:02:06]           â”‚       â””â”€â”€ cubecl v0.9.0 (*)
[20:02:06]           â””â”€â”€ system-deps v7.0.7
[20:02:06]               â”œâ”€â”€ (build) cairo-sys-rs v0.22.0
[20:02:06]               â”‚   â”œâ”€â”€ cairo-rs v0.22.0
[20:02:06]               â”‚   â”‚   â”œâ”€â”€ gdk4 v0.11.0
[20:02:06]               â”‚   â”‚   â”‚   â”œâ”€â”€ gsk4 v0.11.0
[20:02:06]               â”‚   â”‚   â”‚   â”‚   â””â”€â”€ gtk4 v0.11.0
[20:02:06]               â”‚   â”‚   â”‚   â”‚       â””â”€â”€ kataglyphis_rustprojecttemplate v0.1.0 (*)
[20:02:06]               â”‚   â”‚   â”‚   â””â”€â”€ gtk4 v0.11.0 (*)
[20:02:06]               â”‚   â”‚   â”œâ”€â”€ gsk4 v0.11.0 (*)
[20:02:06]               â”‚   â”‚   â””â”€â”€ gtk4 v0.11.0 (*)
[20:02:06]               â”‚   â”œâ”€â”€ gdk4-sys v0.11.0
[20:02:06]               â”‚   â”‚   â”œâ”€â”€ gdk4 v0.11.0 (*)
[20:02:06]               â”‚   â”‚   â”œâ”€â”€ gsk4-sys v0.11.0
[20:02:06]               â”‚   â”‚   â”‚   â”œâ”€â”€ gsk4 v0.11.0 (*)
[20:02:06]               â”‚   â”‚   â”‚   â””â”€â”€ gtk4-sys v0.11.0
[20:02:06]               â”‚   â”‚   â”‚       â””â”€â”€ gtk4 v0.11.0 (*)
[20:02:06]               â”‚   â”‚   â””â”€â”€ gtk4-sys v0.11.0 (*)
[20:02:06]               â”‚   â”œâ”€â”€ gsk4-sys v0.11.0 (*)
[20:02:06]               â”‚   â””â”€â”€ gtk4-sys v0.11.0 (*)
[20:02:06]               â”œâ”€â”€ (build) gdk-pixbuf-sys v0.22.0
[20:02:06]               â”‚   â”œâ”€â”€ gdk-pixbuf v0.22.0
[20:02:06]               â”‚   â”‚   â”œâ”€â”€ gdk4 v0.11.0 (*)
[20:02:06]               â”‚   â”‚   â””â”€â”€ gtk4 v0.11.0 (*)
[20:02:06]               â”‚   â”œâ”€â”€ gdk4-sys v0.11.0 (*)
[20:02:06]               â”‚   â””â”€â”€ gtk4-sys v0.11.0 (*)
[20:02:06]               â”œâ”€â”€ (build) gdk4-sys v0.11.0 (*)
[20:02:06]               â”œâ”€â”€ (build) gio-sys v0.22.0
[20:02:06]               â”‚   â”œâ”€â”€ gdk-pixbuf-sys v0.22.0 (*)
[20:02:06]               â”‚   â”œâ”€â”€ gdk4-sys v0.11.0 (*)
[20:02:06]               â”‚   â”œâ”€â”€ gio v0.22.2
[20:02:06]               â”‚   â”‚   â”œâ”€â”€ gdk-pixbuf v0.22.0 (*)
[20:02:06]               â”‚   â”‚   â”œâ”€â”€ gdk4 v0.11.0 (*)
[20:02:06]               â”‚   â”‚   â”œâ”€â”€ gtk4 v0.11.0 (*)
[20:02:06]               â”‚   â”‚   â””â”€â”€ pango v0.22.0
[20:02:06]               â”‚   â”‚       â”œâ”€â”€ gdk4 v0.11.0 (*)
[20:02:06]               â”‚   â”‚       â”œâ”€â”€ gsk4 v0.11.0 (*)
[20:02:06]               â”‚   â”‚       â””â”€â”€ gtk4 v0.11.0 (*)
[20:02:06]               â”‚   â”œâ”€â”€ glib v0.22.2
[20:02:06]               â”‚   â”‚   â”œâ”€â”€ cairo-rs v0.22.0 (*)
[20:02:06]               â”‚   â”‚   â”œâ”€â”€ gdk-pixbuf v0.22.0 (*)
[20:02:06]               â”‚   â”‚   â”œâ”€â”€ gdk4 v0.11.0 (*)
[20:02:06]               â”‚   â”‚   â”œâ”€â”€ gio v0.22.2 (*)
[20:02:06]               â”‚   â”‚   â”œâ”€â”€ graphene-rs v0.22.0
[20:02:06]               â”‚   â”‚   â”‚   â”œâ”€â”€ gsk4 v0.11.0 (*)
[20:02:06]               â”‚   â”‚   â”‚   â””â”€â”€ gtk4 v0.11.0 (*)
[20:02:06]               â”‚   â”‚   â”œâ”€â”€ gsk4 v0.11.0 (*)
[20:02:06]               â”‚   â”‚   â”œâ”€â”€ gstreamer v0.25.1
[20:02:06]               â”‚   â”‚   â”‚   â”œâ”€â”€ gstreamer-app v0.25.0
[20:02:06]               â”‚   â”‚   â”‚   â”‚   â””â”€â”€ kataglyphis_rustprojecttemplate v0.1.0 (*)
[20:02:06]               â”‚   â”‚   â”‚   â”œâ”€â”€ gstreamer-base v0.25.0
[20:02:06]               â”‚   â”‚   â”‚   â”‚   â””â”€â”€ gstreamer-app v0.25.0 (*)
[20:02:06]               â”‚   â”‚   â”‚   â””â”€â”€ kataglyphis_rustprojecttemplate v0.1.0 (*)
[20:02:06]               â”‚   â”‚   â”œâ”€â”€ gstreamer-app v0.25.0 (*)
[20:02:06]               â”‚   â”‚   â”œâ”€â”€ gstreamer-base v0.25.0 (*)
[20:02:06]               â”‚   â”‚   â”œâ”€â”€ gtk4 v0.11.0 (*)
[20:02:06]               â”‚   â”‚   â””â”€â”€ pango v0.22.0 (*)
[20:02:06]               â”‚   â””â”€â”€ gtk4-sys v0.11.0 (*)
[20:02:06]               â”œâ”€â”€ (build) glib-sys v0.22.0
[20:02:06]               â”‚   â”œâ”€â”€ gdk-pixbuf-sys v0.22.0 (*)
[20:02:06]               â”‚   â”œâ”€â”€ gdk4-sys v0.11.0 (*)
[20:02:06]               â”‚   â”œâ”€â”€ gio-sys v0.22.0 (*)
[20:02:06]               â”‚   â”œâ”€â”€ glib v0.22.2 (*)
[20:02:06]               â”‚   â”œâ”€â”€ gobject-sys v0.22.0
[20:02:06]               â”‚   â”‚   â”œâ”€â”€ gdk-pixbuf-sys v0.22.0 (*)
[20:02:06]               â”‚   â”‚   â”œâ”€â”€ gdk4-sys v0.11.0 (*)
[20:02:06]               â”‚   â”‚   â”œâ”€â”€ gio-sys v0.22.0 (*)
[20:02:06]               â”‚   â”‚   â”œâ”€â”€ glib v0.22.2 (*)
[20:02:06]               â”‚   â”‚   â”œâ”€â”€ gsk4-sys v0.11.0 (*)
[20:02:06]               â”‚   â”‚   â”œâ”€â”€ gstreamer-base-sys v0.25.0
[20:02:06]               â”‚   â”‚   â”‚   â”œâ”€â”€ gstreamer-app-sys v0.25.0
[20:02:06]               â”‚   â”‚   â”‚   â”‚   â””â”€â”€ gstreamer-app v0.25.0 (*)
[20:02:06]               â”‚   â”‚   â”‚   â””â”€â”€ gstreamer-base v0.25.0 (*)
[20:02:06]               â”‚   â”‚   â”œâ”€â”€ gstreamer-sys v0.25.0
[20:02:06]               â”‚   â”‚   â”‚   â”œâ”€â”€ gstreamer v0.25.1 (*)
[20:02:06]               â”‚   â”‚   â”‚   â”œâ”€â”€ gstreamer-app-sys v0.25.0 (*)
[20:02:06]               â”‚   â”‚   â”‚   â””â”€â”€ gstreamer-base-sys v0.25.0 (*)
[20:02:06]               â”‚   â”‚   â”œâ”€â”€ gtk4-sys v0.11.0 (*)
[20:02:06]               â”‚   â”‚   â””â”€â”€ pango-sys v0.22.0
[20:02:06]               â”‚   â”‚       â”œâ”€â”€ gdk4-sys v0.11.0 (*)
[20:02:06]               â”‚   â”‚       â”œâ”€â”€ gsk4-sys v0.11.0 (*)
[20:02:06]               â”‚   â”‚       â”œâ”€â”€ gtk4-sys v0.11.0 (*)
[20:02:06]               â”‚   â”‚       â””â”€â”€ pango v0.22.0 (*)
[20:02:06]               â”‚   â”œâ”€â”€ graphene-sys v0.22.0
[20:02:06]               â”‚   â”‚   â”œâ”€â”€ graphene-rs v0.22.0 (*)
[20:02:06]               â”‚   â”‚   â”œâ”€â”€ gsk4-sys v0.11.0 (*)
[20:02:06]               â”‚   â”‚   â””â”€â”€ gtk4-sys v0.11.0 (*)
[20:02:06]               â”‚   â”œâ”€â”€ gsk4-sys v0.11.0 (*)
[20:02:06]               â”‚   â”œâ”€â”€ gstreamer-app-sys v0.25.0 (*)
[20:02:06]               â”‚   â”œâ”€â”€ gstreamer-base-sys v0.25.0 (*)
[20:02:06]               â”‚   â”œâ”€â”€ gstreamer-sys v0.25.0 (*)
[20:02:06]               â”‚   â”œâ”€â”€ gtk4-sys v0.11.0 (*)
[20:02:06]               â”‚   â””â”€â”€ pango-sys v0.22.0 (*)
[20:02:06]               â”œâ”€â”€ (build) gobject-sys v0.22.0 (*)
[20:02:06]               â”œâ”€â”€ (build) graphene-sys v0.22.0 (*)
[20:02:06]               â”œâ”€â”€ (build) gsk4-sys v0.11.0 (*)
[20:02:06]               â”œâ”€â”€ (build) gstreamer-app-sys v0.25.0 (*)
[20:02:06]               â”œâ”€â”€ (build) gstreamer-base-sys v0.25.0 (*)
[20:02:06]               â”œâ”€â”€ (build) gstreamer-sys v0.25.0 (*)
[20:02:06]               â”œâ”€â”€ (build) gtk4-sys v0.11.0 (*)
[20:02:06]               â””â”€â”€ (build) pango-sys v0.22.0 (*)
[20:02:06]     â”œ toml_datetime v1.0.0+spec-1.1.0
[20:02:06]       â””â”€â”€ toml_edit v0.25.4+spec-1.1.0
[20:02:06]           â””â”€â”€ proc-macro-crate v3.5.0
[20:02:06]               â””â”€â”€ gtk4-macros v0.11.0
[20:02:06]                   â””â”€â”€ gtk4 v0.11.0
[20:02:06]                       â””â”€â”€ kataglyphis_rustprojecttemplate v0.1.0
[20:02:06] warning[duplicate]: found 2 duplicate entries for crate 'ttf-parser'
[20:02:06]     â”Œâ”€ C:\workspace/Cargo.lock:444:1
[20:02:06]     â”‚  
[20:02:06] 444 â”‚ â•­ ttf-parser 0.20.0 registry+https://github.com/rust-lang/crates.io-index
[20:02:06] 445 â”‚ â”‚ ttf-parser 0.25.1 registry+https://github.com/rust-lang/crates.io-index
[20:02:06]     â”‚ â•°â”€â”€â”€â”€â”€â”€â”€â”€â”€â”€â”€â”€â”€â”€â”€â”€â”€â”€â”€â”€â”€â”€â”€â”€â”€â”€â”€â”€â”€â”€â”€â”€â”€â”€â”€â”€â”€â”€â”€â”€â”€â”€â”€â”€â”€â”€â”€â”€â”€â”€â”€â”€â”€â”€â”€â”€â”€â”€â”€â”€â”€â”€â”€â”€â”€â”€â”€â”€â”€â”€â”€â”˜ lock entries
[20:02:06]     â”‚  
[20:02:06]     â”œ ttf-parser v0.20.0
[20:02:06]       â””â”€â”€ plotters v0.3.7
[20:02:06]           â””â”€â”€ kataglyphis_rustprojecttemplate v0.1.0
[20:02:06]     â”œ ttf-parser v0.25.1
[20:02:06]       â””â”€â”€ owned_ttf_parser v0.25.1
[20:02:06]           â””â”€â”€ ab_glyph v0.2.32
[20:02:06]               â”œâ”€â”€ epaint v0.33.3
[20:02:06]               â”‚   â”œâ”€â”€ egui v0.33.3
[20:02:06]               â”‚   â”‚   â”œâ”€â”€ egui-wgpu v0.33.3
[20:02:06]               â”‚   â”‚   â”‚   â””â”€â”€ kataglyphis_rustprojecttemplate v0.1.0
[20:02:06]               â”‚   â”‚   â”œâ”€â”€ egui-winit v0.33.3
[20:02:06]               â”‚   â”‚   â”‚   â””â”€â”€ kataglyphis_rustprojecttemplate v0.1.0 (*)
[20:02:06]               â”‚   â”‚   â””â”€â”€ kataglyphis_rustprojecttemplate v0.1.0 (*)
[20:02:06]               â”‚   â””â”€â”€ egui-wgpu v0.33.3 (*)
[20:02:06]               â””â”€â”€ sctk-adwaita v0.10.1
[20:02:06]                   â””â”€â”€ winit v0.30.13
[20:02:06]                       â”œâ”€â”€ egui-winit v0.33.3 (*)
[20:02:06]                       â””â”€â”€ kataglyphis_rustprojecttemplate v0.1.0 (*)
[20:02:06] warning[no-license-field]: license expression was not specified in manifest for crate 'allo-isolate = 0.1.27'
[20:02:06]  â”œ allo-isolate v0.1.27
[20:02:06]    â””â”€â”€ flutter_rust_bridge v2.11.1
[20:02:06]        â””â”€â”€ kataglyphis_rustprojecttemplate v0.1.0
[20:02:06] WARNING: cargo deny checks failed or not available: Command failed with exit code 1: cargo deny check advisories licenses bans sources
[20:02:06] SUCCESS: <<< Completed: Security Checks (audit & deny) (Duration: 27:14.949)

[20:02:06] >>> Starting: Format Check
[20:02:06] ============================================================
[20:02:06] CMD: rustup component add rustfmt
[20:02:07] info: component rustfmt is up to date
[20:02:07] CMD: cargo fmt --all -- --check
[20:02:08] SUCCESS: <<< Completed: Format Check (Duration: 00:02.035)

[20:02:08] >>> Starting: Linting (cargo clippy)
[20:02:08] ============================================================
[20:02:08] CMD: rustup component add clippy
[20:02:09] info: component clippy is up to date
[20:02:09] CMD: cargo clippy --all-targets --all-features -- -D warnings
[20:17:14]    Compiling kataglyphis_rustprojecttemplate v0.1.0 (C:\workspace)
[20:17:14]     Finished `dev` profile [unoptimized + debuginfo] target(s) in 9.51s
[20:17:14] SUCCESS: <<< Completed: Linting (cargo clippy) (Duration: 15:06.670)

[20:17:14] >>> Starting: Unit Tests
[20:17:14] ============================================================
[20:17:14] CMD: cargo test --all --verbose
[20:32:17] warning: output filename collision at C:\workspace\target\debug\deps\kataglyphis_rustprojecttemplate.pdb
[20:32:17]   |
[20:32:17]   = note: the bin target `kataglyphis_rustprojecttemplate` in package `kataglyphis_rustprojecttemplate v0.1.0 (C:\workspace)` has the same output filename as the lib target `kataglyphis_rustprojecttemplate` in package `kataglyphis_rustprojecttemplate v0.1.0 (C:\workspace)`
[20:32:17]   = note: this may become a hard error in the future; see <https://github.com/rust-lang/cargo/issues/6313>
[20:32:17]   = help: consider changing their names to be unique or compiling them separately
[20:32:17]        Fresh unicode-ident v1.0.24
[20:32:17]        Fresh proc-macro2 v1.0.106
[20:32:17]        Fresh windows-link v0.2.1
[20:32:17]        Fresh quote v1.0.45
[20:32:17]        Fresh shlex v1.3.0
[20:32:17]        Fresh syn v2.0.117
[20:32:17]        Fresh memchr v2.8.0
[20:32:17]        Fresh find-msvc-tools v0.1.9
[20:32:17]        Fresh cc v1.2.56
[20:32:17]        Fresh version_check v0.9.5
[20:32:17]        Fresh autocfg v1.5.0
[20:32:17]        Fresh typenum v1.19.0
[20:32:17]        Fresh windows-interface v0.59.3
[20:32:17]        Fresh aho-corasick v1.1.4
[20:32:17]        Fresh windows-implement v0.60.2
[20:32:17]        Fresh windows-result v0.4.1
[20:32:17]        Fresh windows-strings v0.5.1
[20:32:17]        Fresh anstyle v1.0.13
[20:32:17]        Fresh cfg-if v1.0.4
[20:32:17]        Fresh regex-syntax v0.8.10
[20:32:17]        Fresh windows-core v0.62.2
[20:32:17]        Fresh regex-automata v0.4.14
[20:32:17]        Fresh generic-array v0.14.7
[20:32:17]        Fresh windows-sys v0.61.2
[20:32:17]        Fresh hashbrown v0.16.1
[20:32:17]        Fresh pin-project-lite v0.2.17
[20:32:17]        Fresh equivalent v1.0.2
[20:32:17]        Fresh futures-core v0.3.32
[20:32:17]        Fresh futures-sink v0.3.32
[20:32:17]        Fresh indexmap v2.13.0
[20:32:17]        Fresh futures-channel v0.3.32
[20:32:17]        Fresh winapi-util v0.1.11
[20:32:17]        Fresh num-traits v0.2.19
[20:32:17]        Fresh futures-macro v0.3.32
[20:32:17]        Fresh utf8parse v0.2.2
[20:32:17]        Fresh slab v0.4.12
[20:32:17]        Fresh futures-io v0.3.32
[20:32:17]        Fresh futures-task v0.3.32
[20:32:17]        Fresh once_cell_polyfill v1.70.2
[20:32:17]        Fresh anstyle-wincon v3.0.11
[20:32:17]        Fresh futures-util v0.3.32
[20:32:17]        Fresh anstyle-parse v0.2.7
[20:32:17]        Fresh termcolor v1.4.1
[20:32:17]        Fresh block-buffer v0.10.4
[20:32:17]        Fresh crypto-common v0.1.7
[20:32:17]        Fresh regex v1.12.3
[20:32:17]        Fresh anstyle-query v1.1.5
[20:32:17]        Fresh windows-threading v0.2.1
[20:32:17]        Fresh unicode-width v0.2.2
[20:32:17]        Fresh colorchoice v1.0.4
[20:32:17]        Fresh log v0.4.29
[20:32:17]        Fresh is_terminal_polyfill v1.70.2
[20:32:17]        Fresh cxxbridge-flags v1.0.194
[20:32:17]        Fresh anstream v0.6.21
[20:32:17]        Fresh codespan-reporting v0.13.1
[20:32:17]        Fresh windows-future v0.3.2
[20:32:17]        Fresh digest v0.10.7
[20:32:17]        Fresh futures-executor v0.3.32
[20:32:17]        Fresh scratch v1.0.9
[20:32:17]        Fresh serde_core v1.0.228
[20:32:17]        Fresh windows-numerics v0.3.1
[20:32:17]        Fresh windows-collections v0.3.2
[20:32:17]        Fresh serde_derive v1.0.228
[20:32:17]        Fresh build-target v0.4.0
[20:32:17]        Fresh rustc-demangle v0.1.27
[20:32:17]        Fresh backtrace v0.3.76
[20:32:17]        Fresh serde v1.0.228
[20:32:17]        Fresh windows v0.62.2
[20:32:17]        Fresh futures v0.3.32
[20:32:17]        Fresh cxx-build v1.0.194
[20:32:17]        Fresh md-5 v0.10.6
[20:32:17]        Fresh anyhow v1.0.102
[20:32:17]        Fresh winapi v0.3.9
[20:32:17]        Fresh thiserror-impl v2.0.18
[20:32:17]        Fresh tokio-macros v2.6.1
[20:32:17]        Fresh num_cpus v1.17.0
[20:32:17]        Fresh atomic v0.5.3
[20:32:17]        Fresh strsim v0.11.1
[20:32:17]        Fresh heck v0.5.0
[20:32:17]        Fresh hex v0.4.3
[20:32:17]        Fresh clap_lex v1.0.0
[20:32:17]        Fresh clap_builder v4.5.60
[20:32:17]        Fresh flutter_rust_bridge_macros v2.11.1
[20:32:17]        Fresh clap_derive v4.5.55
[20:32:17]        Fresh threadpool v1.8.1
[20:32:17]        Fresh allo-isolate v0.1.27
[20:32:17]        Fresh thiserror v2.0.18
[20:32:17]        Fresh tokio v1.50.0
[20:32:17]        Fresh ntapi v0.4.3
[20:32:17]        Fresh dart-sys v4.1.5
[20:32:17]        Fresh libc v0.2.183
[20:32:17]        Fresh chrono v0.4.44
[20:32:17]        Fresh portable-atomic v1.13.1
[20:32:17]        Fresh env_filter v1.0.0
[20:32:17]        Fresh link-cplusplus v1.0.12
[20:32:17]        Fresh cxxbridge-macro v1.0.194
[20:32:17]        Fresh delegate-attr v0.3.0
[20:32:17]        Fresh foldhash v0.2.0
[20:32:17]        Fresh predicates-core v1.0.10
[20:32:17]        Fresh jiff v0.2.23
[20:32:17]        Fresh lazy_static v1.5.0
[20:32:17]        Fresh byteorder v1.5.0
[20:32:17]        Fresh flutter_rust_bridge v2.11.1
[20:32:17]        Fresh env_logger v0.11.9
[20:32:17]        Fresh cxx v1.0.194
[20:32:17]        Fresh sysinfo v0.38.4
[20:32:17]        Fresh wmi v0.18.3
[20:32:17]        Dirty kataglyphis_rustprojecttemplate v0.1.0 (C:\workspace): the file `src/lib.rs` has changed (13419196469.948839500s, 31m 33s after last build at 13419194576.379133600s)
[20:32:17]    Compiling kataglyphis_rustprojecttemplate v0.1.0 (C:\workspace)
[20:32:17]        Fresh clap v4.5.60
[20:32:17]      Running `C:\workspace\target\debug\build\kataglyphis_rustprojecttemplate-ecb755b796f750bd\build-script-build`
[20:32:17]        Fresh float-cmp v0.10.0
[20:32:17]        Fresh normalize-line-endings v0.3.0
[20:32:17]        Fresh termtree v0.5.1
[20:32:17]        Fresh difflib v0.4.0
[20:32:17]        Fresh predicates v3.1.4
[20:32:17]        Fresh predicates-tree v1.0.13
[20:32:17]        Fresh getrandom v0.4.2
[20:32:17]        Fresh bstr v1.12.1
[20:32:17]        Fresh wait-timeout v0.2.1
[20:32:17]        Fresh once_cell v1.21.3
[20:32:17]        Fresh fastrand v2.3.0
[20:32:17]        Fresh tempfile v3.26.0
[20:32:17]        Fresh assert_cmd v2.1.2
[20:32:17]      Running `C:\Users\ContainerAdministrator\scoop\persist\rustup\.rustup\toolchains\stable-x86_64-pc-windows-msvc\bin\rustc.exe --crate-name kataglyphis_rustprojecttemplate --edition=2024 src\lib.rs --error-format=json --json=diagnostic-rendered-ansi,artifacts,future-incompat --crate-type cdylib --crate-type staticlib --crate-type rlib --emit=dep-info,link -C embed-bitcode=no -C debuginfo=2 --warn=unexpected_cfgs --check-cfg cfg(frb_expand) --check-cfg cfg(onnx) --check-cfg cfg(gui_wgpu_backend) --cfg "feature=\"default\"" --check-cfg cfg(docsrs,test) --check-cfg "cfg(feature, values(\"_gui_wgpu_deps\", \"burn_demos\", \"default\", \"gui\", \"gui_linux\", \"gui_unix\", \"gui_wgpu\", \"gui_windows\", \"onnx_tract\", \"onnxruntime\", \"onnxruntime_cuda\", \"onnxruntime_directml\", \"with_cxxbridge\"))" -C metadata=180a1c2e2252d740 --out-dir C:\workspace\target\debug\deps -C incremental=C:\workspace\target\debug\incremental -L dependency=C:\workspace\target\debug\deps --extern anyhow=C:\workspace\target\debug\deps\libanyhow-8225cbef6f33b86e.rlib --extern chrono=C:\workspace\target\debug\deps\libchrono-3634fa5ee53cab45.rlib --extern clap=C:\workspace\target\debug\deps\libclap-ba02773b51633081.rlib --extern cxx=C:\workspace\target\debug\deps\libcxx-bb10c2d745c2fe85.rlib --extern env_logger=C:\workspace\target\debug\deps\libenv_logger-db953fc2ca0de25f.rlib --extern flutter_rust_bridge=C:\workspace\target\debug\deps\libflutter_rust_bridge-4215f22e7381a99e.rlib --extern log=C:\workspace\target\debug\deps\liblog-594a8023f002d901.rlib --extern serde=C:\workspace\target\debug\deps\libserde-8182bb3d4a437e42.rlib --extern sysinfo=C:\workspace\target\debug\deps\libsysinfo-5e7862ffd97e04f3.rlib --extern tokio=C:\workspace\target\debug\deps\libtokio-6a2927063bffc7d7.rlib --extern wmi=C:\workspace\target\debug\deps\libwmi-02d56bb04c483182.rlib -L native=C:\workspace\target\debug\build\kataglyphis_rustprojecttemplate-63295a481df02359\out -L native=C:\workspace\target\debug\build\cxx-0b56f4377e6ce5a2\out -L native=C:\workspace\target\debug\build\link-cplusplus-7d8ee91791c1dd4c\out -L native=C:\workspace\target\debug\build\dart-sys-c3d24d043b7b558c\out -l static=kataglyphis_cxx`
[20:32:17]      Running `C:\Users\ContainerAdministrator\scoop\persist\rustup\.rustup\toolchains\stable-x86_64-pc-windows-msvc\bin\rustc.exe --crate-name kataglyphis_rustprojecttemplate --edition=2024 src\lib.rs --error-format=json --json=diagnostic-rendered-ansi,artifacts,future-incompat --emit=dep-info,link -C embed-bitcode=no -C debuginfo=2 --warn=unexpected_cfgs --check-cfg cfg(frb_expand) --check-cfg cfg(onnx) --check-cfg cfg(gui_wgpu_backend) --test --cfg "feature=\"default\"" --check-cfg cfg(docsrs,test) --check-cfg "cfg(feature, values(\"_gui_wgpu_deps\", \"burn_demos\", \"default\", \"gui\", \"gui_linux\", \"gui_unix\", \"gui_wgpu\", \"gui_windows\", \"onnx_tract\", \"onnxruntime\", \"onnxruntime_cuda\", \"onnxruntime_directml\", \"with_cxxbridge\"))" -C metadata=931d18142d02d667 -C extra-filename=-8272e0d1124927e2 --out-dir C:\workspace\target\debug\deps -C incremental=C:\workspace\target\debug\incremental -L dependency=C:\workspace\target\debug\deps --extern anyhow=C:\workspace\target\debug\deps\libanyhow-8225cbef6f33b86e.rlib --extern assert_cmd=C:\workspace\target\debug\deps\libassert_cmd-92c988042d787015.rlib --extern chrono=C:\workspace\target\debug\deps\libchrono-3634fa5ee53cab45.rlib --extern clap=C:\workspace\target\debug\deps\libclap-ba02773b51633081.rlib --extern cxx=C:\workspace\target\debug\deps\libcxx-bb10c2d745c2fe85.rlib --extern env_logger=C:\workspace\target\debug\deps\libenv_logger-db953fc2ca0de25f.rlib --extern flutter_rust_bridge=C:\workspace\target\debug\deps\libflutter_rust_bridge-4215f22e7381a99e.rlib --extern log=C:\workspace\target\debug\deps\liblog-594a8023f002d901.rlib --extern predicates=C:\workspace\target\debug\deps\libpredicates-50942863fbe7cce8.rlib --extern serde=C:\workspace\target\debug\deps\libserde-8182bb3d4a437e42.rlib --extern sysinfo=C:\workspace\target\debug\deps\libsysinfo-5e7862ffd97e04f3.rlib --extern tempfile=C:\workspace\target\debug\deps\libtempfile-7fc05507cd38cc4f.rlib --extern tokio=C:\workspace\target\debug\deps\libtokio-6a2927063bffc7d7.rlib --extern wmi=C:\workspace\target\debug\deps\libwmi-02d56bb04c483182.rlib -L native=C:\workspace\target\debug\build\kataglyphis_rustprojecttemplate-63295a481df02359\out -L native=C:\workspace\target\debug\build\cxx-0b56f4377e6ce5a2\out -L native=C:\workspace\target\debug\build\link-cplusplus-7d8ee91791c1dd4c\out -L native=C:\workspace\target\debug\build\dart-sys-c3d24d043b7b558c\out -l static=kataglyphis_cxx`
[20:32:17] error[E0425]: cannot find function `rusty_cxxbridge_integer` in module `super`
[20:32:17]   --> src\lib.rs:7:12
[20:32:17]    |
[20:32:17]  7 |         fn rusty_cxxbridge_integer() -> i32;
[20:32:17]    |            ^^^^^^^^^^^^^^^^^^^^^^^
[20:32:17] ...
[20:32:17] 54 | pub extern "C" fn rusty_extern_c_integer() -> i32 {
[20:32:17]    | ------------------------------------------------- similarly named function `rusty_extern_c_integer` defined here
[20:32:17]    |
[20:32:17] note: found an item that was configured out
[20:32:17]   --> src\lib.rs:38:8
[20:32:17]    |
[20:32:17] 37 | #[cfg(all(feature = "with_cxxbridge", not(target_arch = "wasm32")))]
[20:32:17]    |           -------------------------- the item is gated behind the `with_cxxbridge` feature
[20:32:17] 38 | pub fn rusty_cxxbridge_integer() -> i32 {
[20:32:17]    |        ^^^^^^^^^^^^^^^^^^^^^^^
[20:32:17] note: found an item that was configured out
[20:32:17]   --> src\lib.rs:44:8
[20:32:17]    |
[20:32:17] 43 | #[cfg(target_arch = "wasm32")]
[20:32:17]    |       ---------------------- the item is gated behind the `wasm32` feature
[20:32:17] 44 | pub fn rusty_cxxbridge_integer() -> i32 {
[20:32:17]    |        ^^^^^^^^^^^^^^^^^^^^^^^
[20:32:17] help: a function with a similar name exists
[20:32:17]    |
[20:32:17]  7 -         fn rusty_cxxbridge_integer() -> i32;
[20:32:17]  7 +         fn rusty_extern_c_integer() -> i32;
[20:32:17]    |
[20:32:17] For more information about this error, try `rustc --explain E0425`.
[20:32:17] error: could not compile `kataglyphis_rustprojecttemplate` (lib test) due to 1 previous error
[20:32:17] Caused by:
[20:32:17]   process didn't exit successfully: `C:\Users\ContainerAdministrator\scoop\persist\rustup\.rustup\toolchains\stable-x86_64-pc-windows-msvc\bin\rustc.exe --crate-name kataglyphis_rustprojecttemplate --edition=2024 src\lib.rs --error-format=json --json=diagnostic-rendered-ansi,artifacts,future-incompat --emit=dep-info,link -C embed-bitcode=no -C debuginfo=2 --warn=unexpected_cfgs --check-cfg cfg(frb_expand) --check-cfg cfg(onnx) --check-cfg cfg(gui_wgpu_backend) --test --cfg "feature=\"default\"" --check-cfg cfg(docsrs,test) --check-cfg "cfg(feature, values(\"_gui_wgpu_deps\", \"burn_demos\", \"default\", \"gui\", \"gui_linux\", \"gui_unix\", \"gui_wgpu\", \"gui_windows\", \"onnx_tract\", \"onnxruntime\", \"onnxruntime_cuda\", \"onnxruntime_directml\", \"with_cxxbridge\"))" -C metadata=931d18142d02d667 -C extra-filename=-8272e0d1124927e2 --out-dir C:\workspace\target\debug\deps -C incremental=C:\workspace\target\debug\incremental -L dependency=C:\workspace\target\debug\deps --extern anyhow=C:\workspace\target\debug\deps\libanyhow-8225cbef6f33b86e.rlib --extern assert_cmd=C:\workspace\target\debug\deps\libassert_cmd-92c988042d787015.rlib --extern chrono=C:\workspace\target\debug\deps\libchrono-3634fa5ee53cab45.rlib --extern clap=C:\workspace\target\debug\deps\libclap-ba02773b51633081.rlib --extern cxx=C:\workspace\target\debug\deps\libcxx-bb10c2d745c2fe85.rlib --extern env_logger=C:\workspace\target\debug\deps\libenv_logger-db953fc2ca0de25f.rlib --extern flutter_rust_bridge=C:\workspace\target\debug\deps\libflutter_rust_bridge-4215f22e7381a99e.rlib --extern log=C:\workspace\target\debug\deps\liblog-594a8023f002d901.rlib --extern predicates=C:\workspace\target\debug\deps\libpredicates-50942863fbe7cce8.rlib --extern serde=C:\workspace\target\debug\deps\libserde-8182bb3d4a437e42.rlib --extern sysinfo=C:\workspace\target\debug\deps\libsysinfo-5e7862ffd97e04f3.rlib --extern tempfile=C:\workspace\target\debug\deps\libtempfile-7fc05507cd38cc4f.rlib --extern tokio=C:\workspace\target\debug\deps\libtokio-6a2927063bffc7d7.rlib --extern wmi=C:\workspace\target\debug\deps\libwmi-02d56bb04c483182.rlib -L native=C:\workspace\target\debug\build\kataglyphis_rustprojecttemplate-63295a481df02359\out -L native=C:\workspace\target\debug\build\cxx-0b56f4377e6ce5a2\out -L native=C:\workspace\target\debug\build\link-cplusplus-7d8ee91791c1dd4c\out -L native=C:\workspace\target\debug\build\dart-sys-c3d24d043b7b558c\out -l static=kataglyphis_cxx` (exit code: 1)
[20:32:17] warning: build failed, waiting for other jobs to finish...
[20:32:17] error: could not compile `kataglyphis_rustprojecttemplate` (lib) due to 1 previous error
[20:32:17] Caused by:
[20:32:17]   process didn't exit successfully: `C:\Users\ContainerAdministrator\scoop\persist\rustup\.rustup\toolchains\stable-x86_64-pc-windows-msvc\bin\rustc.exe --crate-name kataglyphis_rustprojecttemplate --edition=2024 src\lib.rs --error-format=json --json=diagnostic-rendered-ansi,artifacts,future-incompat --crate-type cdylib --crate-type staticlib --crate-type rlib --emit=dep-info,link -C embed-bitcode=no -C debuginfo=2 --warn=unexpected_cfgs --check-cfg cfg(frb_expand) --check-cfg cfg(onnx) --check-cfg cfg(gui_wgpu_backend) --cfg "feature=\"default\"" --check-cfg cfg(docsrs,test) --check-cfg "cfg(feature, values(\"_gui_wgpu_deps\", \"burn_demos\", \"default\", \"gui\", \"gui_linux\", \"gui_unix\", \"gui_wgpu\", \"gui_windows\", \"onnx_tract\", \"onnxruntime\", \"onnxruntime_cuda\", \"onnxruntime_directml\", \"with_cxxbridge\"))" -C metadata=180a1c2e2252d740 --out-dir C:\workspace\target\debug\deps -C incremental=C:\workspace\target\debug\incremental -L dependency=C:\workspace\target\debug\deps --extern anyhow=C:\workspace\target\debug\deps\libanyhow-8225cbef6f33b86e.rlib --extern chrono=C:\workspace\target\debug\deps\libchrono-3634fa5ee53cab45.rlib --extern clap=C:\workspace\target\debug\deps\libclap-ba02773b51633081.rlib --extern cxx=C:\workspace\target\debug\deps\libcxx-bb10c2d745c2fe85.rlib --extern env_logger=C:\workspace\target\debug\deps\libenv_logger-db953fc2ca0de25f.rlib --extern flutter_rust_bridge=C:\workspace\target\debug\deps\libflutter_rust_bridge-4215f22e7381a99e.rlib --extern log=C:\workspace\target\debug\deps\liblog-594a8023f002d901.rlib --extern serde=C:\workspace\target\debug\deps\libserde-8182bb3d4a437e42.rlib --extern sysinfo=C:\workspace\target\debug\deps\libsysinfo-5e7862ffd97e04f3.rlib --extern tokio=C:\workspace\target\debug\deps\libtokio-6a2927063bffc7d7.rlib --extern wmi=C:\workspace\target\debug\deps\libwmi-02d56bb04c483182.rlib -L native=C:\workspace\target\debug\build\kataglyphis_rustprojecttemplate-63295a481df02359\out -L native=C:\workspace\target\debug\build\cxx-0b56f4377e6ce5a2\out -L native=C:\workspace\target\debug\build\link-cplusplus-7d8ee91791c1dd4c\out -L native=C:\workspace\target\debug\build\dart-sys-c3d24d043b7b558c\out -l static=kataglyphis_cxx` (exit code: 1)
[20:32:17] ERROR: <<< FAILED: Unit Tests (Duration: 15:02.767)
[20:32:17] ERROR:     Error: Command failed with exit code 101: cargo test --all --verbose
[20:32:17]     Stack: at Invoke-BuildExternal, C:\workspace\third_party\ANTfrastructure\windows\scripts\modules\WindowsBuild.Common.psm1: line 171
at <ScriptBlock>, C:\workspace\Scripts\Windows\Build-Windows.ps1: line 182
at Invoke-BuildStep, C:\workspace\third_party\ANTfrastructure\windows\scripts\modules\WindowsBuild.Common.psm1: line 220
at <ScriptBlock>, C:\workspace\Scripts\Windows\Build-Windows.ps1: line 177

[20:32:17] ============================================================
[20:32:17] === BUILD PIPELINE SUMMARY ===
[20:32:17] ============================================================

[20:32:17] SUCCESS: SUCCEEDED (4):
[20:32:17] SUCCESS:   [OK] Verify Toolchain
[20:32:17] SUCCESS:   [OK] Security Checks (audit & deny)
[20:32:17] SUCCESS:   [OK] Format Check
[20:32:17] SUCCESS:   [OK] Linting (cargo clippy)

[20:32:17] ERROR: FAILED (1):
[20:32:17] ERROR:   [X] Unit Tests
[20:32:17] ERROR:       Error: Command failed with exit code 101: cargo test --all --verbose

[20:32:17] Total: 5 steps, 4 succeeded, 1 failed (80% success rate)

[20:32:17] ============================================================
[20:32:17] ERROR: === ERROR DETAILS ===
[20:32:17] ============================================================

[20:32:17] ERROR: [1/1] Unit Tests
[20:32:17] ERROR:     Command failed with exit code 101: cargo test --all --verbose

[20:32:17] Full log available at: C:\workspace\logs\windows\build-windows-20260328-193448.log
[20:32:17] WARNING: Pipeline completed with errors!
[20:32:18] Machine-readable summary available at: C:\workspace\logs\windows\build-summary-20260328-193448.json
